/* gui/icons/icon_data.h — Embedded .dxi icon data for all built-in apps.
 * Generated at build time. Do not edit by hand.
 * Each entry is the raw .dxi file bytes (header + BGRA pixels).
 */
#ifndef ICON_DATA_H
#define ICON_DATA_H
#include "../../kernel/types.h"

typedef struct {
    const char    *app_name;   /* matches appman registry name */
    const char    *dxi_name;   /* e.g. "terminal.dxi" */
    const uint8_t *data;       /* raw .dxi bytes */
    uint32_t       size;       /* byte count */
} builtin_icon_t;

static const uint8_t icon_data_terminal[] = {
    0x44,0x52,0x43,0x4F,0x20,0x00,0x20,0x00,0x20,0x00,0x00,0x00,0x00,0x00,0x00,0x00,
    0x00,0x00,0x00,0x00,0x00,0x00,0x00,0x00,0x00,0x00,0x00,0x00,0x00,0x00,0x00,0x00,
    0x00,0x00,0x00,0x00,0x00,0x00,0x00,0x00,0x00,0x00,0x00,0x00,0x00,0x00,0x00,0x00,
    0x00,0x00,0x00,0x00,0x00,0x00,0x00,0x00,0x00,0x00,0x00,0x00,0x00,0x00,0x00,0x00,
    0x00,0x00,0x00,0x00,0x00,0x00,0x00,0x00,0x00,0x00,0x00,0x00,0x00,0x00,0x00,0x00,
    0x00,0x00,0x00,0x00,0x00,0x00,0x00,0x00,0x00,0x00,0x00,0x00,0x00,0x00,0x00,0x00,
    0x00,0x00,0x00,0x00,0x00,0x00,0x00,0x00,0x00,0x00,0x00,0x00,0x00,0x00,0x00,0x00,
    0x00,0x00,0x00,0x00,0x00,0x00,0x00,0x00,0x00,0x00,0x00,0x00,0x00,0x00,0x00,0x00,
    0x00,0x00,0x00,0x00,0x00,0x00,0x00,0x00,0x00,0x00,0x00,0x00,0x00,0x00,0x00,0x00,
    0x00,0x00,0x00,0x00,0x00,0x00,0x00,0x00,0x00,0x00,0x00,0x00,0x00,0x00,0x00,0x00,
    0x00,0x00,0x00,0x00,0x00,0x00,0x00,0x00,0x00,0x00,0x00,0x00,0x00,0x00,0x00,0x00,
    0x00,0x00,0x00,0x00,0x00,0x00,0x00,0x00,0x00,0x00,0x00,0x00,0x00,0x00,0x00,0x00,
    0x00,0x00,0x00,0x00,0x00,0x00,0x00,0x00,0x00,0x00,0x00,0x00,0x00,0x00,0x00,0x00,
    0x00,0x00,0x00,0x00,0x00,0x00,0x00,0x00,0x00,0x00,0x00,0x00,0x00,0x00,0x00,0x00,
    0x00,0x00,0x00,0x00,0x00,0x00,0x00,0x00,0x00,0x00,0x00,0x00,0x00,0x00,0x00,0x00,
    0x00,0x00,0x00,0x00,0x00,0x00,0x00,0x00,0x00,0x00,0x00,0x00,0x00,0x00,0x00,0x00,
    0x00,0x00,0x00,0x00,0x00,0x00,0x00,0x00,0x00,0x00,0x00,0x00,0x00,0x00,0x00,0x00,
    0x00,0x00,0x00,0x00,0x00,0x00,0x00,0x00,0x00,0x00,0x00,0x00,0x00,0x00,0x00,0x00,
    0x00,0x00,0x00,0x00,0x00,0x00,0x00,0x00,0x00,0x00,0x00,0x00,0x00,0x00,0x00,0x00,
    0x00,0x00,0x00,0x00,0x00,0x00,0x00,0x00,0x00,0x00,0x00,0x00,0x00,0x00,0x00,0x00,
    0x00,0x00,0x00,0x00,0x00,0x00,0x00,0x00,0x00,0x00,0x00,0x00,0x00,0x00,0x00,0x00,
    0x00,0x00,0x00,0x00,0x00,0x00,0x00,0x00,0x00,0x00,0x00,0x00,0x00,0x00,0x00,0x00,
    0x00,0x00,0x00,0x00,0x00,0x00,0x00,0x00,0x00,0x00,0x00,0x00,0x00,0x00,0x00,0x00,
    0x00,0x00,0x00,0x00,0x00,0x00,0x00,0x00,0x00,0x00,0x00,0x00,0x00,0x00,0x00,0x00,
    0x00,0x00,0x00,0x00,0x00,0x00,0x00,0x00,0x00,0x00,0x00,0x00,0x00,0x00,0x00,0x00,
    0x00,0x00,0x00,0x00,0x00,0x00,0x00,0x00,0x00,0x00,0x00,0x00,0x00,0x00,0x00,0x00,
    0x00,0x00,0x00,0x00,0x00,0x00,0x00,0x00,0x00,0x00,0x00,0x00,0x00,0x00,0x00,0x00,
    0x00,0x00,0x00,0x00,0x00,0x00,0x00,0x00,0x00,0x00,0x00,0x00,0x9C,0x25,0x8C,0xFF,
    0x9C,0x25,0x8C,0xFF,0x9C,0x25,0x8C,0xFF,0x9C,0x25,0x8C,0xFF,0x9C,0x25,0x8C,0xFF,
    0x9C,0x25,0x8C,0xFF,0x9C,0x25,0x8C,0xFF,0x9C,0x25,0x8C,0xFF,0x9C,0x25,0x8C,0xFF,
    0x9C,0x25,0x8C,0xFF,0x9C,0x25,0x8C,0xFF,0x00,0x00,0x00,0x00,0x00,0x00,0x00,0x00,
    0x00,0x00,0x00,0x00,0x00,0x00,0x00,0x00,0x00,0x00,0x00,0x00,0x00,0x00,0x00,0x00,
    0x00,0x00,0x00,0x00,0x00,0x00,0x00,0x00,0x00,0x00,0x00,0x00,0x00,0x00,0x00,0x00,
    0x00,0x00,0x00,0x00,0x00,0x00,0x00,0x00,0x00,0x00,0x00,0x00,0x00,0x00,0x00,0x00,
    0x00,0x00,0x00,0x00,0x00,0x00,0x00,0x00,0x00,0x00,0x00,0x00,0x00,0x00,0x00,0x00,
    0x00,0x00,0x00,0x00,0x9C,0x25,0x8C,0xFF,0x9C,0x25,0x8C,0xFF,0x9C,0x25,0x8C,0xFF,
    0x3A,0x0A,0x1A,0xFF,0x3A,0x0A,0x1A,0xFF,0x3A,0x0A,0x1A,0xFF,0x3A,0x0A,0x1A,0xFF,
    0x3A,0x0A,0x1A,0xFF,0x3A,0x0A,0x1A,0xFF,0x3A,0x0A,0x1A,0xFF,0x3A,0x0A,0x1A,0xFF,
    0x3A,0x0A,0x1A,0xFF,0x9C,0x25,0x8C,0xFF,0x9C,0x25,0x8C,0xFF,0x9C,0x25,0x8C,0xFF,
    0x00,0x00,0x00,0x00,0x00,0x00,0x00,0x00,0x00,0x00,0x00,0x00,0x00,0x00,0x00,0x00,
    0x00,0x00,0x00,0x00,0x00,0x00,0x00,0x00,0x00,0x00,0x00,0x00,0x00,0x00,0x00,0x00,
    0x00,0x00,0x00,0x00,0x00,0x00,0x00,0x00,0x00,0x00,0x00,0x00,0x00,0x00,0x00,0x00,
    0x00,0x00,0x00,0x00,0x00,0x00,0x00,0x00,0x00,0x00,0x00,0x00,0x00,0x00,0x00,0x00,
    0x9C,0x25,0x8C,0xFF,0x9C,0x25,0x8C,0xFF,0x3A,0x0A,0x1A,0xFF,0x3A,0x0A,0x1A,0xFF,
    0x3A,0x0A,0x1A,0xFF,0x3A,0x0A,0x1A,0xFF,0x3A,0x0A,0x1A,0xFF,0x3A,0x0A,0x1A,0xFF,
    0x3A,0x0A,0x1A,0xFF,0x3A,0x0A,0x1A,0xFF,0x3A,0x0A,0x1A,0xFF,0x3A,0x0A,0x1A,0xFF,
    0x3A,0x0A,0x1A,0xFF,0x3A,0x0A,0x1A,0xFF,0x3A,0x0A,0x1A,0xFF,0x9C,0x25,0x8C,0xFF,
    0x9C,0x25,0x8C,0xFF,0x00,0x00,0x00,0x00,0x00,0x00,0x00,0x00,0x00,0x00,0x00,0x00,
    0x00,0x00,0x00,0x00,0x00,0x00,0x00,0x00,0x00,0x00,0x00,0x00,0x00,0x00,0x00,0x00,
    0x00,0x00,0x00,0x00,0x00,0x00,0x00,0x00,0x00,0x00,0x00,0x00,0x00,0x00,0x00,0x00,
    0x00,0x00,0x00,0x00,0x00,0x00,0x00,0x00,0x00,0x00,0x00,0x00,0x9C,0x25,0x8C,0xFF,
    0x3A,0x0A,0x1A,0xFF,0x3A,0x0A,0x1A,0xFF,0x3A,0x0A,0x1A,0xFF,0x3A,0x0A,0x1A,0xFF,
    0x3A,0x0A,0x1A,0xFF,0x3A,0x0A,0x1A,0xFF,0x3A,0x0A,0x1A,0xFF,0x3A,0x0A,0x1A,0xFF,
    0x3A,0x0A,0x1A,0xFF,0x3A,0x0A,0x1A,0xFF,0x3A,0x0A,0x1A,0xFF,0x3A,0x0A,0x1A,0xFF,
    0x3A,0x0A,0x1A,0xFF,0x3A,0x0A,0x1A,0xFF,0x3A,0x0A,0x1A,0xFF,0x3A,0x0A,0x1A,0xFF,
    0x3A,0x0A,0x1A,0xFF,0x9C,0x25,0x8C,0xFF,0x00,0x00,0x00,0x00,0x00,0x00,0x00,0x00,
    0x00,0x00,0x00,0x00,0x00,0x00,0x00,0x00,0x00,0x00,0x00,0x00,0x00,0x00,0x00,0x00,
    0x00,0x00,0x00,0x00,0x00,0x00,0x00,0x00,0x00,0x00,0x00,0x00,0x00,0x00,0x00,0x00,
    0x00,0x00,0x00,0x00,0x00,0x00,0x00,0x00,0x9C,0x25,0x8C,0xFF,0x3A,0x0A,0x1A,0xFF,
    0x3A,0x0A,0x1A,0xFF,0x3A,0x0A,0x1A,0xFF,0x3A,0x0A,0x1A,0xFF,0x3A,0x0A,0x1A,0xFF,
    0x3A,0x0A,0x1A,0xFF,0x3A,0x0A,0x1A,0xFF,0x3A,0x0A,0x1A,0xFF,0x3A,0x0A,0x1A,0xFF,
    0x3A,0x0A,0x1A,0xFF,0x3A,0x0A,0x1A,0xFF,0x3A,0x0A,0x1A,0xFF,0x3A,0x0A,0x1A,0xFF,
    0x3A,0x0A,0x1A,0xFF,0x3A,0x0A,0x1A,0xFF,0x3A,0x0A,0x1A,0xFF,0x3A,0x0A,0x1A,0xFF,
    0x3A,0x0A,0x1A,0xFF,0x3A,0x0A,0x1A,0xFF,0x9C,0x25,0x8C,0xFF,0x00,0x00,0x00,0x00,
    0x00,0x00,0x00,0x00,0x00,0x00,0x00,0x00,0x00,0x00,0x00,0x00,0x00,0x00,0x00,0x00,
    0x00,0x00,0x00,0x00,0x00,0x00,0x00,0x00,0x00,0x00,0x00,0x00,0x00,0x00,0x00,0x00,
    0x00,0x00,0x00,0x00,0x9C,0x25,0x8C,0xFF,0x3A,0x0A,0x1A,0xFF,0x3A,0x0A,0x1A,0xFF,
    0x3A,0x0A,0x1A,0xFF,0x3A,0x0A,0x1A,0xFF,0x3A,0x0A,0x1A,0xFF,0x3A,0x0A,0x1A,0xFF,
    0x3A,0x0A,0x1A,0xFF,0x3A,0x0A,0x1A,0xFF,0x3A,0x0A,0x1A,0xFF,0x3A,0x0A,0x1A,0xFF,
    0x3A,0x0A,0x1A,0xFF,0x3A,0x0A,0x1A,0xFF,0x3A,0x0A,0x1A,0xFF,0x3A,0x0A,0x1A,0xFF,
    0x3A,0x0A,0x1A,0xFF,0x3A,0x0A,0x1A,0xFF,0x3A,0x0A,0x1A,0xFF,0x3A,0x0A,0x1A,0xFF,
    0x3A,0x0A,0x1A,0xFF,0x3A,0x0A,0x1A,0xFF,0x3A,0x0A,0x1A,0xFF,0x9C,0x25,0x8C,0xFF,
    0x00,0x00,0x00,0x00,0x00,0x00,0x00,0x00,0x00,0x00,0x00,0x00,0x00,0x00,0x00,0x00,
    0x00,0x00,0x00,0x00,0x00,0x00,0x00,0x00,0x00,0x00,0x00,0x00,0x00,0x00,0x00,0x00,
    0x9C,0x25,0x8C,0xFF,0x9C,0x25,0x8C,0xFF,0x3A,0x0A,0x1A,0xFF,0x3A,0x0A,0x1A,0xFF,
    0x3A,0x0A,0x1A,0xFF,0x3A,0x0A,0x1A,0xFF,0x3A,0x0A,0x1A,0xFF,0x3A,0x0A,0x1A,0xFF,
    0x3A,0x0A,0x1A,0xFF,0x3A,0x0A,0x1A,0xFF,0x3A,0x0A,0x1A,0xFF,0x3A,0x0A,0x1A,0xFF,
    0x3A,0x0A,0x1A,0xFF,0x3A,0x0A,0x1A,0xFF,0x3A,0x0A,0x1A,0xFF,0x3A,0x0A,0x1A,0xFF,
    0x3A,0x0A,0x1A,0xFF,0x3A,0x0A,0x1A,0xFF,0x3A,0x0A,0x1A,0xFF,0x3A,0x0A,0x1A,0xFF,
    0x3A,0x0A,0x1A,0xFF,0x3A,0x0A,0x1A,0xFF,0x3A,0x0A,0x1A,0xFF,0x9C,0x25,0x8C,0xFF,
    0x9C,0x25,0x8C,0xFF,0x00,0x00,0x00,0x00,0x00,0x00,0x00,0x00,0x00,0x00,0x00,0x00,
    0x00,0x00,0x00,0x00,0x00,0x00,0x00,0x00,0x00,0x00,0x00,0x00,0x00,0x00,0x00,0x00,
    0x9C,0x25,0x8C,0xFF,0x3A,0x0A,0x1A,0xFF,0x3A,0x0A,0x1A,0xFF,0x3A,0x0A,0x1A,0xFF,
    0x3A,0x0A,0x1A,0xFF,0x3A,0x0A,0x1A,0xFF,0x3A,0x0A,0x1A,0xFF,0x3A,0x0A,0x1A,0xFF,
    0x3A,0x0A,0x1A,0xFF,0x3A,0x0A,0x1A,0xFF,0x3A,0x0A,0x1A,0xFF,0x3A,0x0A,0x1A,0xFF,
    0x3A,0x0A,0x1A,0xFF,0x3A,0x0A,0x1A,0xFF,0x3A,0x0A,0x1A,0xFF,0x3A,0x0A,0x1A,0xFF,
    0x3A,0x0A,0x1A,0xFF,0x3A,0x0A,0x1A,0xFF,0x3A,0x0A,0x1A,0xFF,0x3A,0x0A,0x1A,0xFF,
    0x3A,0x0A,0x1A,0xFF,0x3A,0x0A,0x1A,0xFF,0x3A,0x0A,0x1A,0xFF,0x3A,0x0A,0x1A,0xFF,
    0x9C,0x25,0x8C,0xFF,0x00,0x00,0x00,0x00,0x00,0x00,0x00,0x00,0x00,0x00,0x00,0x00,
    0x00,0x00,0x00,0x00,0x00,0x00,0x00,0x00,0x00,0x00,0x00,0x00,0x9C,0x25,0x8C,0xFF,
    0x9C,0x25,0x8C,0xFF,0x3A,0x0A,0x1A,0xFF,0x3A,0x0A,0x1A,0xFF,0x3A,0x0A,0x1A,0xFF,
    0x3A,0x0A,0x1A,0xFF,0x3A,0x0A,0x1A,0xFF,0x3A,0x0A,0x1A,0xFF,0x3A,0x0A,0x1A,0xFF,
    0x3A,0x0A,0x1A,0xFF,0x3A,0x0A,0x1A,0xFF,0x3A,0x0A,0x1A,0xFF,0x3A,0x0A,0x1A,0xFF,
    0x3A,0x0A,0x1A,0xFF,0x3A,0x0A,0x1A,0xFF,0x3A,0x0A,0x1A,0xFF,0x3A,0x0A,0x1A,0xFF,
    0x3A,0x0A,0x1A,0xFF,0x3A,0x0A,0x1A,0xFF,0x3A,0x0A,0x1A,0xFF,0x3A,0x0A,0x1A,0xFF,
    0x3A,0x0A,0x1A,0xFF,0x3A,0x0A,0x1A,0xFF,0x3A,0x0A,0x1A,0xFF,0x3A,0x0A,0x1A,0xFF,
    0x9C,0x25,0x8C,0xFF,0x9C,0x25,0x8C,0xFF,0x00,0x00,0x00,0x00,0x00,0x00,0x00,0x00,
    0x00,0x00,0x00,0x00,0x00,0x00,0x00,0x00,0x00,0x00,0x00,0x00,0x9C,0x25,0x8C,0xFF,
    0x3A,0x0A,0x1A,0xFF,0x3A,0x0A,0x1A,0xFF,0x3A,0x0A,0x1A,0xFF,0x3A,0x0A,0x1A,0xFF,
    0x3A,0x0A,0x1A,0xFF,0x3A,0x0A,0x1A,0xFF,0x3A,0x0A,0x1A,0xFF,0x3A,0x0A,0x1A,0xFF,
    0x3A,0x0A,0x1A,0xFF,0x3A,0x0A,0x1A,0xFF,0x3A,0x0A,0x1A,0xFF,0x3A,0x0A,0x1A,0xFF,
    0x3A,0x0A,0x1A,0xFF,0x3A,0x0A,0x1A,0xFF,0x3A,0x0A,0x1A,0xFF,0x3A,0x0A,0x1A,0xFF,
    0x3A,0x0A,0x1A,0xFF,0x3A,0x0A,0x1A,0xFF,0x3A,0x0A,0x1A,0xFF,0x3A,0x0A,0x1A,0xFF,
    0x3A,0x0A,0x1A,0xFF,0x3A,0x0A,0x1A,0xFF,0x3A,0x0A,0x1A,0xFF,0x3A,0x0A,0x1A,0xFF,
    0x3A,0x0A,0x1A,0xFF,0x9C,0x25,0x8C,0xFF,0x00,0x00,0x00,0x00,0x00,0x00,0x00,0x00,
    0x00,0x00,0x00,0x00,0x00,0x00,0x00,0x00,0x00,0x00,0x00,0x00,0x9C,0x25,0x8C,0xFF,
    0x3A,0x0A,0x1A,0xFF,0x3A,0x0A,0x1A,0xFF,0x3A,0x0A,0x1A,0xFF,0x3A,0x0A,0x1A,0xFF,
    0x3A,0x0A,0x1A,0xFF,0x3A,0x0A,0x1A,0xFF,0x3A,0x0A,0x1A,0xFF,0x3A,0x0A,0x1A,0xFF,
    0x3A,0x0A,0x1A,0xFF,0x3A,0x0A,0x1A,0xFF,0x3A,0x0A,0x1A,0xFF,0x3A,0x0A,0x1A,0xFF,
    0x3A,0x0A,0x1A,0xFF,0x3A,0x0A,0x1A,0xFF,0x3A,0x0A,0x1A,0xFF,0x3A,0x0A,0x1A,0xFF,
    0x3A,0x0A,0x1A,0xFF,0x3A,0x0A,0x1A,0xFF,0x3A,0x0A,0x1A,0xFF,0x3A,0x0A,0x1A,0xFF,
    0x3A,0x0A,0x1A,0xFF,0x3A,0x0A,0x1A,0xFF,0x3A,0x0A,0x1A,0xFF,0x3A,0x0A,0x1A,0xFF,
    0x3A,0x0A,0x1A,0xFF,0x9C,0x25,0x8C,0xFF,0x00,0x00,0x00,0x00,0x00,0x00,0x00,0x00,
    0x00,0x00,0x00,0x00,0x00,0x00,0x00,0x00,0x00,0x00,0x00,0x00,0x9C,0x25,0x8C,0xFF,
    0x3A,0x0A,0x1A,0xFF,0x3A,0x0A,0x1A,0xFF,0x3A,0x0A,0x1A,0xFF,0x3A,0x0A,0x1A,0xFF,
    0x3A,0x0A,0x1A,0xFF,0x3A,0x0A,0x1A,0xFF,0x3A,0x0A,0x1A,0xFF,0x3A,0x0A,0x1A,0xFF,
    0x3A,0x0A,0x1A,0xFF,0x3A,0x0A,0x1A,0xFF,0x3A,0x0A,0x1A,0xFF,0x3A,0x0A,0x1A,0xFF,
    0x3A,0x0A,0x1A,0xFF,0x3A,0x0A,0x1A,0xFF,0x3A,0x0A,0x1A,0xFF,0x3A,0x0A,0x1A,0xFF,
    0x3A,0x0A,0x1A,0xFF,0x3A,0x0A,0x1A,0xFF,0x3A,0x0A,0x1A,0xFF,0x3A,0x0A,0x1A,0xFF,
    0x3A,0x0A,0x1A,0xFF,0x3A,0x0A,0x1A,0xFF,0x3A,0x0A,0x1A,0xFF,0x3A,0x0A,0x1A,0xFF,
    0x3A,0x0A,0x1A,0xFF,0x9C,0x25,0x8C,0xFF,0x00,0x00,0x00,0x00,0x00,0x00,0x00,0x00,
    0x00,0x00,0x00,0x00,0x00,0x00,0x00,0x00,0x00,0x00,0x00,0x00,0x9C,0x25,0x8C,0xFF,
    0x3A,0x0A,0x1A,0xFF,0x3A,0x0A,0x1A,0xFF,0x3A,0x0A,0x1A,0xFF,0x3A,0x0A,0x1A,0xFF,
    0x3A,0x0A,0x1A,0xFF,0x3A,0x0A,0x1A,0xFF,0x3A,0x0A,0x1A,0xFF,0x3A,0x0A,0x1A,0xFF,
    0x3A,0x0A,0x1A,0xFF,0x3A,0x0A,0x1A,0xFF,0x3A,0x0A,0x1A,0xFF,0x3A,0x0A,0x1A,0xFF,
    0x3A,0x0A,0x1A,0xFF,0x3A,0x0A,0x1A,0xFF,0x3A,0x0A,0x1A,0xFF,0x3A,0x0A,0x1A,0xFF,
    0x3A,0x0A,0x1A,0xFF,0x3A,0x0A,0x1A,0xFF,0x3A,0x0A,0x1A,0xFF,0x3A,0x0A,0x1A,0xFF,
    0x3A,0x0A,0x1A,0xFF,0x3A,0x0A,0x1A,0xFF,0x3A,0x0A,0x1A,0xFF,0x3A,0x0A,0x1A,0xFF,
    0x3A,0x0A,0x1A,0xFF,0x9C,0x25,0x8C,0xFF,0x00,0x00,0x00,0x00,0x00,0x00,0x00,0x00,
    0x00,0x00,0x00,0x00,0x00,0x00,0x00,0x00,0x00,0x00,0x00,0x00,0x9C,0x25,0x8C,0xFF,
    0x3A,0x0A,0x1A,0xFF,0x3A,0x0A,0x1A,0xFF,0x3A,0x0A,0x1A,0xFF,0x3A,0x0A,0x1A,0xFF,
    0x3A,0x0A,0x1A,0xFF,0x3A,0x0A,0x1A,0xFF,0x3A,0x0A,0x1A,0xFF,0x3A,0x0A,0x1A,0xFF,
    0x3A,0x0A,0x1A,0xFF,0x3A,0x0A,0x1A,0xFF,0x3A,0x0A,0x1A,0xFF,0x3A,0x0A,0x1A,0xFF,
    0x3A,0x0A,0x1A,0xFF,0x3A,0x0A,0x1A,0xFF,0x3A,0x0A,0x1A,0xFF,0x3A,0x0A,0x1A,0xFF,
    0x3A,0x0A,0x1A,0xFF,0x3A,0x0A,0x1A,0xFF,0x3A,0x0A,0x1A,0xFF,0x3A,0x0A,0x1A,0xFF,
    0x3A,0x0A,0x1A,0xFF,0x3A,0x0A,0x1A,0xFF,0x3A,0x0A,0x1A,0xFF,0x3A,0x0A,0x1A,0xFF,
    0x3A,0x0A,0x1A,0xFF,0x9C,0x25,0x8C,0xFF,0x00,0x00,0x00,0x00,0x00,0x00,0x00,0x00,
    0x00,0x00,0x00,0x00,0x00,0x00,0x00,0x00,0x00,0x00,0x00,0x00,0x9C,0x25,0x8C,0xFF,
    0x3A,0x0A,0x1A,0xFF,0x3A,0x0A,0x1A,0xFF,0x3A,0x0A,0x1A,0xFF,0x3A,0x0A,0x1A,0xFF,
    0x3A,0x0A,0x1A,0xFF,0x3A,0x0A,0x1A,0xFF,0x3A,0x0A,0x1A,0xFF,0x3A,0x0A,0x1A,0xFF,
    0x3A,0x0A,0x1A,0xFF,0x3A,0x0A,0x1A,0xFF,0x3A,0x0A,0x1A,0xFF,0x3A,0x0A,0x1A,0xFF,
    0x3A,0x0A,0x1A,0xFF,0x3A,0x0A,0x1A,0xFF,0x3A,0x0A,0x1A,0xFF,0x3A,0x0A,0x1A,0xFF,
    0x3A,0x0A,0x1A,0xFF,0x3A,0x0A,0x1A,0xFF,0x3A,0x0A,0x1A,0xFF,0x3A,0x0A,0x1A,0xFF,
    0x3A,0x0A,0x1A,0xFF,0x3A,0x0A,0x1A,0xFF,0x3A,0x0A,0x1A,0xFF,0x3A,0x0A,0x1A,0xFF,
    0x3A,0x0A,0x1A,0xFF,0x9C,0x25,0x8C,0xFF,0x00,0x00,0x00,0x00,0x00,0x00,0x00,0x00,
    0x00,0x00,0x00,0x00,0x00,0x00,0x00,0x00,0x00,0x00,0x00,0x00,0x9C,0x25,0x8C,0xFF,
    0x3A,0x0A,0x1A,0xFF,0x3A,0x0A,0x1A,0xFF,0x3A,0x0A,0x1A,0xFF,0x3A,0x0A,0x1A,0xFF,
    0x3A,0x0A,0x1A,0xFF,0x3A,0x0A,0x1A,0xFF,0x3A,0x0A,0x1A,0xFF,0x3A,0x0A,0x1A,0xFF,
    0x3A,0x0A,0x1A,0xFF,0x3A,0x0A,0x1A,0xFF,0x3A,0x0A,0x1A,0xFF,0x3A,0x0A,0x1A,0xFF,
    0x3A,0x0A,0x1A,0xFF,0x3A,0x0A,0x1A,0xFF,0x3A,0x0A,0x1A,0xFF,0x3A,0x0A,0x1A,0xFF,
    0x3A,0x0A,0x1A,0xFF,0x3A,0x0A,0x1A,0xFF,0x3A,0x0A,0x1A,0xFF,0x3A,0x0A,0x1A,0xFF,
    0x3A,0x0A,0x1A,0xFF,0x3A,0x0A,0x1A,0xFF,0x3A,0x0A,0x1A,0xFF,0x3A,0x0A,0x1A,0xFF,
    0x3A,0x0A,0x1A,0xFF,0x9C,0x25,0x8C,0xFF,0x00,0x00,0x00,0x00,0x00,0x00,0x00,0x00,
    0x00,0x00,0x00,0x00,0x00,0x00,0x00,0x00,0x00,0x00,0x00,0x00,0x9C,0x25,0x8C,0xFF,
    0x3A,0x0A,0x1A,0xFF,0x3A,0x0A,0x1A,0xFF,0x3A,0x0A,0x1A,0xFF,0x3A,0x0A,0x1A,0xFF,
    0x3A,0x0A,0x1A,0xFF,0x3A,0x0A,0x1A,0xFF,0x3A,0x0A,0x1A,0xFF,0x3A,0x0A,0x1A,0xFF,
    0x3A,0x0A,0x1A,0xFF,0x3A,0x0A,0x1A,0xFF,0x3A,0x0A,0x1A,0xFF,0x3A,0x0A,0x1A,0xFF,
    0x3A,0x0A,0x1A,0xFF,0x3A,0x0A,0x1A,0xFF,0x3A,0x0A,0x1A,0xFF,0x3A,0x0A,0x1A,0xFF,
    0x3A,0x0A,0x1A,0xFF,0x3A,0x0A,0x1A,0xFF,0x3A,0x0A,0x1A,0xFF,0x3A,0x0A,0x1A,0xFF,
    0x3A,0x0A,0x1A,0xFF,0x3A,0x0A,0x1A,0xFF,0x3A,0x0A,0x1A,0xFF,0x3A,0x0A,0x1A,0xFF,
    0x3A,0x0A,0x1A,0xFF,0x9C,0x25,0x8C,0xFF,0x00,0x00,0x00,0x00,0x00,0x00,0x00,0x00,
    0x00,0x00,0x00,0x00,0x00,0x00,0x00,0x00,0x00,0x00,0x00,0x00,0x9C,0x25,0x8C,0xFF,
    0x3A,0x0A,0x1A,0xFF,0x3A,0x0A,0x1A,0xFF,0x3A,0x0A,0x1A,0xFF,0x3A,0x0A,0x1A,0xFF,
    0x3A,0x0A,0x1A,0xFF,0x3A,0x0A,0x1A,0xFF,0x3A,0x0A,0x1A,0xFF,0x3A,0x0A,0x1A,0xFF,
    0x3A,0x0A,0x1A,0xFF,0x3A,0x0A,0x1A,0xFF,0x3A,0x0A,0x1A,0xFF,0x3A,0x0A,0x1A,0xFF,
    0x3A,0x0A,0x1A,0xFF,0x3A,0x0A,0x1A,0xFF,0x3A,0x0A,0x1A,0xFF,0x3A,0x0A,0x1A,0xFF,
    0x3A,0x0A,0x1A,0xFF,0x3A,0x0A,0x1A,0xFF,0x3A,0x0A,0x1A,0xFF,0x3A,0x0A,0x1A,0xFF,
    0x3A,0x0A,0x1A,0xFF,0x3A,0x0A,0x1A,0xFF,0x3A,0x0A,0x1A,0xFF,0x3A,0x0A,0x1A,0xFF,
    0x3A,0x0A,0x1A,0xFF,0x9C,0x25,0x8C,0xFF,0x00,0x00,0x00,0x00,0x00,0x00,0x00,0x00,
    0x00,0x00,0x00,0x00,0x00,0x00,0x00,0x00,0x00,0x00,0x00,0x00,0x9C,0x25,0x8C,0xFF,
    0x9C,0x25,0x8C,0xFF,0x3A,0x0A,0x1A,0xFF,0x3A,0x0A,0x1A,0xFF,0x3A,0x0A,0x1A,0xFF,
    0x3A,0x0A,0x1A,0xFF,0x3A,0x0A,0x1A,0xFF,0x3A,0x0A,0x1A,0xFF,0x3A,0x0A,0x1A,0xFF,
    0x3A,0x0A,0x1A,0xFF,0x3A,0x0A,0x1A,0xFF,0x3A,0x0A,0x1A,0xFF,0x3A,0x0A,0x1A,0xFF,
    0x3A,0x0A,0x1A,0xFF,0x3A,0x0A,0x1A,0xFF,0x3A,0x0A,0x1A,0xFF,0x3A,0x0A,0x1A,0xFF,
    0x3A,0x0A,0x1A,0xFF,0x3A,0x0A,0x1A,0xFF,0x3A,0x0A,0x1A,0xFF,0x3A,0x0A,0x1A,0xFF,
    0x3A,0x0A,0x1A,0xFF,0x3A,0x0A,0x1A,0xFF,0x3A,0x0A,0x1A,0xFF,0x3A,0x0A,0x1A,0xFF,
    0x9C,0x25,0x8C,0xFF,0x9C,0x25,0x8C,0xFF,0x00,0x00,0x00,0x00,0x00,0x00,0x00,0x00,
    0x00,0x00,0x00,0x00,0x00,0x00,0x00,0x00,0x00,0x00,0x00,0x00,0x00,0x00,0x00,0x00,
    0x9C,0x25,0x8C,0xFF,0x3A,0x0A,0x1A,0xFF,0x3A,0x0A,0x1A,0xFF,0x3A,0x0A,0x1A,0xFF,
    0x3A,0x0A,0x1A,0xFF,0x3A,0x0A,0x1A,0xFF,0x3A,0x0A,0x1A,0xFF,0x3A,0x0A,0x1A,0xFF,
    0x3A,0x0A,0x1A,0xFF,0x3A,0x0A,0x1A,0xFF,0x3A,0x0A,0x1A,0xFF,0x3A,0x0A,0x1A,0xFF,
    0x3A,0x0A,0x1A,0xFF,0x3A,0x0A,0x1A,0xFF,0x3A,0x0A,0x1A,0xFF,0x3A,0x0A,0x1A,0xFF,
    0x3A,0x0A,0x1A,0xFF,0x3A,0x0A,0x1A,0xFF,0x3A,0x0A,0x1A,0xFF,0x3A,0x0A,0x1A,0xFF,
    0x3A,0x0A,0x1A,0xFF,0x3A,0x0A,0x1A,0xFF,0x3A,0x0A,0x1A,0xFF,0x3A,0x0A,0x1A,0xFF,
    0x9C,0x25,0x8C,0xFF,0x00,0x00,0x00,0x00,0x00,0x00,0x00,0x00,0x00,0x00,0x00,0x00,
    0x00,0x00,0x00,0x00,0x00,0x00,0x00,0x00,0x00,0x00,0x00,0x00,0x00,0x00,0x00,0x00,
    0x9C,0x25,0x8C,0xFF,0x9C,0x25,0x8C,0xFF,0x3A,0x0A,0x1A,0xFF,0x3A,0x0A,0x1A,0xFF,
    0x3A,0x0A,0x1A,0xFF,0x3A,0x0A,0x1A,0xFF,0x3A,0x0A,0x1A,0xFF,0x3A,0x0A,0x1A,0xFF,
    0x3A,0x0A,0x1A,0xFF,0x3A,0x0A,0x1A,0xFF,0x3A,0x0A,0x1A,0xFF,0x3A,0x0A,0x1A,0xFF,
    0x3A,0x0A,0x1A,0xFF,0x3A,0x0A,0x1A,0xFF,0x3A,0x0A,0x1A,0xFF,0x3A,0x0A,0x1A,0xFF,
    0x3A,0x0A,0x1A,0xFF,0x3A,0x0A,0x1A,0xFF,0x3A,0x0A,0x1A,0xFF,0x3A,0x0A,0x1A,0xFF,
    0x3A,0x0A,0x1A,0xFF,0x3A,0x0A,0x1A,0xFF,0x3A,0x0A,0x1A,0xFF,0x9C,0x25,0x8C,0xFF,
    0x9C,0x25,0x8C,0xFF,0x00,0x00,0x00,0x00,0x00,0x00,0x00,0x00,0x00,0x00,0x00,0x00,
    0x00,0x00,0x00,0x00,0x00,0x00,0x00,0x00,0x00,0x00,0x00,0x00,0x00,0x00,0x00,0x00,
    0x00,0x00,0x00,0x00,0x9C,0x25,0x8C,0xFF,0x3A,0x0A,0x1A,0xFF,0x3A,0x0A,0x1A,0xFF,
    0x3A,0x0A,0x1A,0xFF,0x3A,0x0A,0x1A,0xFF,0x3A,0x0A,0x1A,0xFF,0x3A,0x0A,0x1A,0xFF,
    0x3A,0x0A,0x1A,0xFF,0x3A,0x0A,0x1A,0xFF,0x3A,0x0A,0x1A,0xFF,0x3A,0x0A,0x1A,0xFF,
    0x3A,0x0A,0x1A,0xFF,0x3A,0x0A,0x1A,0xFF,0x3A,0x0A,0x1A,0xFF,0x3A,0x0A,0x1A,0xFF,
    0x3A,0x0A,0x1A,0xFF,0x3A,0x0A,0x1A,0xFF,0x3A,0x0A,0x1A,0xFF,0x3A,0x0A,0x1A,0xFF,
    0x3A,0x0A,0x1A,0xFF,0x3A,0x0A,0x1A,0xFF,0x3A,0x0A,0x1A,0xFF,0x9C,0x25,0x8C,0xFF,
    0x00,0x00,0x00,0x00,0x00,0x00,0x00,0x00,0x00,0x00,0x00,0x00,0x00,0x00,0x00,0x00,
    0x00,0x00,0x00,0x00,0x00,0x00,0x00,0x00,0x00,0x00,0x00,0x00,0x00,0x00,0x00,0x00,
    0x00,0x00,0x00,0x00,0x00,0x00,0x00,0x00,0x9C,0x25,0x8C,0xFF,0x3A,0x0A,0x1A,0xFF,
    0x3A,0x0A,0x1A,0xFF,0x3A,0x0A,0x1A,0xFF,0x3A,0x0A,0x1A,0xFF,0x3A,0x0A,0x1A,0xFF,
    0x3A,0x0A,0x1A,0xFF,0x3A,0x0A,0x1A,0xFF,0x3A,0x0A,0x1A,0xFF,0x3A,0x0A,0x1A,0xFF,
    0x3A,0x0A,0x1A,0xFF,0x3A,0x0A,0x1A,0xFF,0x3A,0x0A,0x1A,0xFF,0x3A,0x0A,0x1A,0xFF,
    0x3A,0x0A,0x1A,0xFF,0x3A,0x0A,0x1A,0xFF,0x3A,0x0A,0x1A,0xFF,0x3A,0x0A,0x1A,0xFF,
    0x3A,0x0A,0x1A,0xFF,0x3A,0x0A,0x1A,0xFF,0x9C,0x25,0x8C,0xFF,0x00,0x00,0x00,0x00,
    0x00,0x00,0x00,0x00,0x00,0x00,0x00,0x00,0x00,0x00,0x00,0x00,0x00,0x00,0x00,0x00,
    0x00,0x00,0x00,0x00,0x00,0x00,0x00,0x00,0x00,0x00,0x00,0x00,0x00,0x00,0x00,0x00,
    0x00,0x00,0x00,0x00,0x00,0x00,0x00,0x00,0x00,0x00,0x00,0x00,0x9C,0x25,0x8C,0xFF,
    0x3A,0x0A,0x1A,0xFF,0x3A,0x0A,0x1A,0xFF,0x3A,0x0A,0x1A,0xFF,0x3A,0x0A,0x1A,0xFF,
    0x3A,0x0A,0x1A,0xFF,0x3A,0x0A,0x1A,0xFF,0x3A,0x0A,0x1A,0xFF,0x3A,0x0A,0x1A,0xFF,
    0x3A,0x0A,0x1A,0xFF,0x3A,0x0A,0x1A,0xFF,0x3A,0x0A,0x1A,0xFF,0x3A,0x0A,0x1A,0xFF,
    0x3A,0x0A,0x1A,0xFF,0x3A,0x0A,0x1A,0xFF,0x3A,0x0A,0x1A,0xFF,0x3A,0x0A,0x1A,0xFF,
    0x3A,0x0A,0x1A,0xFF,0x9C,0x25,0x8C,0xFF,0x00,0x00,0x00,0x00,0x00,0x00,0x00,0x00,
    0x00,0x00,0x00,0x00,0x00,0x00,0x00,0x00,0x00,0x00,0x00,0x00,0x00,0x00,0x00,0x00,
    0x00,0x00,0x00,0x00,0x00,0x00,0x00,0x00,0x00,0x00,0x00,0x00,0x00,0x00,0x00,0x00,
    0x00,0x00,0x00,0x00,0x00,0x00,0x00,0x00,0x00,0x00,0x00,0x00,0x00,0x00,0x00,0x00,
    0x9C,0x25,0x8C,0xFF,0x9C,0x25,0x8C,0xFF,0x3A,0x0A,0x1A,0xFF,0x3A,0x0A,0x1A,0xFF,
    0x3A,0x0A,0x1A,0xFF,0x3A,0x0A,0x1A,0xFF,0x3A,0x0A,0x1A,0xFF,0x3A,0x0A,0x1A,0xFF,
    0x3A,0x0A,0x1A,0xFF,0x3A,0x0A,0x1A,0xFF,0x3A,0x0A,0x1A,0xFF,0x3A,0x0A,0x1A,0xFF,
    0x3A,0x0A,0x1A,0xFF,0x3A,0x0A,0x1A,0xFF,0x3A,0x0A,0x1A,0xFF,0x9C,0x25,0x8C,0xFF,
    0x9C,0x25,0x8C,0xFF,0x00,0x00,0x00,0x00,0x00,0x00,0x00,0x00,0x00,0x00,0x00,0x00,
    0x00,0x00,0x00,0x00,0x00,0x00,0x00,0x00,0x00,0x00,0x00,0x00,0x00,0x00,0x00,0x00,
    0x00,0x00,0x00,0x00,0x00,0x00,0x00,0x00,0x00,0x00,0x00,0x00,0x00,0x00,0x00,0x00,
    0x00,0x00,0x00,0x00,0x00,0x00,0x00,0x00,0x00,0x00,0x00,0x00,0x00,0x00,0x00,0x00,
    0x00,0x00,0x00,0x00,0x9C,0x25,0x8C,0xFF,0x9C,0x25,0x8C,0xFF,0x9C,0x25,0x8C,0xFF,
    0x3A,0x0A,0x1A,0xFF,0x3A,0x0A,0x1A,0xFF,0x3A,0x0A,0x1A,0xFF,0x3A,0x0A,0x1A,0xFF,
    0x3A,0x0A,0x1A,0xFF,0x3A,0x0A,0x1A,0xFF,0x3A,0x0A,0x1A,0xFF,0x3A,0x0A,0x1A,0xFF,
    0x3A,0x0A,0x1A,0xFF,0x9C,0x25,0x8C,0xFF,0x9C,0x25,0x8C,0xFF,0x9C,0x25,0x8C,0xFF,
    0x00,0x00,0x00,0x00,0x00,0x00,0x00,0x00,0x00,0x00,0x00,0x00,0x00,0x00,0x00,0x00,
    0x00,0x00,0x00,0x00,0x00,0x00,0x00,0x00,0x00,0x00,0x00,0x00,0x00,0x00,0x00,0x00,
    0x00,0x00,0x00,0x00,0x00,0x00,0x00,0x00,0x00,0x00,0x00,0x00,0x00,0x00,0x00,0x00,
    0x00,0x00,0x00,0x00,0x00,0x00,0x00,0x00,0x00,0x00,0x00,0x00,0x00,0x00,0x00,0x00,
    0x00,0x00,0x00,0x00,0x00,0x00,0x00,0x00,0x00,0x00,0x00,0x00,0x9C,0x25,0x8C,0xFF,
    0x9C,0x25,0x8C,0xFF,0x9C,0x25,0x8C,0xFF,0x9C,0x25,0x8C,0xFF,0x9C,0x25,0x8C,0xFF,
    0x9C,0x25,0x8C,0xFF,0x9C,0x25,0x8C,0xFF,0x9C,0x25,0x8C,0xFF,0x9C,0x25,0x8C,0xFF,
    0x9C,0x25,0x8C,0xFF,0x9C,0x25,0x8C,0xFF,0x00,0x00,0x00,0x00,0x00,0x00,0x00,0x00,
    0x00,0x00,0x00,0x00,0x00,0x00,0x00,0x00,0x00,0x00,0x00,0x00,0x00,0x00,0x00,0x00,
    0x00,0x00,0x00,0x00,0x00,0x00,0x00,0x00,0x00,0x00,0x00,0x00,0x00,0x00,0x00,0x00,
    0x00,0x00,0x00,0x00,0x00,0x00,0x00,0x00,0x00,0x00,0x00,0x00,0x00,0x00,0x00,0x00,
    0x00,0x00,0x00,0x00,0x00,0x00,0x00,0x00,0x00,0x00,0x00,0x00,0x00,0x00,0x00,0x00,
    0x00,0x00,0x00,0x00,0x00,0x00,0x00,0x00,0x00,0x00,0x00,0x00,0x00,0x00,0x00,0x00,
    0x00,0x00,0x00,0x00,0x00,0x00,0x00,0x00,0x00,0x00,0x00,0x00,0x00,0x00,0x00,0x00,
    0x00,0x00,0x00,0x00,0x00,0x00,0x00,0x00,0x00,0x00,0x00,0x00,0x00,0x00,0x00,0x00,
    0x00,0x00,0x00,0x00,0x00,0x00,0x00,0x00,0x00,0x00,0x00,0x00,0x00,0x00,0x00,0x00,
    0x00,0x00,0x00,0x00,0x00,0x00,0x00,0x00,0x00,0x00,0x00,0x00,0x00,0x00,0x00,0x00,
    0x00,0x00,0x00,0x00,0x00,0x00,0x00,0x00,0x00,0x00,0x00,0x00,0x00,0x00,0x00,0x00,
    0x00,0x00,0x00,0x00,0x00,0x00,0x00,0x00,0x00,0x00,0x00,0x00,0x00,0x00,0x00,0x00,
    0x00,0x00,0x00,0x00,0x00,0x00,0x00,0x00,0x00,0x00,0x00,0x00,0x00,0x00,0x00,0x00,
    0x00,0x00,0x00,0x00,0x00,0x00,0x00,0x00,0x00,0x00,0x00,0x00,0x00,0x00,0x00,0x00,
    0x00,0x00,0x00,0x00,0x00,0x00,0x00,0x00,0x00,0x00,0x00,0x00,0x00,0x00,0x00,0x00,
    0x00,0x00,0x00,0x00,0x00,0x00,0x00,0x00,0x00,0x00,0x00,0x00,0x00,0x00,0x00,0x00,
    0x00,0x00,0x00,0x00,0x00,0x00,0x00,0x00,0x00,0x00,0x00,0x00,0x00,0x00,0x00,0x00,
    0x00,0x00,0x00,0x00,0x00,0x00,0x00,0x00,0x00,0x00,0x00,0x00,0x00,0x00,0x00,0x00,
    0x00,0x00,0x00,0x00,0x00,0x00,0x00,0x00,0x00,0x00,0x00,0x00,0x00,0x00,0x00,0x00,
};

static const uint8_t icon_data_file_manager[] = {
    0x44,0x52,0x43,0x4F,0x20,0x00,0x20,0x00,0x20,0x00,0x00,0x00,0x00,0x00,0x00,0x00,
    0x00,0x00,0x00,0x00,0x00,0x00,0x00,0x00,0x00,0x00,0x00,0x00,0x00,0x00,0x00,0x00,
    0x00,0x00,0x00,0x00,0x00,0x00,0x00,0x00,0x00,0x00,0x00,0x00,0x00,0x00,0x00,0x00,
    0x00,0x00,0x00,0x00,0x00,0x00,0x00,0x00,0x00,0x00,0x00,0x00,0x00,0x00,0x00,0x00,
    0x00,0x00,0x00,0x00,0x00,0x00,0x00,0x00,0x00,0x00,0x00,0x00,0x00,0x00,0x00,0x00,
    0x00,0x00,0x00,0x00,0x00,0x00,0x00,0x00,0x00,0x00,0x00,0x00,0x00,0x00,0x00,0x00,
    0x00,0x00,0x00,0x00,0x00,0x00,0x00,0x00,0x00,0x00,0x00,0x00,0x00,0x00,0x00,0x00,
    0x00,0x00,0x00,0x00,0x00,0x00,0x00,0x00,0x00,0x00,0x00,0x00,0x00,0x00,0x00,0x00,
    0x00,0x00,0x00,0x00,0x00,0x00,0x00,0x00,0x00,0x00,0x00,0x00,0x00,0x00,0x00,0x00,
    0x00,0x00,0x00,0x00,0x00,0x00,0x00,0x00,0x00,0x00,0x00,0x00,0x00,0x00,0x00,0x00,
    0x00,0x00,0x00,0x00,0x00,0x00,0x00,0x00,0x00,0x00,0x00,0x00,0x00,0x00,0x00,0x00,
    0x00,0x00,0x00,0x00,0x00,0x00,0x00,0x00,0x00,0x00,0x00,0x00,0x00,0x00,0x00,0x00,
    0x00,0x00,0x00,0x00,0x00,0x00,0x00,0x00,0x00,0x00,0x00,0x00,0x00,0x00,0x00,0x00,
    0x00,0x00,0x00,0x00,0x00,0x00,0x00,0x00,0x00,0x00,0x00,0x00,0x00,0x00,0x00,0x00,
    0x00,0x00,0x00,0x00,0x00,0x00,0x00,0x00,0x00,0x00,0x00,0x00,0x00,0x00,0x00,0x00,
    0x00,0x00,0x00,0x00,0x00,0x00,0x00,0x00,0x00,0x00,0x00,0x00,0x00,0x00,0x00,0x00,
    0x00,0x00,0x00,0x00,0x00,0x00,0x00,0x00,0x00,0x00,0x00,0x00,0x00,0x00,0x00,0x00,
    0x00,0x00,0x00,0x00,0x00,0x00,0x00,0x00,0x00,0x00,0x00,0x00,0x00,0x00,0x00,0x00,
    0x00,0x00,0x00,0x00,0x00,0x00,0x00,0x00,0x00,0x00,0x00,0x00,0x00,0x00,0x00,0x00,
    0x00,0x00,0x00,0x00,0x00,0x00,0x00,0x00,0x00,0x00,0x00,0x00,0x00,0x00,0x00,0x00,
    0x00,0x00,0x00,0x00,0x00,0x00,0x00,0x00,0x00,0x00,0x00,0x00,0x00,0x00,0x00,0x00,
    0x00,0x00,0x00,0x00,0x00,0x00,0x00,0x00,0x00,0x00,0x00,0x00,0x00,0x00,0x00,0x00,
    0x00,0x00,0x00,0x00,0x00,0x00,0x00,0x00,0x00,0x00,0x00,0x00,0x00,0x00,0x00,0x00,
    0x00,0x00,0x00,0x00,0x00,0x00,0x00,0x00,0x00,0x00,0x00,0x00,0x00,0x00,0x00,0x00,
    0x00,0x00,0x00,0x00,0x00,0x00,0x00,0x00,0x00,0x00,0x00,0x00,0x00,0x00,0x00,0x00,
    0x00,0x00,0x00,0x00,0x00,0x00,0x00,0x00,0x00,0x00,0x00,0x00,0x00,0x00,0x00,0x00,
    0x00,0x00,0x00,0x00,0x00,0x00,0x00,0x00,0x00,0x00,0x00,0x00,0x00,0x00,0x00,0x00,
    0x00,0x00,0x00,0x00,0x00,0x00,0x00,0x00,0x00,0x00,0x00,0x00,0x81,0x35,0x84,0xFF,
    0x81,0x35,0x84,0xFF,0x81,0x35,0x84,0xFF,0x81,0x35,0x84,0xFF,0x81,0x35,0x84,0xFF,
    0x81,0x35,0x84,0xFF,0x81,0x35,0x84,0xFF,0x81,0x35,0x84,0xFF,0x81,0x35,0x84,0xFF,
    0x81,0x35,0x84,0xFF,0x81,0x35,0x84,0xFF,0x00,0x00,0x00,0x00,0x00,0x00,0x00,0x00,
    0x00,0x00,0x00,0x00,0x00,0x00,0x00,0x00,0x00,0x00,0x00,0x00,0x00,0x00,0x00,0x00,
    0x00,0x00,0x00,0x00,0x00,0x00,0x00,0x00,0x00,0x00,0x00,0x00,0x00,0x00,0x00,0x00,
    0x00,0x00,0x00,0x00,0x00,0x00,0x00,0x00,0x00,0x00,0x00,0x00,0x00,0x00,0x00,0x00,
    0x00,0x00,0x00,0x00,0x00,0x00,0x00,0x00,0x00,0x00,0x00,0x00,0x00,0x00,0x00,0x00,
    0x00,0x00,0x00,0x00,0x81,0x35,0x84,0xFF,0x81,0x35,0x84,0xFF,0x81,0x35,0x84,0xFF,
    0x3A,0x2A,0x0A,0xFF,0x3A,0x2A,0x0A,0xFF,0x3A,0x2A,0x0A,0xFF,0x3A,0x2A,0x0A,0xFF,
    0x3A,0x2A,0x0A,0xFF,0x3A,0x2A,0x0A,0xFF,0x3A,0x2A,0x0A,0xFF,0x3A,0x2A,0x0A,0xFF,
    0x3A,0x2A,0x0A,0xFF,0x81,0x35,0x84,0xFF,0x81,0x35,0x84,0xFF,0x81,0x35,0x84,0xFF,
    0x00,0x00,0x00,0x00,0x00,0x00,0x00,0x00,0x00,0x00,0x00,0x00,0x00,0x00,0x00,0x00,
    0x00,0x00,0x00,0x00,0x00,0x00,0x00,0x00,0x00,0x00,0x00,0x00,0x00,0x00,0x00,0x00,
    0x00,0x00,0x00,0x00,0x00,0x00,0x00,0x00,0x00,0x00,0x00,0x00,0x00,0x00,0x00,0x00,
    0x00,0x00,0x00,0x00,0x00,0x00,0x00,0x00,0x00,0x00,0x00,0x00,0x00,0x00,0x00,0x00,
    0x81,0x35,0x84,0xFF,0x81,0x35,0x84,0xFF,0x3A,0x2A,0x0A,0xFF,0x3A,0x2A,0x0A,0xFF,
    0x3A,0x2A,0x0A,0xFF,0x3A,0x2A,0x0A,0xFF,0x3A,0x2A,0x0A,0xFF,0x3A,0x2A,0x0A,0xFF,
    0x3A,0x2A,0x0A,0xFF,0x3A,0x2A,0x0A,0xFF,0x3A,0x2A,0x0A,0xFF,0x3A,0x2A,0x0A,0xFF,
    0x3A,0x2A,0x0A,0xFF,0x3A,0x2A,0x0A,0xFF,0x3A,0x2A,0x0A,0xFF,0x81,0x35,0x84,0xFF,
    0x81,0x35,0x84,0xFF,0x00,0x00,0x00,0x00,0x00,0x00,0x00,0x00,0x00,0x00,0x00,0x00,
    0x00,0x00,0x00,0x00,0x00,0x00,0x00,0x00,0x00,0x00,0x00,0x00,0x00,0x00,0x00,0x00,
    0x00,0x00,0x00,0x00,0x00,0x00,0x00,0x00,0x00,0x00,0x00,0x00,0x00,0x00,0x00,0x00,
    0x00,0x00,0x00,0x00,0x00,0x00,0x00,0x00,0x00,0x00,0x00,0x00,0x81,0x35,0x84,0xFF,
    0x3A,0x2A,0x0A,0xFF,0x3A,0x2A,0x0A,0xFF,0x3A,0x2A,0x0A,0xFF,0x3A,0x2A,0x0A,0xFF,
    0x3A,0x2A,0x0A,0xFF,0x3A,0x2A,0x0A,0xFF,0x3A,0x2A,0x0A,0xFF,0x3A,0x2A,0x0A,0xFF,
    0x3A,0x2A,0x0A,0xFF,0x3A,0x2A,0x0A,0xFF,0x3A,0x2A,0x0A,0xFF,0x3A,0x2A,0x0A,0xFF,
    0x3A,0x2A,0x0A,0xFF,0x3A,0x2A,0x0A,0xFF,0x3A,0x2A,0x0A,0xFF,0x3A,0x2A,0x0A,0xFF,
    0x3A,0x2A,0x0A,0xFF,0x81,0x35,0x84,0xFF,0x00,0x00,0x00,0x00,0x00,0x00,0x00,0x00,
    0x00,0x00,0x00,0x00,0x00,0x00,0x00,0x00,0x00,0x00,0x00,0x00,0x00,0x00,0x00,0x00,
    0x00,0x00,0x00,0x00,0x00,0x00,0x00,0x00,0x00,0x00,0x00,0x00,0x00,0x00,0x00,0x00,
    0x00,0x00,0x00,0x00,0x00,0x00,0x00,0x00,0x81,0x35,0x84,0xFF,0x3A,0x2A,0x0A,0xFF,
    0x3A,0x2A,0x0A,0xFF,0x3A,0x2A,0x0A,0xFF,0x3A,0x2A,0x0A,0xFF,0x3A,0x2A,0x0A,0xFF,
    0x3A,0x2A,0x0A,0xFF,0x3A,0x2A,0x0A,0xFF,0x3A,0x2A,0x0A,0xFF,0x3A,0x2A,0x0A,0xFF,
    0x3A,0x2A,0x0A,0xFF,0x3A,0x2A,0x0A,0xFF,0x3A,0x2A,0x0A,0xFF,0x3A,0x2A,0x0A,0xFF,
    0x3A,0x2A,0x0A,0xFF,0x3A,0x2A,0x0A,0xFF,0x3A,0x2A,0x0A,0xFF,0x3A,0x2A,0x0A,0xFF,
    0x3A,0x2A,0x0A,0xFF,0x3A,0x2A,0x0A,0xFF,0x81,0x35,0x84,0xFF,0x00,0x00,0x00,0x00,
    0x00,0x00,0x00,0x00,0x00,0x00,0x00,0x00,0x00,0x00,0x00,0x00,0x00,0x00,0x00,0x00,
    0x00,0x00,0x00,0x00,0x00,0x00,0x00,0x00,0x00,0x00,0x00,0x00,0x00,0x00,0x00,0x00,
    0x00,0x00,0x00,0x00,0x81,0x35,0x84,0xFF,0x3A,0x2A,0x0A,0xFF,0x3A,0x2A,0x0A,0xFF,
    0x3A,0x2A,0x0A,0xFF,0x3A,0x2A,0x0A,0xFF,0x3A,0x2A,0x0A,0xFF,0x3A,0x2A,0x0A,0xFF,
    0x3A,0x2A,0x0A,0xFF,0x3A,0x2A,0x0A,0xFF,0x3A,0x2A,0x0A,0xFF,0x3A,0x2A,0x0A,0xFF,
    0x3A,0x2A,0x0A,0xFF,0x3A,0x2A,0x0A,0xFF,0x3A,0x2A,0x0A,0xFF,0x3A,0x2A,0x0A,0xFF,
    0x3A,0x2A,0x0A,0xFF,0x3A,0x2A,0x0A,0xFF,0x3A,0x2A,0x0A,0xFF,0x3A,0x2A,0x0A,0xFF,
    0x3A,0x2A,0x0A,0xFF,0x3A,0x2A,0x0A,0xFF,0x3A,0x2A,0x0A,0xFF,0x81,0x35,0x84,0xFF,
    0x00,0x00,0x00,0x00,0x00,0x00,0x00,0x00,0x00,0x00,0x00,0x00,0x00,0x00,0x00,0x00,
    0x00,0x00,0x00,0x00,0x00,0x00,0x00,0x00,0x00,0x00,0x00,0x00,0x00,0x00,0x00,0x00,
    0x81,0x35,0x84,0xFF,0x81,0x35,0x84,0xFF,0x3A,0x2A,0x0A,0xFF,0x3A,0x2A,0x0A,0xFF,
    0x3A,0x2A,0x0A,0xFF,0x3A,0x2A,0x0A,0xFF,0x3A,0x2A,0x0A,0xFF,0x3A,0x2A,0x0A,0xFF,
    0x3A,0x2A,0x0A,0xFF,0x3A,0x2A,0x0A,0xFF,0x3A,0x2A,0x0A,0xFF,0x3A,0x2A,0x0A,0xFF,
    0x3A,0x2A,0x0A,0xFF,0x3A,0x2A,0x0A,0xFF,0x3A,0x2A,0x0A,0xFF,0x3A,0x2A,0x0A,0xFF,
    0x3A,0x2A,0x0A,0xFF,0x3A,0x2A,0x0A,0xFF,0x3A,0x2A,0x0A,0xFF,0x3A,0x2A,0x0A,0xFF,
    0x3A,0x2A,0x0A,0xFF,0x3A,0x2A,0x0A,0xFF,0x3A,0x2A,0x0A,0xFF,0x81,0x35,0x84,0xFF,
    0x81,0x35,0x84,0xFF,0x00,0x00,0x00,0x00,0x00,0x00,0x00,0x00,0x00,0x00,0x00,0x00,
    0x00,0x00,0x00,0x00,0x00,0x00,0x00,0x00,0x00,0x00,0x00,0x00,0x00,0x00,0x00,0x00,
    0x81,0x35,0x84,0xFF,0x3A,0x2A,0x0A,0xFF,0x3A,0x2A,0x0A,0xFF,0x3A,0x2A,0x0A,0xFF,
    0x3A,0x2A,0x0A,0xFF,0x3A,0x2A,0x0A,0xFF,0x3A,0x2A,0x0A,0xFF,0x3A,0x2A,0x0A,0xFF,
    0x3A,0x2A,0x0A,0xFF,0x3A,0x2A,0x0A,0xFF,0x3A,0x2A,0x0A,0xFF,0x3A,0x2A,0x0A,0xFF,
    0x3A,0x2A,0x0A,0xFF,0x3A,0x2A,0x0A,0xFF,0x3A,0x2A,0x0A,0xFF,0x3A,0x2A,0x0A,0xFF,
    0x3A,0x2A,0x0A,0xFF,0x3A,0x2A,0x0A,0xFF,0x3A,0x2A,0x0A,0xFF,0x3A,0x2A,0x0A,0xFF,
    0x3A,0x2A,0x0A,0xFF,0x3A,0x2A,0x0A,0xFF,0x3A,0x2A,0x0A,0xFF,0x3A,0x2A,0x0A,0xFF,
    0x81,0x35,0x84,0xFF,0x00,0x00,0x00,0x00,0x00,0x00,0x00,0x00,0x00,0x00,0x00,0x00,
    0x00,0x00,0x00,0x00,0x00,0x00,0x00,0x00,0x00,0x00,0x00,0x00,0x81,0x35,0x84,0xFF,
    0x81,0x35,0x84,0xFF,0x3A,0x2A,0x0A,0xFF,0x3A,0x2A,0x0A,0xFF,0x3A,0x2A,0x0A,0xFF,
    0x3A,0x2A,0x0A,0xFF,0x3A,0x2A,0x0A,0xFF,0x3A,0x2A,0x0A,0xFF,0x3A,0x2A,0x0A,0xFF,
    0x3A,0x2A,0x0A,0xFF,0x3A,0x2A,0x0A,0xFF,0x3A,0x2A,0x0A,0xFF,0x3A,0x2A,0x0A,0xFF,
    0x3A,0x2A,0x0A,0xFF,0x3A,0x2A,0x0A,0xFF,0x3A,0x2A,0x0A,0xFF,0x3A,0x2A,0x0A,0xFF,
    0x3A,0x2A,0x0A,0xFF,0x3A,0x2A,0x0A,0xFF,0x3A,0x2A,0x0A,0xFF,0x3A,0x2A,0x0A,0xFF,
    0x3A,0x2A,0x0A,0xFF,0x3A,0x2A,0x0A,0xFF,0x3A,0x2A,0x0A,0xFF,0x3A,0x2A,0x0A,0xFF,
    0x81,0x35,0x84,0xFF,0x81,0x35,0x84,0xFF,0x00,0x00,0x00,0x00,0x00,0x00,0x00,0x00,
    0x00,0x00,0x00,0x00,0x00,0x00,0x00,0x00,0x00,0x00,0x00,0x00,0x81,0x35,0x84,0xFF,
    0x3A,0x2A,0x0A,0xFF,0x3A,0x2A,0x0A,0xFF,0x3A,0x2A,0x0A,0xFF,0x3A,0x2A,0x0A,0xFF,
    0x3A,0x2A,0x0A,0xFF,0x3A,0x2A,0x0A,0xFF,0x3A,0x2A,0x0A,0xFF,0x3A,0x2A,0x0A,0xFF,
    0x3A,0x2A,0x0A,0xFF,0x3A,0x2A,0x0A,0xFF,0x3A,0x2A,0x0A,0xFF,0x3A,0x2A,0x0A,0xFF,
    0x3A,0x2A,0x0A,0xFF,0x3A,0x2A,0x0A,0xFF,0x3A,0x2A,0x0A,0xFF,0x3A,0x2A,0x0A,0xFF,
    0x3A,0x2A,0x0A,0xFF,0x3A,0x2A,0x0A,0xFF,0x3A,0x2A,0x0A,0xFF,0x3A,0x2A,0x0A,0xFF,
    0x3A,0x2A,0x0A,0xFF,0x3A,0x2A,0x0A,0xFF,0x3A,0x2A,0x0A,0xFF,0x3A,0x2A,0x0A,0xFF,
    0x3A,0x2A,0x0A,0xFF,0x81,0x35,0x84,0xFF,0x00,0x00,0x00,0x00,0x00,0x00,0x00,0x00,
    0x00,0x00,0x00,0x00,0x00,0x00,0x00,0x00,0x00,0x00,0x00,0x00,0x81,0x35,0x84,0xFF,
    0x3A,0x2A,0x0A,0xFF,0x3A,0x2A,0x0A,0xFF,0x3A,0x2A,0x0A,0xFF,0x3A,0x2A,0x0A,0xFF,
    0x3A,0x2A,0x0A,0xFF,0x3A,0x2A,0x0A,0xFF,0x3A,0x2A,0x0A,0xFF,0x3A,0x2A,0x0A,0xFF,
    0x3A,0x2A,0x0A,0xFF,0x3A,0x2A,0x0A,0xFF,0x3A,0x2A,0x0A,0xFF,0x3A,0x2A,0x0A,0xFF,
    0x3A,0x2A,0x0A,0xFF,0x3A,0x2A,0x0A,0xFF,0x3A,0x2A,0x0A,0xFF,0x3A,0x2A,0x0A,0xFF,
    0x3A,0x2A,0x0A,0xFF,0x3A,0x2A,0x0A,0xFF,0x3A,0x2A,0x0A,0xFF,0x3A,0x2A,0x0A,0xFF,
    0x3A,0x2A,0x0A,0xFF,0x3A,0x2A,0x0A,0xFF,0x3A,0x2A,0x0A,0xFF,0x3A,0x2A,0x0A,0xFF,
    0x3A,0x2A,0x0A,0xFF,0x81,0x35,0x84,0xFF,0x00,0x00,0x00,0x00,0x00,0x00,0x00,0x00,
    0x00,0x00,0x00,0x00,0x00,0x00,0x00,0x00,0x00,0x00,0x00,0x00,0x81,0x35,0x84,0xFF,
    0x3A,0x2A,0x0A,0xFF,0x3A,0x2A,0x0A,0xFF,0x3A,0x2A,0x0A,0xFF,0x3A,0x2A,0x0A,0xFF,
    0x3A,0x2A,0x0A,0xFF,0x3A,0x2A,0x0A,0xFF,0x3A,0x2A,0x0A,0xFF,0x3A,0x2A,0x0A,0xFF,
    0x3A,0x2A,0x0A,0xFF,0x3A,0x2A,0x0A,0xFF,0x3A,0x2A,0x0A,0xFF,0x3A,0x2A,0x0A,0xFF,
    0x3A,0x2A,0x0A,0xFF,0x3A,0x2A,0x0A,0xFF,0x3A,0x2A,0x0A,0xFF,0x3A,0x2A,0x0A,0xFF,
    0x3A,0x2A,0x0A,0xFF,0x3A,0x2A,0x0A,0xFF,0x3A,0x2A,0x0A,0xFF,0x3A,0x2A,0x0A,0xFF,
    0x3A,0x2A,0x0A,0xFF,0x3A,0x2A,0x0A,0xFF,0x3A,0x2A,0x0A,0xFF,0x3A,0x2A,0x0A,0xFF,
    0x3A,0x2A,0x0A,0xFF,0x81,0x35,0x84,0xFF,0x00,0x00,0x00,0x00,0x00,0x00,0x00,0x00,
    0x00,0x00,0x00,0x00,0x00,0x00,0x00,0x00,0x00,0x00,0x00,0x00,0x81,0x35,0x84,0xFF,
    0x3A,0x2A,0x0A,0xFF,0x3A,0x2A,0x0A,0xFF,0x3A,0x2A,0x0A,0xFF,0x3A,0x2A,0x0A,0xFF,
    0x3A,0x2A,0x0A,0xFF,0x3A,0x2A,0x0A,0xFF,0x3A,0x2A,0x0A,0xFF,0x3A,0x2A,0x0A,0xFF,
    0x3A,0x2A,0x0A,0xFF,0x3A,0x2A,0x0A,0xFF,0x3A,0x2A,0x0A,0xFF,0x3A,0x2A,0x0A,0xFF,
    0x3A,0x2A,0x0A,0xFF,0x3A,0x2A,0x0A,0xFF,0x3A,0x2A,0x0A,0xFF,0x3A,0x2A,0x0A,0xFF,
    0x3A,0x2A,0x0A,0xFF,0x3A,0x2A,0x0A,0xFF,0x3A,0x2A,0x0A,0xFF,0x3A,0x2A,0x0A,0xFF,
    0x3A,0x2A,0x0A,0xFF,0x3A,0x2A,0x0A,0xFF,0x3A,0x2A,0x0A,0xFF,0x3A,0x2A,0x0A,0xFF,
    0x3A,0x2A,0x0A,0xFF,0x81,0x35,0x84,0xFF,0x00,0x00,0x00,0x00,0x00,0x00,0x00,0x00,
    0x00,0x00,0x00,0x00,0x00,0x00,0x00,0x00,0x00,0x00,0x00,0x00,0x81,0x35,0x84,0xFF,
    0x3A,0x2A,0x0A,0xFF,0x3A,0x2A,0x0A,0xFF,0x3A,0x2A,0x0A,0xFF,0x3A,0x2A,0x0A,0xFF,
    0x3A,0x2A,0x0A,0xFF,0x3A,0x2A,0x0A,0xFF,0x3A,0x2A,0x0A,0xFF,0x3A,0x2A,0x0A,0xFF,
    0x3A,0x2A,0x0A,0xFF,0x3A,0x2A,0x0A,0xFF,0x3A,0x2A,0x0A,0xFF,0x3A,0x2A,0x0A,0xFF,
    0x3A,0x2A,0x0A,0xFF,0x3A,0x2A,0x0A,0xFF,0x3A,0x2A,0x0A,0xFF,0x3A,0x2A,0x0A,0xFF,
    0x3A,0x2A,0x0A,0xFF,0x3A,0x2A,0x0A,0xFF,0x3A,0x2A,0x0A,0xFF,0x3A,0x2A,0x0A,0xFF,
    0x3A,0x2A,0x0A,0xFF,0x3A,0x2A,0x0A,0xFF,0x3A,0x2A,0x0A,0xFF,0x3A,0x2A,0x0A,0xFF,
    0x3A,0x2A,0x0A,0xFF,0x81,0x35,0x84,0xFF,0x00,0x00,0x00,0x00,0x00,0x00,0x00,0x00,
    0x00,0x00,0x00,0x00,0x00,0x00,0x00,0x00,0x00,0x00,0x00,0x00,0x81,0x35,0x84,0xFF,
    0x3A,0x2A,0x0A,0xFF,0x3A,0x2A,0x0A,0xFF,0x3A,0x2A,0x0A,0xFF,0x3A,0x2A,0x0A,0xFF,
    0x3A,0x2A,0x0A,0xFF,0x3A,0x2A,0x0A,0xFF,0x3A,0x2A,0x0A,0xFF,0x3A,0x2A,0x0A,0xFF,
    0x3A,0x2A,0x0A,0xFF,0x3A,0x2A,0x0A,0xFF,0x3A,0x2A,0x0A,0xFF,0x3A,0x2A,0x0A,0xFF,
    0x3A,0x2A,0x0A,0xFF,0x3A,0x2A,0x0A,0xFF,0x3A,0x2A,0x0A,0xFF,0x3A,0x2A,0x0A,0xFF,
    0x3A,0x2A,0x0A,0xFF,0x3A,0x2A,0x0A,0xFF,0x3A,0x2A,0x0A,0xFF,0x3A,0x2A,0x0A,0xFF,
    0x3A,0x2A,0x0A,0xFF,0x3A,0x2A,0x0A,0xFF,0x3A,0x2A,0x0A,0xFF,0x3A,0x2A,0x0A,0xFF,
    0x3A,0x2A,0x0A,0xFF,0x81,0x35,0x84,0xFF,0x00,0x00,0x00,0x00,0x00,0x00,0x00,0x00,
    0x00,0x00,0x00,0x00,0x00,0x00,0x00,0x00,0x00,0x00,0x00,0x00,0x81,0x35,0x84,0xFF,
    0x3A,0x2A,0x0A,0xFF,0x3A,0x2A,0x0A,0xFF,0x3A,0x2A,0x0A,0xFF,0x3A,0x2A,0x0A,0xFF,
    0x3A,0x2A,0x0A,0xFF,0x3A,0x2A,0x0A,0xFF,0x3A,0x2A,0x0A,0xFF,0x3A,0x2A,0x0A,0xFF,
    0x3A,0x2A,0x0A,0xFF,0x3A,0x2A,0x0A,0xFF,0x3A,0x2A,0x0A,0xFF,0x3A,0x2A,0x0A,0xFF,
    0x3A,0x2A,0x0A,0xFF,0x3A,0x2A,0x0A,0xFF,0x3A,0x2A,0x0A,0xFF,0x3A,0x2A,0x0A,0xFF,
    0x3A,0x2A,0x0A,0xFF,0x3A,0x2A,0x0A,0xFF,0x3A,0x2A,0x0A,0xFF,0x3A,0x2A,0x0A,0xFF,
    0x3A,0x2A,0x0A,0xFF,0x3A,0x2A,0x0A,0xFF,0x3A,0x2A,0x0A,0xFF,0x3A,0x2A,0x0A,0xFF,
    0x3A,0x2A,0x0A,0xFF,0x81,0x35,0x84,0xFF,0x00,0x00,0x00,0x00,0x00,0x00,0x00,0x00,
    0x00,0x00,0x00,0x00,0x00,0x00,0x00,0x00,0x00,0x00,0x00,0x00,0x81,0x35,0x84,0xFF,
    0x3A,0x2A,0x0A,0xFF,0x3A,0x2A,0x0A,0xFF,0x3A,0x2A,0x0A,0xFF,0x3A,0x2A,0x0A,0xFF,
    0x3A,0x2A,0x0A,0xFF,0x3A,0x2A,0x0A,0xFF,0x3A,0x2A,0x0A,0xFF,0x3A,0x2A,0x0A,0xFF,
    0x3A,0x2A,0x0A,0xFF,0x3A,0x2A,0x0A,0xFF,0x3A,0x2A,0x0A,0xFF,0x3A,0x2A,0x0A,0xFF,
    0x3A,0x2A,0x0A,0xFF,0x3A,0x2A,0x0A,0xFF,0x3A,0x2A,0x0A,0xFF,0x3A,0x2A,0x0A,0xFF,
    0x3A,0x2A,0x0A,0xFF,0x3A,0x2A,0x0A,0xFF,0x3A,0x2A,0x0A,0xFF,0x3A,0x2A,0x0A,0xFF,
    0x3A,0x2A,0x0A,0xFF,0x3A,0x2A,0x0A,0xFF,0x3A,0x2A,0x0A,0xFF,0x3A,0x2A,0x0A,0xFF,
    0x3A,0x2A,0x0A,0xFF,0x81,0x35,0x84,0xFF,0x00,0x00,0x00,0x00,0x00,0x00,0x00,0x00,
    0x00,0x00,0x00,0x00,0x00,0x00,0x00,0x00,0x00,0x00,0x00,0x00,0x81,0x35,0x84,0xFF,
    0x3A,0x2A,0x0A,0xFF,0x3A,0x2A,0x0A,0xFF,0x3A,0x2A,0x0A,0xFF,0x3A,0x2A,0x0A,0xFF,
    0x3A,0x2A,0x0A,0xFF,0x3A,0x2A,0x0A,0xFF,0x3A,0x2A,0x0A,0xFF,0x3A,0x2A,0x0A,0xFF,
    0x3A,0x2A,0x0A,0xFF,0x3A,0x2A,0x0A,0xFF,0x3A,0x2A,0x0A,0xFF,0x3A,0x2A,0x0A,0xFF,
    0x3A,0x2A,0x0A,0xFF,0x3A,0x2A,0x0A,0xFF,0x3A,0x2A,0x0A,0xFF,0x3A,0x2A,0x0A,0xFF,
    0x3A,0x2A,0x0A,0xFF,0x3A,0x2A,0x0A,0xFF,0x3A,0x2A,0x0A,0xFF,0x3A,0x2A,0x0A,0xFF,
    0x3A,0x2A,0x0A,0xFF,0x3A,0x2A,0x0A,0xFF,0x3A,0x2A,0x0A,0xFF,0x3A,0x2A,0x0A,0xFF,
    0x3A,0x2A,0x0A,0xFF,0x81,0x35,0x84,0xFF,0x00,0x00,0x00,0x00,0x00,0x00,0x00,0x00,
    0x00,0x00,0x00,0x00,0x00,0x00,0x00,0x00,0x00,0x00,0x00,0x00,0x81,0x35,0x84,0xFF,
    0x81,0x35,0x84,0xFF,0x3A,0x2A,0x0A,0xFF,0x3A,0x2A,0x0A,0xFF,0x3A,0x2A,0x0A,0xFF,
    0x3A,0x2A,0x0A,0xFF,0x3A,0x2A,0x0A,0xFF,0x3A,0x2A,0x0A,0xFF,0x3A,0x2A,0x0A,0xFF,
    0x3A,0x2A,0x0A,0xFF,0x3A,0x2A,0x0A,0xFF,0x3A,0x2A,0x0A,0xFF,0x3A,0x2A,0x0A,0xFF,
    0x3A,0x2A,0x0A,0xFF,0x3A,0x2A,0x0A,0xFF,0x3A,0x2A,0x0A,0xFF,0x3A,0x2A,0x0A,0xFF,
    0x3A,0x2A,0x0A,0xFF,0x3A,0x2A,0x0A,0xFF,0x3A,0x2A,0x0A,0xFF,0x3A,0x2A,0x0A,0xFF,
    0x3A,0x2A,0x0A,0xFF,0x3A,0x2A,0x0A,0xFF,0x3A,0x2A,0x0A,0xFF,0x3A,0x2A,0x0A,0xFF,
    0x81,0x35,0x84,0xFF,0x81,0x35,0x84,0xFF,0x00,0x00,0x00,0x00,0x00,0x00,0x00,0x00,
    0x00,0x00,0x00,0x00,0x00,0x00,0x00,0x00,0x00,0x00,0x00,0x00,0x00,0x00,0x00,0x00,
    0x81,0x35,0x84,0xFF,0x3A,0x2A,0x0A,0xFF,0x3A,0x2A,0x0A,0xFF,0x3A,0x2A,0x0A,0xFF,
    0x3A,0x2A,0x0A,0xFF,0x3A,0x2A,0x0A,0xFF,0x3A,0x2A,0x0A,0xFF,0x3A,0x2A,0x0A,0xFF,
    0x3A,0x2A,0x0A,0xFF,0x3A,0x2A,0x0A,0xFF,0x3A,0x2A,0x0A,0xFF,0x3A,0x2A,0x0A,0xFF,
    0x3A,0x2A,0x0A,0xFF,0x3A,0x2A,0x0A,0xFF,0x3A,0x2A,0x0A,0xFF,0x3A,0x2A,0x0A,0xFF,
    0x3A,0x2A,0x0A,0xFF,0x3A,0x2A,0x0A,0xFF,0x3A,0x2A,0x0A,0xFF,0x3A,0x2A,0x0A,0xFF,
    0x3A,0x2A,0x0A,0xFF,0x3A,0x2A,0x0A,0xFF,0x3A,0x2A,0x0A,0xFF,0x3A,0x2A,0x0A,0xFF,
    0x81,0x35,0x84,0xFF,0x00,0x00,0x00,0x00,0x00,0x00,0x00,0x00,0x00,0x00,0x00,0x00,
    0x00,0x00,0x00,0x00,0x00,0x00,0x00,0x00,0x00,0x00,0x00,0x00,0x00,0x00,0x00,0x00,
    0x81,0x35,0x84,0xFF,0x81,0x35,0x84,0xFF,0x3A,0x2A,0x0A,0xFF,0x3A,0x2A,0x0A,0xFF,
    0x3A,0x2A,0x0A,0xFF,0x3A,0x2A,0x0A,0xFF,0x3A,0x2A,0x0A,0xFF,0x3A,0x2A,0x0A,0xFF,
    0x3A,0x2A,0x0A,0xFF,0x3A,0x2A,0x0A,0xFF,0x3A,0x2A,0x0A,0xFF,0x3A,0x2A,0x0A,0xFF,
    0x3A,0x2A,0x0A,0xFF,0x3A,0x2A,0x0A,0xFF,0x3A,0x2A,0x0A,0xFF,0x3A,0x2A,0x0A,0xFF,
    0x3A,0x2A,0x0A,0xFF,0x3A,0x2A,0x0A,0xFF,0x3A,0x2A,0x0A,0xFF,0x3A,0x2A,0x0A,0xFF,
    0x3A,0x2A,0x0A,0xFF,0x3A,0x2A,0x0A,0xFF,0x3A,0x2A,0x0A,0xFF,0x81,0x35,0x84,0xFF,
    0x81,0x35,0x84,0xFF,0x00,0x00,0x00,0x00,0x00,0x00,0x00,0x00,0x00,0x00,0x00,0x00,
    0x00,0x00,0x00,0x00,0x00,0x00,0x00,0x00,0x00,0x00,0x00,0x00,0x00,0x00,0x00,0x00,
    0x00,0x00,0x00,0x00,0x81,0x35,0x84,0xFF,0x3A,0x2A,0x0A,0xFF,0x3A,0x2A,0x0A,0xFF,
    0x3A,0x2A,0x0A,0xFF,0x3A,0x2A,0x0A,0xFF,0x3A,0x2A,0x0A,0xFF,0x3A,0x2A,0x0A,0xFF,
    0x3A,0x2A,0x0A,0xFF,0x3A,0x2A,0x0A,0xFF,0x3A,0x2A,0x0A,0xFF,0x3A,0x2A,0x0A,0xFF,
    0x3A,0x2A,0x0A,0xFF,0x3A,0x2A,0x0A,0xFF,0x3A,0x2A,0x0A,0xFF,0x3A,0x2A,0x0A,0xFF,
    0x3A,0x2A,0x0A,0xFF,0x3A,0x2A,0x0A,0xFF,0x3A,0x2A,0x0A,0xFF,0x3A,0x2A,0x0A,0xFF,
    0x3A,0x2A,0x0A,0xFF,0x3A,0x2A,0x0A,0xFF,0x3A,0x2A,0x0A,0xFF,0x81,0x35,0x84,0xFF,
    0x00,0x00,0x00,0x00,0x00,0x00,0x00,0x00,0x00,0x00,0x00,0x00,0x00,0x00,0x00,0x00,
    0x00,0x00,0x00,0x00,0x00,0x00,0x00,0x00,0x00,0x00,0x00,0x00,0x00,0x00,0x00,0x00,
    0x00,0x00,0x00,0x00,0x00,0x00,0x00,0x00,0x81,0x35,0x84,0xFF,0x3A,0x2A,0x0A,0xFF,
    0x3A,0x2A,0x0A,0xFF,0x3A,0x2A,0x0A,0xFF,0x3A,0x2A,0x0A,0xFF,0x3A,0x2A,0x0A,0xFF,
    0x3A,0x2A,0x0A,0xFF,0x3A,0x2A,0x0A,0xFF,0x3A,0x2A,0x0A,0xFF,0x3A,0x2A,0x0A,0xFF,
    0x3A,0x2A,0x0A,0xFF,0x3A,0x2A,0x0A,0xFF,0x3A,0x2A,0x0A,0xFF,0x3A,0x2A,0x0A,0xFF,
    0x3A,0x2A,0x0A,0xFF,0x3A,0x2A,0x0A,0xFF,0x3A,0x2A,0x0A,0xFF,0x3A,0x2A,0x0A,0xFF,
    0x3A,0x2A,0x0A,0xFF,0x3A,0x2A,0x0A,0xFF,0x81,0x35,0x84,0xFF,0x00,0x00,0x00,0x00,
    0x00,0x00,0x00,0x00,0x00,0x00,0x00,0x00,0x00,0x00,0x00,0x00,0x00,0x00,0x00,0x00,
    0x00,0x00,0x00,0x00,0x00,0x00,0x00,0x00,0x00,0x00,0x00,0x00,0x00,0x00,0x00,0x00,
    0x00,0x00,0x00,0x00,0x00,0x00,0x00,0x00,0x00,0x00,0x00,0x00,0x81,0x35,0x84,0xFF,
    0x3A,0x2A,0x0A,0xFF,0x3A,0x2A,0x0A,0xFF,0x3A,0x2A,0x0A,0xFF,0x3A,0x2A,0x0A,0xFF,
    0x3A,0x2A,0x0A,0xFF,0x3A,0x2A,0x0A,0xFF,0x3A,0x2A,0x0A,0xFF,0x3A,0x2A,0x0A,0xFF,
    0x3A,0x2A,0x0A,0xFF,0x3A,0x2A,0x0A,0xFF,0x3A,0x2A,0x0A,0xFF,0x3A,0x2A,0x0A,0xFF,
    0x3A,0x2A,0x0A,0xFF,0x3A,0x2A,0x0A,0xFF,0x3A,0x2A,0x0A,0xFF,0x3A,0x2A,0x0A,0xFF,
    0x3A,0x2A,0x0A,0xFF,0x81,0x35,0x84,0xFF,0x00,0x00,0x00,0x00,0x00,0x00,0x00,0x00,
    0x00,0x00,0x00,0x00,0x00,0x00,0x00,0x00,0x00,0x00,0x00,0x00,0x00,0x00,0x00,0x00,
    0x00,0x00,0x00,0x00,0x00,0x00,0x00,0x00,0x00,0x00,0x00,0x00,0x00,0x00,0x00,0x00,
    0x00,0x00,0x00,0x00,0x00,0x00,0x00,0x00,0x00,0x00,0x00,0x00,0x00,0x00,0x00,0x00,
    0x81,0x35,0x84,0xFF,0x81,0x35,0x84,0xFF,0x3A,0x2A,0x0A,0xFF,0x3A,0x2A,0x0A,0xFF,
    0x3A,0x2A,0x0A,0xFF,0x3A,0x2A,0x0A,0xFF,0x3A,0x2A,0x0A,0xFF,0x3A,0x2A,0x0A,0xFF,
    0x3A,0x2A,0x0A,0xFF,0x3A,0x2A,0x0A,0xFF,0x3A,0x2A,0x0A,0xFF,0x3A,0x2A,0x0A,0xFF,
    0x3A,0x2A,0x0A,0xFF,0x3A,0x2A,0x0A,0xFF,0x3A,0x2A,0x0A,0xFF,0x81,0x35,0x84,0xFF,
    0x81,0x35,0x84,0xFF,0x00,0x00,0x00,0x00,0x00,0x00,0x00,0x00,0x00,0x00,0x00,0x00,
    0x00,0x00,0x00,0x00,0x00,0x00,0x00,0x00,0x00,0x00,0x00,0x00,0x00,0x00,0x00,0x00,
    0x00,0x00,0x00,0x00,0x00,0x00,0x00,0x00,0x00,0x00,0x00,0x00,0x00,0x00,0x00,0x00,
    0x00,0x00,0x00,0x00,0x00,0x00,0x00,0x00,0x00,0x00,0x00,0x00,0x00,0x00,0x00,0x00,
    0x00,0x00,0x00,0x00,0x81,0x35,0x84,0xFF,0x81,0x35,0x84,0xFF,0x81,0x35,0x84,0xFF,
    0x3A,0x2A,0x0A,0xFF,0x3A,0x2A,0x0A,0xFF,0x3A,0x2A,0x0A,0xFF,0x3A,0x2A,0x0A,0xFF,
    0x3A,0x2A,0x0A,0xFF,0x3A,0x2A,0x0A,0xFF,0x3A,0x2A,0x0A,0xFF,0x3A,0x2A,0x0A,0xFF,
    0x3A,0x2A,0x0A,0xFF,0x81,0x35,0x84,0xFF,0x81,0x35,0x84,0xFF,0x81,0x35,0x84,0xFF,
    0x00,0x00,0x00,0x00,0x00,0x00,0x00,0x00,0x00,0x00,0x00,0x00,0x00,0x00,0x00,0x00,
    0x00,0x00,0x00,0x00,0x00,0x00,0x00,0x00,0x00,0x00,0x00,0x00,0x00,0x00,0x00,0x00,
    0x00,0x00,0x00,0x00,0x00,0x00,0x00,0x00,0x00,0x00,0x00,0x00,0x00,0x00,0x00,0x00,
    0x00,0x00,0x00,0x00,0x00,0x00,0x00,0x00,0x00,0x00,0x00,0x00,0x00,0x00,0x00,0x00,
    0x00,0x00,0x00,0x00,0x00,0x00,0x00,0x00,0x00,0x00,0x00,0x00,0x81,0x35,0x84,0xFF,
    0x81,0x35,0x84,0xFF,0x81,0x35,0x84,0xFF,0x81,0x35,0x84,0xFF,0x81,0x35,0x84,0xFF,
    0x81,0x35,0x84,0xFF,0x81,0x35,0x84,0xFF,0x81,0x35,0x84,0xFF,0x81,0x35,0x84,0xFF,
    0x81,0x35,0x84,0xFF,0x81,0x35,0x84,0xFF,0x00,0x00,0x00,0x00,0x00,0x00,0x00,0x00,
    0x00,0x00,0x00,0x00,0x00,0x00,0x00,0x00,0x00,0x00,0x00,0x00,0x00,0x00,0x00,0x00,
    0x00,0x00,0x00,0x00,0x00,0x00,0x00,0x00,0x00,0x00,0x00,0x00,0x00,0x00,0x00,0x00,
    0x00,0x00,0x00,0x00,0x00,0x00,0x00,0x00,0x00,0x00,0x00,0x00,0x00,0x00,0x00,0x00,
    0x00,0x00,0x00,0x00,0x00,0x00,0x00,0x00,0x00,0x00,0x00,0x00,0x00,0x00,0x00,0x00,
    0x00,0x00,0x00,0x00,0x00,0x00,0x00,0x00,0x00,0x00,0x00,0x00,0x00,0x00,0x00,0x00,
    0x00,0x00,0x00,0x00,0x00,0x00,0x00,0x00,0x00,0x00,0x00,0x00,0x00,0x00,0x00,0x00,
    0x00,0x00,0x00,0x00,0x00,0x00,0x00,0x00,0x00,0x00,0x00,0x00,0x00,0x00,0x00,0x00,
    0x00,0x00,0x00,0x00,0x00,0x00,0x00,0x00,0x00,0x00,0x00,0x00,0x00,0x00,0x00,0x00,
    0x00,0x00,0x00,0x00,0x00,0x00,0x00,0x00,0x00,0x00,0x00,0x00,0x00,0x00,0x00,0x00,
    0x00,0x00,0x00,0x00,0x00,0x00,0x00,0x00,0x00,0x00,0x00,0x00,0x00,0x00,0x00,0x00,
    0x00,0x00,0x00,0x00,0x00,0x00,0x00,0x00,0x00,0x00,0x00,0x00,0x00,0x00,0x00,0x00,
    0x00,0x00,0x00,0x00,0x00,0x00,0x00,0x00,0x00,0x00,0x00,0x00,0x00,0x00,0x00,0x00,
    0x00,0x00,0x00,0x00,0x00,0x00,0x00,0x00,0x00,0x00,0x00,0x00,0x00,0x00,0x00,0x00,
    0x00,0x00,0x00,0x00,0x00,0x00,0x00,0x00,0x00,0x00,0x00,0x00,0x00,0x00,0x00,0x00,
    0x00,0x00,0x00,0x00,0x00,0x00,0x00,0x00,0x00,0x00,0x00,0x00,0x00,0x00,0x00,0x00,
    0x00,0x00,0x00,0x00,0x00,0x00,0x00,0x00,0x00,0x00,0x00,0x00,0x00,0x00,0x00,0x00,
    0x00,0x00,0x00,0x00,0x00,0x00,0x00,0x00,0x00,0x00,0x00,0x00,0x00,0x00,0x00,0x00,
    0x00,0x00,0x00,0x00,0x00,0x00,0x00,0x00,0x00,0x00,0x00,0x00,0x00,0x00,0x00,0x00,
};

static const uint8_t icon_data_text_editor[] = {
    0x44,0x52,0x43,0x4F,0x20,0x00,0x20,0x00,0x20,0x00,0x00,0x00,0x00,0x00,0x00,0x00,
    0x00,0x00,0x00,0x00,0x00,0x00,0x00,0x00,0x00,0x00,0x00,0x00,0x00,0x00,0x00,0x00,
    0x00,0x00,0x00,0x00,0x00,0x00,0x00,0x00,0x00,0x00,0x00,0x00,0x00,0x00,0x00,0x00,
    0x00,0x00,0x00,0x00,0x00,0x00,0x00,0x00,0x00,0x00,0x00,0x00,0x00,0x00,0x00,0x00,
    0x00,0x00,0x00,0x00,0x00,0x00,0x00,0x00,0x00,0x00,0x00,0x00,0x00,0x00,0x00,0x00,
    0x00,0x00,0x00,0x00,0x00,0x00,0x00,0x00,0x00,0x00,0x00,0x00,0x00,0x00,0x00,0x00,
    0x00,0x00,0x00,0x00,0x00,0x00,0x00,0x00,0x00,0x00,0x00,0x00,0x00,0x00,0x00,0x00,
    0x00,0x00,0x00,0x00,0x00,0x00,0x00,0x00,0x00,0x00,0x00,0x00,0x00,0x00,0x00,0x00,
    0x00,0x00,0x00,0x00,0x00,0x00,0x00,0x00,0x00,0x00,0x00,0x00,0x00,0x00,0x00,0x00,
    0x00,0x00,0x00,0x00,0x00,0x00,0x00,0x00,0x00,0x00,0x00,0x00,0x00,0x00,0x00,0x00,
    0x00,0x00,0x00,0x00,0x00,0x00,0x00,0x00,0x00,0x00,0x00,0x00,0x00,0x00,0x00,0x00,
    0x00,0x00,0x00,0x00,0x00,0x00,0x00,0x00,0x00,0x00,0x00,0x00,0x00,0x00,0x00,0x00,
    0x00,0x00,0x00,0x00,0x00,0x00,0x00,0x00,0x00,0x00,0x00,0x00,0x00,0x00,0x00,0x00,
    0x00,0x00,0x00,0x00,0x00,0x00,0x00,0x00,0x00,0x00,0x00,0x00,0x00,0x00,0x00,0x00,
    0x00,0x00,0x00,0x00,0x00,0x00,0x00,0x00,0x00,0x00,0x00,0x00,0x00,0x00,0x00,0x00,
    0x00,0x00,0x00,0x00,0x00,0x00,0x00,0x00,0x00,0x00,0x00,0x00,0x00,0x00,0x00,0x00,
    0x00,0x00,0x00,0x00,0x00,0x00,0x00,0x00,0x00,0x00,0x00,0x00,0x00,0x00,0x00,0x00,
    0x00,0x00,0x00,0x00,0x00,0x00,0x00,0x00,0x00,0x00,0x00,0x00,0x00,0x00,0x00,0x00,
    0x00,0x00,0x00,0x00,0x00,0x00,0x00,0x00,0x00,0x00,0x00,0x00,0x00,0x00,0x00,0x00,
    0x00,0x00,0x00,0x00,0x00,0x00,0x00,0x00,0x00,0x00,0x00,0x00,0x00,0x00,0x00,0x00,
    0x00,0x00,0x00,0x00,0x00,0x00,0x00,0x00,0x00,0x00,0x00,0x00,0x00,0x00,0x00,0x00,
    0x00,0x00,0x00,0x00,0x00,0x00,0x00,0x00,0x00,0x00,0x00,0x00,0x00,0x00,0x00,0x00,
    0x00,0x00,0x00,0x00,0x00,0x00,0x00,0x00,0x00,0x00,0x00,0x00,0x00,0x00,0x00,0x00,
    0x00,0x00,0x00,0x00,0x00,0x00,0x00,0x00,0x00,0x00,0x00,0x00,0x00,0x00,0x00,0x00,
    0x00,0x00,0x00,0x00,0x00,0x00,0x00,0x00,0x00,0x00,0x00,0x00,0x00,0x00,0x00,0x00,
    0x00,0x00,0x00,0x00,0x00,0x00,0x00,0x00,0x00,0x00,0x00,0x00,0x00,0x00,0x00,0x00,
    0x00,0x00,0x00,0x00,0x00,0x00,0x00,0x00,0x00,0x00,0x00,0x00,0x00,0x00,0x00,0x00,
    0x00,0x00,0x00,0x00,0x00,0x00,0x00,0x00,0x00,0x00,0x00,0x00,0x7D,0x4D,0x84,0xFF,
    0x7D,0x4D,0x84,0xFF,0x7D,0x4D,0x84,0xFF,0x7D,0x4D,0x84,0xFF,0x7D,0x4D,0x84,0xFF,
    0x7D,0x4D,0x84,0xFF,0x7D,0x4D,0x84,0xFF,0x7D,0x4D,0x84,0xFF,0x7D,0x4D,0x84,0xFF,
    0x7D,0x4D,0x84,0xFF,0x7D,0x4D,0x84,0xFF,0x00,0x00,0x00,0x00,0x00,0x00,0x00,0x00,
    0x00,0x00,0x00,0x00,0x00,0x00,0x00,0x00,0x00,0x00,0x00,0x00,0x00,0x00,0x00,0x00,
    0x00,0x00,0x00,0x00,0x00,0x00,0x00,0x00,0x00,0x00,0x00,0x00,0x00,0x00,0x00,0x00,
    0x00,0x00,0x00,0x00,0x00,0x00,0x00,0x00,0x00,0x00,0x00,0x00,0x00,0x00,0x00,0x00,
    0x00,0x00,0x00,0x00,0x00,0x00,0x00,0x00,0x00,0x00,0x00,0x00,0x00,0x00,0x00,0x00,
    0x00,0x00,0x00,0x00,0x7D,0x4D,0x84,0xFF,0x7D,0x4D,0x84,0xFF,0x7D,0x4D,0x84,0xFF,
    0x3A,0x1A,0x0A,0xFF,0x3A,0x1A,0x0A,0xFF,0x3A,0x1A,0x0A,0xFF,0x3A,0x1A,0x0A,0xFF,
    0x3A,0x1A,0x0A,0xFF,0x3A,0x1A,0x0A,0xFF,0x3A,0x1A,0x0A,0xFF,0x3A,0x1A,0x0A,0xFF,
    0x3A,0x1A,0x0A,0xFF,0x7D,0x4D,0x84,0xFF,0x7D,0x4D,0x84,0xFF,0x7D,0x4D,0x84,0xFF,
    0x00,0x00,0x00,0x00,0x00,0x00,0x00,0x00,0x00,0x00,0x00,0x00,0x00,0x00,0x00,0x00,
    0x00,0x00,0x00,0x00,0x00,0x00,0x00,0x00,0x00,0x00,0x00,0x00,0x00,0x00,0x00,0x00,
    0x00,0x00,0x00,0x00,0x00,0x00,0x00,0x00,0x00,0x00,0x00,0x00,0x00,0x00,0x00,0x00,
    0x00,0x00,0x00,0x00,0x00,0x00,0x00,0x00,0x00,0x00,0x00,0x00,0x00,0x00,0x00,0x00,
    0x7D,0x4D,0x84,0xFF,0x7D,0x4D,0x84,0xFF,0x3A,0x1A,0x0A,0xFF,0x3A,0x1A,0x0A,0xFF,
    0x3A,0x1A,0x0A,0xFF,0x3A,0x1A,0x0A,0xFF,0x3A,0x1A,0x0A,0xFF,0x3A,0x1A,0x0A,0xFF,
    0x3A,0x1A,0x0A,0xFF,0x3A,0x1A,0x0A,0xFF,0x3A,0x1A,0x0A,0xFF,0x3A,0x1A,0x0A,0xFF,
    0x3A,0x1A,0x0A,0xFF,0x3A,0x1A,0x0A,0xFF,0x3A,0x1A,0x0A,0xFF,0x7D,0x4D,0x84,0xFF,
    0x7D,0x4D,0x84,0xFF,0x00,0x00,0x00,0x00,0x00,0x00,0x00,0x00,0x00,0x00,0x00,0x00,
    0x00,0x00,0x00,0x00,0x00,0x00,0x00,0x00,0x00,0x00,0x00,0x00,0x00,0x00,0x00,0x00,
    0x00,0x00,0x00,0x00,0x00,0x00,0x00,0x00,0x00,0x00,0x00,0x00,0x00,0x00,0x00,0x00,
    0x00,0x00,0x00,0x00,0x00,0x00,0x00,0x00,0x00,0x00,0x00,0x00,0x7D,0x4D,0x84,0xFF,
    0x3A,0x1A,0x0A,0xFF,0x3A,0x1A,0x0A,0xFF,0x3A,0x1A,0x0A,0xFF,0x3A,0x1A,0x0A,0xFF,
    0x3A,0x1A,0x0A,0xFF,0x3A,0x1A,0x0A,0xFF,0x3A,0x1A,0x0A,0xFF,0x3A,0x1A,0x0A,0xFF,
    0x3A,0x1A,0x0A,0xFF,0x3A,0x1A,0x0A,0xFF,0x3A,0x1A,0x0A,0xFF,0x3A,0x1A,0x0A,0xFF,
    0x3A,0x1A,0x0A,0xFF,0x3A,0x1A,0x0A,0xFF,0x3A,0x1A,0x0A,0xFF,0x3A,0x1A,0x0A,0xFF,
    0x3A,0x1A,0x0A,0xFF,0x7D,0x4D,0x84,0xFF,0x00,0x00,0x00,0x00,0x00,0x00,0x00,0x00,
    0x00,0x00,0x00,0x00,0x00,0x00,0x00,0x00,0x00,0x00,0x00,0x00,0x00,0x00,0x00,0x00,
    0x00,0x00,0x00,0x00,0x00,0x00,0x00,0x00,0x00,0x00,0x00,0x00,0x00,0x00,0x00,0x00,
    0x00,0x00,0x00,0x00,0x00,0x00,0x00,0x00,0x7D,0x4D,0x84,0xFF,0x3A,0x1A,0x0A,0xFF,
    0x3A,0x1A,0x0A,0xFF,0x3A,0x1A,0x0A,0xFF,0x3A,0x1A,0x0A,0xFF,0x3A,0x1A,0x0A,0xFF,
    0x3A,0x1A,0x0A,0xFF,0x3A,0x1A,0x0A,0xFF,0x3A,0x1A,0x0A,0xFF,0x3A,0x1A,0x0A,0xFF,
    0x3A,0x1A,0x0A,0xFF,0x3A,0x1A,0x0A,0xFF,0x3A,0x1A,0x0A,0xFF,0x3A,0x1A,0x0A,0xFF,
    0x3A,0x1A,0x0A,0xFF,0x3A,0x1A,0x0A,0xFF,0x3A,0x1A,0x0A,0xFF,0x3A,0x1A,0x0A,0xFF,
    0x3A,0x1A,0x0A,0xFF,0x3A,0x1A,0x0A,0xFF,0x7D,0x4D,0x84,0xFF,0x00,0x00,0x00,0x00,
    0x00,0x00,0x00,0x00,0x00,0x00,0x00,0x00,0x00,0x00,0x00,0x00,0x00,0x00,0x00,0x00,
    0x00,0x00,0x00,0x00,0x00,0x00,0x00,0x00,0x00,0x00,0x00,0x00,0x00,0x00,0x00,0x00,
    0x00,0x00,0x00,0x00,0x7D,0x4D,0x84,0xFF,0x3A,0x1A,0x0A,0xFF,0x3A,0x1A,0x0A,0xFF,
    0x3A,0x1A,0x0A,0xFF,0x3A,0x1A,0x0A,0xFF,0x3A,0x1A,0x0A,0xFF,0x3A,0x1A,0x0A,0xFF,
    0x3A,0x1A,0x0A,0xFF,0x3A,0x1A,0x0A,0xFF,0x3A,0x1A,0x0A,0xFF,0x3A,0x1A,0x0A,0xFF,
    0x3A,0x1A,0x0A,0xFF,0x3A,0x1A,0x0A,0xFF,0x3A,0x1A,0x0A,0xFF,0x3A,0x1A,0x0A,0xFF,
    0x3A,0x1A,0x0A,0xFF,0x3A,0x1A,0x0A,0xFF,0x3A,0x1A,0x0A,0xFF,0x3A,0x1A,0x0A,0xFF,
    0x3A,0x1A,0x0A,0xFF,0x3A,0x1A,0x0A,0xFF,0x3A,0x1A,0x0A,0xFF,0x7D,0x4D,0x84,0xFF,
    0x00,0x00,0x00,0x00,0x00,0x00,0x00,0x00,0x00,0x00,0x00,0x00,0x00,0x00,0x00,0x00,
    0x00,0x00,0x00,0x00,0x00,0x00,0x00,0x00,0x00,0x00,0x00,0x00,0x00,0x00,0x00,0x00,
    0x7D,0x4D,0x84,0xFF,0x7D,0x4D,0x84,0xFF,0x3A,0x1A,0x0A,0xFF,0x3A,0x1A,0x0A,0xFF,
    0x3A,0x1A,0x0A,0xFF,0x3A,0x1A,0x0A,0xFF,0x3A,0x1A,0x0A,0xFF,0x3A,0x1A,0x0A,0xFF,
    0x3A,0x1A,0x0A,0xFF,0x3A,0x1A,0x0A,0xFF,0x3A,0x1A,0x0A,0xFF,0x3A,0x1A,0x0A,0xFF,
    0x3A,0x1A,0x0A,0xFF,0x3A,0x1A,0x0A,0xFF,0x3A,0x1A,0x0A,0xFF,0x3A,0x1A,0x0A,0xFF,
    0x3A,0x1A,0x0A,0xFF,0x3A,0x1A,0x0A,0xFF,0x3A,0x1A,0x0A,0xFF,0x3A,0x1A,0x0A,0xFF,
    0x3A,0x1A,0x0A,0xFF,0x3A,0x1A,0x0A,0xFF,0x3A,0x1A,0x0A,0xFF,0x7D,0x4D,0x84,0xFF,
    0x7D,0x4D,0x84,0xFF,0x00,0x00,0x00,0x00,0x00,0x00,0x00,0x00,0x00,0x00,0x00,0x00,
    0x00,0x00,0x00,0x00,0x00,0x00,0x00,0x00,0x00,0x00,0x00,0x00,0x00,0x00,0x00,0x00,
    0x7D,0x4D,0x84,0xFF,0x3A,0x1A,0x0A,0xFF,0x3A,0x1A,0x0A,0xFF,0x3A,0x1A,0x0A,0xFF,
    0x3A,0x1A,0x0A,0xFF,0x3A,0x1A,0x0A,0xFF,0x3A,0x1A,0x0A,0xFF,0x3A,0x1A,0x0A,0xFF,
    0x3A,0x1A,0x0A,0xFF,0x3A,0x1A,0x0A,0xFF,0x3A,0x1A,0x0A,0xFF,0x3A,0x1A,0x0A,0xFF,
    0x3A,0x1A,0x0A,0xFF,0x3A,0x1A,0x0A,0xFF,0x3A,0x1A,0x0A,0xFF,0x3A,0x1A,0x0A,0xFF,
    0x3A,0x1A,0x0A,0xFF,0x3A,0x1A,0x0A,0xFF,0x3A,0x1A,0x0A,0xFF,0x3A,0x1A,0x0A,0xFF,
    0x3A,0x1A,0x0A,0xFF,0x3A,0x1A,0x0A,0xFF,0x3A,0x1A,0x0A,0xFF,0x3A,0x1A,0x0A,0xFF,
    0x7D,0x4D,0x84,0xFF,0x00,0x00,0x00,0x00,0x00,0x00,0x00,0x00,0x00,0x00,0x00,0x00,
    0x00,0x00,0x00,0x00,0x00,0x00,0x00,0x00,0x00,0x00,0x00,0x00,0x7D,0x4D,0x84,0xFF,
    0x7D,0x4D,0x84,0xFF,0x3A,0x1A,0x0A,0xFF,0x3A,0x1A,0x0A,0xFF,0x3A,0x1A,0x0A,0xFF,
    0x3A,0x1A,0x0A,0xFF,0x3A,0x1A,0x0A,0xFF,0x3A,0x1A,0x0A,0xFF,0x3A,0x1A,0x0A,0xFF,
    0x3A,0x1A,0x0A,0xFF,0x3A,0x1A,0x0A,0xFF,0x3A,0x1A,0x0A,0xFF,0x3A,0x1A,0x0A,0xFF,
    0x3A,0x1A,0x0A,0xFF,0x3A,0x1A,0x0A,0xFF,0x3A,0x1A,0x0A,0xFF,0x3A,0x1A,0x0A,0xFF,
    0x3A,0x1A,0x0A,0xFF,0x3A,0x1A,0x0A,0xFF,0x3A,0x1A,0x0A,0xFF,0x3A,0x1A,0x0A,0xFF,
    0x3A,0x1A,0x0A,0xFF,0x3A,0x1A,0x0A,0xFF,0x3A,0x1A,0x0A,0xFF,0x3A,0x1A,0x0A,0xFF,
    0x7D,0x4D,0x84,0xFF,0x7D,0x4D,0x84,0xFF,0x00,0x00,0x00,0x00,0x00,0x00,0x00,0x00,
    0x00,0x00,0x00,0x00,0x00,0x00,0x00,0x00,0x00,0x00,0x00,0x00,0x7D,0x4D,0x84,0xFF,
    0x3A,0x1A,0x0A,0xFF,0x3A,0x1A,0x0A,0xFF,0x3A,0x1A,0x0A,0xFF,0x3A,0x1A,0x0A,0xFF,
    0x3A,0x1A,0x0A,0xFF,0x3A,0x1A,0x0A,0xFF,0x3A,0x1A,0x0A,0xFF,0x3A,0x1A,0x0A,0xFF,
    0x3A,0x1A,0x0A,0xFF,0x3A,0x1A,0x0A,0xFF,0x3A,0x1A,0x0A,0xFF,0x3A,0x1A,0x0A,0xFF,
    0x3A,0x1A,0x0A,0xFF,0x3A,0x1A,0x0A,0xFF,0x3A,0x1A,0x0A,0xFF,0x3A,0x1A,0x0A,0xFF,
    0x3A,0x1A,0x0A,0xFF,0x3A,0x1A,0x0A,0xFF,0x3A,0x1A,0x0A,0xFF,0x3A,0x1A,0x0A,0xFF,
    0x3A,0x1A,0x0A,0xFF,0x3A,0x1A,0x0A,0xFF,0x3A,0x1A,0x0A,0xFF,0x3A,0x1A,0x0A,0xFF,
    0x3A,0x1A,0x0A,0xFF,0x7D,0x4D,0x84,0xFF,0x00,0x00,0x00,0x00,0x00,0x00,0x00,0x00,
    0x00,0x00,0x00,0x00,0x00,0x00,0x00,0x00,0x00,0x00,0x00,0x00,0x7D,0x4D,0x84,0xFF,
    0x3A,0x1A,0x0A,0xFF,0x3A,0x1A,0x0A,0xFF,0x3A,0x1A,0x0A,0xFF,0x3A,0x1A,0x0A,0xFF,
    0x3A,0x1A,0x0A,0xFF,0x3A,0x1A,0x0A,0xFF,0x3A,0x1A,0x0A,0xFF,0x3A,0x1A,0x0A,0xFF,
    0x3A,0x1A,0x0A,0xFF,0x3A,0x1A,0x0A,0xFF,0x3A,0x1A,0x0A,0xFF,0x3A,0x1A,0x0A,0xFF,
    0x3A,0x1A,0x0A,0xFF,0x3A,0x1A,0x0A,0xFF,0x3A,0x1A,0x0A,0xFF,0x3A,0x1A,0x0A,0xFF,
    0x3A,0x1A,0x0A,0xFF,0x3A,0x1A,0x0A,0xFF,0x3A,0x1A,0x0A,0xFF,0x3A,0x1A,0x0A,0xFF,
    0x3A,0x1A,0x0A,0xFF,0x3A,0x1A,0x0A,0xFF,0x3A,0x1A,0x0A,0xFF,0x3A,0x1A,0x0A,0xFF,
    0x3A,0x1A,0x0A,0xFF,0x7D,0x4D,0x84,0xFF,0x00,0x00,0x00,0x00,0x00,0x00,0x00,0x00,
    0x00,0x00,0x00,0x00,0x00,0x00,0x00,0x00,0x00,0x00,0x00,0x00,0x7D,0x4D,0x84,0xFF,
    0x3A,0x1A,0x0A,0xFF,0x3A,0x1A,0x0A,0xFF,0x3A,0x1A,0x0A,0xFF,0x3A,0x1A,0x0A,0xFF,
    0x3A,0x1A,0x0A,0xFF,0x3A,0x1A,0x0A,0xFF,0x3A,0x1A,0x0A,0xFF,0x3A,0x1A,0x0A,0xFF,
    0x3A,0x1A,0x0A,0xFF,0x3A,0x1A,0x0A,0xFF,0x3A,0x1A,0x0A,0xFF,0x3A,0x1A,0x0A,0xFF,
    0x3A,0x1A,0x0A,0xFF,0x3A,0x1A,0x0A,0xFF,0x3A,0x1A,0x0A,0xFF,0x3A,0x1A,0x0A,0xFF,
    0x3A,0x1A,0x0A,0xFF,0x3A,0x1A,0x0A,0xFF,0x3A,0x1A,0x0A,0xFF,0x3A,0x1A,0x0A,0xFF,
    0x3A,0x1A,0x0A,0xFF,0x3A,0x1A,0x0A,0xFF,0x3A,0x1A,0x0A,0xFF,0x3A,0x1A,0x0A,0xFF,
    0x3A,0x1A,0x0A,0xFF,0x7D,0x4D,0x84,0xFF,0x00,0x00,0x00,0x00,0x00,0x00,0x00,0x00,
    0x00,0x00,0x00,0x00,0x00,0x00,0x00,0x00,0x00,0x00,0x00,0x00,0x7D,0x4D,0x84,0xFF,
    0x3A,0x1A,0x0A,0xFF,0x3A,0x1A,0x0A,0xFF,0x3A,0x1A,0x0A,0xFF,0x3A,0x1A,0x0A,0xFF,
    0x3A,0x1A,0x0A,0xFF,0x3A,0x1A,0x0A,0xFF,0x3A,0x1A,0x0A,0xFF,0x3A,0x1A,0x0A,0xFF,
    0x3A,0x1A,0x0A,0xFF,0x3A,0x1A,0x0A,0xFF,0x3A,0x1A,0x0A,0xFF,0x3A,0x1A,0x0A,0xFF,
    0x3A,0x1A,0x0A,0xFF,0x3A,0x1A,0x0A,0xFF,0x3A,0x1A,0x0A,0xFF,0x3A,0x1A,0x0A,0xFF,
    0x3A,0x1A,0x0A,0xFF,0x3A,0x1A,0x0A,0xFF,0x3A,0x1A,0x0A,0xFF,0x3A,0x1A,0x0A,0xFF,
    0x3A,0x1A,0x0A,0xFF,0x3A,0x1A,0x0A,0xFF,0x3A,0x1A,0x0A,0xFF,0x3A,0x1A,0x0A,0xFF,
    0x3A,0x1A,0x0A,0xFF,0x7D,0x4D,0x84,0xFF,0x00,0x00,0x00,0x00,0x00,0x00,0x00,0x00,
    0x00,0x00,0x00,0x00,0x00,0x00,0x00,0x00,0x00,0x00,0x00,0x00,0x7D,0x4D,0x84,0xFF,
    0x3A,0x1A,0x0A,0xFF,0x3A,0x1A,0x0A,0xFF,0x3A,0x1A,0x0A,0xFF,0x3A,0x1A,0x0A,0xFF,
    0x3A,0x1A,0x0A,0xFF,0x3A,0x1A,0x0A,0xFF,0x3A,0x1A,0x0A,0xFF,0x3A,0x1A,0x0A,0xFF,
    0x3A,0x1A,0x0A,0xFF,0x3A,0x1A,0x0A,0xFF,0x3A,0x1A,0x0A,0xFF,0x3A,0x1A,0x0A,0xFF,
    0x3A,0x1A,0x0A,0xFF,0x3A,0x1A,0x0A,0xFF,0x3A,0x1A,0x0A,0xFF,0x3A,0x1A,0x0A,0xFF,
    0x3A,0x1A,0x0A,0xFF,0x3A,0x1A,0x0A,0xFF,0x3A,0x1A,0x0A,0xFF,0x3A,0x1A,0x0A,0xFF,
    0x3A,0x1A,0x0A,0xFF,0x3A,0x1A,0x0A,0xFF,0x3A,0x1A,0x0A,0xFF,0x3A,0x1A,0x0A,0xFF,
    0x3A,0x1A,0x0A,0xFF,0x7D,0x4D,0x84,0xFF,0x00,0x00,0x00,0x00,0x00,0x00,0x00,0x00,
    0x00,0x00,0x00,0x00,0x00,0x00,0x00,0x00,0x00,0x00,0x00,0x00,0x7D,0x4D,0x84,0xFF,
    0x3A,0x1A,0x0A,0xFF,0x3A,0x1A,0x0A,0xFF,0x3A,0x1A,0x0A,0xFF,0x3A,0x1A,0x0A,0xFF,
    0x3A,0x1A,0x0A,0xFF,0x3A,0x1A,0x0A,0xFF,0x3A,0x1A,0x0A,0xFF,0x3A,0x1A,0x0A,0xFF,
    0x3A,0x1A,0x0A,0xFF,0x3A,0x1A,0x0A,0xFF,0x3A,0x1A,0x0A,0xFF,0x3A,0x1A,0x0A,0xFF,
    0x3A,0x1A,0x0A,0xFF,0x3A,0x1A,0x0A,0xFF,0x3A,0x1A,0x0A,0xFF,0x3A,0x1A,0x0A,0xFF,
    0x3A,0x1A,0x0A,0xFF,0x3A,0x1A,0x0A,0xFF,0x3A,0x1A,0x0A,0xFF,0x3A,0x1A,0x0A,0xFF,
    0x3A,0x1A,0x0A,0xFF,0x3A,0x1A,0x0A,0xFF,0x3A,0x1A,0x0A,0xFF,0x3A,0x1A,0x0A,0xFF,
    0x3A,0x1A,0x0A,0xFF,0x7D,0x4D,0x84,0xFF,0x00,0x00,0x00,0x00,0x00,0x00,0x00,0x00,
    0x00,0x00,0x00,0x00,0x00,0x00,0x00,0x00,0x00,0x00,0x00,0x00,0x7D,0x4D,0x84,0xFF,
    0x3A,0x1A,0x0A,0xFF,0x3A,0x1A,0x0A,0xFF,0x3A,0x1A,0x0A,0xFF,0x3A,0x1A,0x0A,0xFF,
    0x3A,0x1A,0x0A,0xFF,0x3A,0x1A,0x0A,0xFF,0x3A,0x1A,0x0A,0xFF,0x3A,0x1A,0x0A,0xFF,
    0x3A,0x1A,0x0A,0xFF,0x3A,0x1A,0x0A,0xFF,0x3A,0x1A,0x0A,0xFF,0x3A,0x1A,0x0A,0xFF,
    0x3A,0x1A,0x0A,0xFF,0x3A,0x1A,0x0A,0xFF,0x3A,0x1A,0x0A,0xFF,0x3A,0x1A,0x0A,0xFF,
    0x3A,0x1A,0x0A,0xFF,0x3A,0x1A,0x0A,0xFF,0x3A,0x1A,0x0A,0xFF,0x3A,0x1A,0x0A,0xFF,
    0x3A,0x1A,0x0A,0xFF,0x3A,0x1A,0x0A,0xFF,0x3A,0x1A,0x0A,0xFF,0x3A,0x1A,0x0A,0xFF,
    0x3A,0x1A,0x0A,0xFF,0x7D,0x4D,0x84,0xFF,0x00,0x00,0x00,0x00,0x00,0x00,0x00,0x00,
    0x00,0x00,0x00,0x00,0x00,0x00,0x00,0x00,0x00,0x00,0x00,0x00,0x7D,0x4D,0x84,0xFF,
    0x3A,0x1A,0x0A,0xFF,0x3A,0x1A,0x0A,0xFF,0x3A,0x1A,0x0A,0xFF,0x3A,0x1A,0x0A,0xFF,
    0x3A,0x1A,0x0A,0xFF,0x3A,0x1A,0x0A,0xFF,0x3A,0x1A,0x0A,0xFF,0x3A,0x1A,0x0A,0xFF,
    0x3A,0x1A,0x0A,0xFF,0x3A,0x1A,0x0A,0xFF,0x3A,0x1A,0x0A,0xFF,0x3A,0x1A,0x0A,0xFF,
    0x3A,0x1A,0x0A,0xFF,0x3A,0x1A,0x0A,0xFF,0x3A,0x1A,0x0A,0xFF,0x3A,0x1A,0x0A,0xFF,
    0x3A,0x1A,0x0A,0xFF,0x3A,0x1A,0x0A,0xFF,0x3A,0x1A,0x0A,0xFF,0x3A,0x1A,0x0A,0xFF,
    0x3A,0x1A,0x0A,0xFF,0x3A,0x1A,0x0A,0xFF,0x3A,0x1A,0x0A,0xFF,0x3A,0x1A,0x0A,0xFF,
    0x3A,0x1A,0x0A,0xFF,0x7D,0x4D,0x84,0xFF,0x00,0x00,0x00,0x00,0x00,0x00,0x00,0x00,
    0x00,0x00,0x00,0x00,0x00,0x00,0x00,0x00,0x00,0x00,0x00,0x00,0x7D,0x4D,0x84,0xFF,
    0x3A,0x1A,0x0A,0xFF,0x3A,0x1A,0x0A,0xFF,0x3A,0x1A,0x0A,0xFF,0x3A,0x1A,0x0A,0xFF,
    0x3A,0x1A,0x0A,0xFF,0x3A,0x1A,0x0A,0xFF,0x3A,0x1A,0x0A,0xFF,0x3A,0x1A,0x0A,0xFF,
    0x3A,0x1A,0x0A,0xFF,0x3A,0x1A,0x0A,0xFF,0x3A,0x1A,0x0A,0xFF,0x3A,0x1A,0x0A,0xFF,
    0x3A,0x1A,0x0A,0xFF,0x3A,0x1A,0x0A,0xFF,0x3A,0x1A,0x0A,0xFF,0x3A,0x1A,0x0A,0xFF,
    0x3A,0x1A,0x0A,0xFF,0x3A,0x1A,0x0A,0xFF,0x3A,0x1A,0x0A,0xFF,0x3A,0x1A,0x0A,0xFF,
    0x3A,0x1A,0x0A,0xFF,0x3A,0x1A,0x0A,0xFF,0x3A,0x1A,0x0A,0xFF,0x3A,0x1A,0x0A,0xFF,
    0x3A,0x1A,0x0A,0xFF,0x7D,0x4D,0x84,0xFF,0x00,0x00,0x00,0x00,0x00,0x00,0x00,0x00,
    0x00,0x00,0x00,0x00,0x00,0x00,0x00,0x00,0x00,0x00,0x00,0x00,0x7D,0x4D,0x84,0xFF,
    0x7D,0x4D,0x84,0xFF,0x3A,0x1A,0x0A,0xFF,0x3A,0x1A,0x0A,0xFF,0x3A,0x1A,0x0A,0xFF,
    0x3A,0x1A,0x0A,0xFF,0x3A,0x1A,0x0A,0xFF,0x3A,0x1A,0x0A,0xFF,0x3A,0x1A,0x0A,0xFF,
    0x3A,0x1A,0x0A,0xFF,0x3A,0x1A,0x0A,0xFF,0x3A,0x1A,0x0A,0xFF,0x3A,0x1A,0x0A,0xFF,
    0x3A,0x1A,0x0A,0xFF,0x3A,0x1A,0x0A,0xFF,0x3A,0x1A,0x0A,0xFF,0x3A,0x1A,0x0A,0xFF,
    0x3A,0x1A,0x0A,0xFF,0x3A,0x1A,0x0A,0xFF,0x3A,0x1A,0x0A,0xFF,0x3A,0x1A,0x0A,0xFF,
    0x3A,0x1A,0x0A,0xFF,0x3A,0x1A,0x0A,0xFF,0x3A,0x1A,0x0A,0xFF,0x3A,0x1A,0x0A,0xFF,
    0x7D,0x4D,0x84,0xFF,0x7D,0x4D,0x84,0xFF,0x00,0x00,0x00,0x00,0x00,0x00,0x00,0x00,
    0x00,0x00,0x00,0x00,0x00,0x00,0x00,0x00,0x00,0x00,0x00,0x00,0x00,0x00,0x00,0x00,
    0x7D,0x4D,0x84,0xFF,0x3A,0x1A,0x0A,0xFF,0x3A,0x1A,0x0A,0xFF,0x3A,0x1A,0x0A,0xFF,
    0x3A,0x1A,0x0A,0xFF,0x3A,0x1A,0x0A,0xFF,0x3A,0x1A,0x0A,0xFF,0x3A,0x1A,0x0A,0xFF,
    0x3A,0x1A,0x0A,0xFF,0x3A,0x1A,0x0A,0xFF,0x3A,0x1A,0x0A,0xFF,0x3A,0x1A,0x0A,0xFF,
    0x3A,0x1A,0x0A,0xFF,0x3A,0x1A,0x0A,0xFF,0x3A,0x1A,0x0A,0xFF,0x3A,0x1A,0x0A,0xFF,
    0x3A,0x1A,0x0A,0xFF,0x3A,0x1A,0x0A,0xFF,0x3A,0x1A,0x0A,0xFF,0x3A,0x1A,0x0A,0xFF,
    0x3A,0x1A,0x0A,0xFF,0x3A,0x1A,0x0A,0xFF,0x3A,0x1A,0x0A,0xFF,0x3A,0x1A,0x0A,0xFF,
    0x7D,0x4D,0x84,0xFF,0x00,0x00,0x00,0x00,0x00,0x00,0x00,0x00,0x00,0x00,0x00,0x00,
    0x00,0x00,0x00,0x00,0x00,0x00,0x00,0x00,0x00,0x00,0x00,0x00,0x00,0x00,0x00,0x00,
    0x7D,0x4D,0x84,0xFF,0x7D,0x4D,0x84,0xFF,0x3A,0x1A,0x0A,0xFF,0x3A,0x1A,0x0A,0xFF,
    0x3A,0x1A,0x0A,0xFF,0x3A,0x1A,0x0A,0xFF,0x3A,0x1A,0x0A,0xFF,0x3A,0x1A,0x0A,0xFF,
    0x3A,0x1A,0x0A,0xFF,0x3A,0x1A,0x0A,0xFF,0x3A,0x1A,0x0A,0xFF,0x3A,0x1A,0x0A,0xFF,
    0x3A,0x1A,0x0A,0xFF,0x3A,0x1A,0x0A,0xFF,0x3A,0x1A,0x0A,0xFF,0x3A,0x1A,0x0A,0xFF,
    0x3A,0x1A,0x0A,0xFF,0x3A,0x1A,0x0A,0xFF,0x3A,0x1A,0x0A,0xFF,0x3A,0x1A,0x0A,0xFF,
    0x3A,0x1A,0x0A,0xFF,0x3A,0x1A,0x0A,0xFF,0x3A,0x1A,0x0A,0xFF,0x7D,0x4D,0x84,0xFF,
    0x7D,0x4D,0x84,0xFF,0x00,0x00,0x00,0x00,0x00,0x00,0x00,0x00,0x00,0x00,0x00,0x00,
    0x00,0x00,0x00,0x00,0x00,0x00,0x00,0x00,0x00,0x00,0x00,0x00,0x00,0x00,0x00,0x00,
    0x00,0x00,0x00,0x00,0x7D,0x4D,0x84,0xFF,0x3A,0x1A,0x0A,0xFF,0x3A,0x1A,0x0A,0xFF,
    0x3A,0x1A,0x0A,0xFF,0x3A,0x1A,0x0A,0xFF,0x3A,0x1A,0x0A,0xFF,0x3A,0x1A,0x0A,0xFF,
    0x3A,0x1A,0x0A,0xFF,0x3A,0x1A,0x0A,0xFF,0x3A,0x1A,0x0A,0xFF,0x3A,0x1A,0x0A,0xFF,
    0x3A,0x1A,0x0A,0xFF,0x3A,0x1A,0x0A,0xFF,0x3A,0x1A,0x0A,0xFF,0x3A,0x1A,0x0A,0xFF,
    0x3A,0x1A,0x0A,0xFF,0x3A,0x1A,0x0A,0xFF,0x3A,0x1A,0x0A,0xFF,0x3A,0x1A,0x0A,0xFF,
    0x3A,0x1A,0x0A,0xFF,0x3A,0x1A,0x0A,0xFF,0x3A,0x1A,0x0A,0xFF,0x7D,0x4D,0x84,0xFF,
    0x00,0x00,0x00,0x00,0x00,0x00,0x00,0x00,0x00,0x00,0x00,0x00,0x00,0x00,0x00,0x00,
    0x00,0x00,0x00,0x00,0x00,0x00,0x00,0x00,0x00,0x00,0x00,0x00,0x00,0x00,0x00,0x00,
    0x00,0x00,0x00,0x00,0x00,0x00,0x00,0x00,0x7D,0x4D,0x84,0xFF,0x3A,0x1A,0x0A,0xFF,
    0x3A,0x1A,0x0A,0xFF,0x3A,0x1A,0x0A,0xFF,0x3A,0x1A,0x0A,0xFF,0x3A,0x1A,0x0A,0xFF,
    0x3A,0x1A,0x0A,0xFF,0x3A,0x1A,0x0A,0xFF,0x3A,0x1A,0x0A,0xFF,0x3A,0x1A,0x0A,0xFF,
    0x3A,0x1A,0x0A,0xFF,0x3A,0x1A,0x0A,0xFF,0x3A,0x1A,0x0A,0xFF,0x3A,0x1A,0x0A,0xFF,
    0x3A,0x1A,0x0A,0xFF,0x3A,0x1A,0x0A,0xFF,0x3A,0x1A,0x0A,0xFF,0x3A,0x1A,0x0A,0xFF,
    0x3A,0x1A,0x0A,0xFF,0x3A,0x1A,0x0A,0xFF,0x7D,0x4D,0x84,0xFF,0x00,0x00,0x00,0x00,
    0x00,0x00,0x00,0x00,0x00,0x00,0x00,0x00,0x00,0x00,0x00,0x00,0x00,0x00,0x00,0x00,
    0x00,0x00,0x00,0x00,0x00,0x00,0x00,0x00,0x00,0x00,0x00,0x00,0x00,0x00,0x00,0x00,
    0x00,0x00,0x00,0x00,0x00,0x00,0x00,0x00,0x00,0x00,0x00,0x00,0x7D,0x4D,0x84,0xFF,
    0x3A,0x1A,0x0A,0xFF,0x3A,0x1A,0x0A,0xFF,0x3A,0x1A,0x0A,0xFF,0x3A,0x1A,0x0A,0xFF,
    0x3A,0x1A,0x0A,0xFF,0x3A,0x1A,0x0A,0xFF,0x3A,0x1A,0x0A,0xFF,0x3A,0x1A,0x0A,0xFF,
    0x3A,0x1A,0x0A,0xFF,0x3A,0x1A,0x0A,0xFF,0x3A,0x1A,0x0A,0xFF,0x3A,0x1A,0x0A,0xFF,
    0x3A,0x1A,0x0A,0xFF,0x3A,0x1A,0x0A,0xFF,0x3A,0x1A,0x0A,0xFF,0x3A,0x1A,0x0A,0xFF,
    0x3A,0x1A,0x0A,0xFF,0x7D,0x4D,0x84,0xFF,0x00,0x00,0x00,0x00,0x00,0x00,0x00,0x00,
    0x00,0x00,0x00,0x00,0x00,0x00,0x00,0x00,0x00,0x00,0x00,0x00,0x00,0x00,0x00,0x00,
    0x00,0x00,0x00,0x00,0x00,0x00,0x00,0x00,0x00,0x00,0x00,0x00,0x00,0x00,0x00,0x00,
    0x00,0x00,0x00,0x00,0x00,0x00,0x00,0x00,0x00,0x00,0x00,0x00,0x00,0x00,0x00,0x00,
    0x7D,0x4D,0x84,0xFF,0x7D,0x4D,0x84,0xFF,0x3A,0x1A,0x0A,0xFF,0x3A,0x1A,0x0A,0xFF,
    0x3A,0x1A,0x0A,0xFF,0x3A,0x1A,0x0A,0xFF,0x3A,0x1A,0x0A,0xFF,0x3A,0x1A,0x0A,0xFF,
    0x3A,0x1A,0x0A,0xFF,0x3A,0x1A,0x0A,0xFF,0x3A,0x1A,0x0A,0xFF,0x3A,0x1A,0x0A,0xFF,
    0x3A,0x1A,0x0A,0xFF,0x3A,0x1A,0x0A,0xFF,0x3A,0x1A,0x0A,0xFF,0x7D,0x4D,0x84,0xFF,
    0x7D,0x4D,0x84,0xFF,0x00,0x00,0x00,0x00,0x00,0x00,0x00,0x00,0x00,0x00,0x00,0x00,
    0x00,0x00,0x00,0x00,0x00,0x00,0x00,0x00,0x00,0x00,0x00,0x00,0x00,0x00,0x00,0x00,
    0x00,0x00,0x00,0x00,0x00,0x00,0x00,0x00,0x00,0x00,0x00,0x00,0x00,0x00,0x00,0x00,
    0x00,0x00,0x00,0x00,0x00,0x00,0x00,0x00,0x00,0x00,0x00,0x00,0x00,0x00,0x00,0x00,
    0x00,0x00,0x00,0x00,0x7D,0x4D,0x84,0xFF,0x7D,0x4D,0x84,0xFF,0x7D,0x4D,0x84,0xFF,
    0x3A,0x1A,0x0A,0xFF,0x3A,0x1A,0x0A,0xFF,0x3A,0x1A,0x0A,0xFF,0x3A,0x1A,0x0A,0xFF,
    0x3A,0x1A,0x0A,0xFF,0x3A,0x1A,0x0A,0xFF,0x3A,0x1A,0x0A,0xFF,0x3A,0x1A,0x0A,0xFF,
    0x3A,0x1A,0x0A,0xFF,0x7D,0x4D,0x84,0xFF,0x7D,0x4D,0x84,0xFF,0x7D,0x4D,0x84,0xFF,
    0x00,0x00,0x00,0x00,0x00,0x00,0x00,0x00,0x00,0x00,0x00,0x00,0x00,0x00,0x00,0x00,
    0x00,0x00,0x00,0x00,0x00,0x00,0x00,0x00,0x00,0x00,0x00,0x00,0x00,0x00,0x00,0x00,
    0x00,0x00,0x00,0x00,0x00,0x00,0x00,0x00,0x00,0x00,0x00,0x00,0x00,0x00,0x00,0x00,
    0x00,0x00,0x00,0x00,0x00,0x00,0x00,0x00,0x00,0x00,0x00,0x00,0x00,0x00,0x00,0x00,
    0x00,0x00,0x00,0x00,0x00,0x00,0x00,0x00,0x00,0x00,0x00,0x00,0x7D,0x4D,0x84,0xFF,
    0x7D,0x4D,0x84,0xFF,0x7D,0x4D,0x84,0xFF,0x7D,0x4D,0x84,0xFF,0x7D,0x4D,0x84,0xFF,
    0x7D,0x4D,0x84,0xFF,0x7D,0x4D,0x84,0xFF,0x7D,0x4D,0x84,0xFF,0x7D,0x4D,0x84,0xFF,
    0x7D,0x4D,0x84,0xFF,0x7D,0x4D,0x84,0xFF,0x00,0x00,0x00,0x00,0x00,0x00,0x00,0x00,
    0x00,0x00,0x00,0x00,0x00,0x00,0x00,0x00,0x00,0x00,0x00,0x00,0x00,0x00,0x00,0x00,
    0x00,0x00,0x00,0x00,0x00,0x00,0x00,0x00,0x00,0x00,0x00,0x00,0x00,0x00,0x00,0x00,
    0x00,0x00,0x00,0x00,0x00,0x00,0x00,0x00,0x00,0x00,0x00,0x00,0x00,0x00,0x00,0x00,
    0x00,0x00,0x00,0x00,0x00,0x00,0x00,0x00,0x00,0x00,0x00,0x00,0x00,0x00,0x00,0x00,
    0x00,0x00,0x00,0x00,0x00,0x00,0x00,0x00,0x00,0x00,0x00,0x00,0x00,0x00,0x00,0x00,
    0x00,0x00,0x00,0x00,0x00,0x00,0x00,0x00,0x00,0x00,0x00,0x00,0x00,0x00,0x00,0x00,
    0x00,0x00,0x00,0x00,0x00,0x00,0x00,0x00,0x00,0x00,0x00,0x00,0x00,0x00,0x00,0x00,
    0x00,0x00,0x00,0x00,0x00,0x00,0x00,0x00,0x00,0x00,0x00,0x00,0x00,0x00,0x00,0x00,
    0x00,0x00,0x00,0x00,0x00,0x00,0x00,0x00,0x00,0x00,0x00,0x00,0x00,0x00,0x00,0x00,
    0x00,0x00,0x00,0x00,0x00,0x00,0x00,0x00,0x00,0x00,0x00,0x00,0x00,0x00,0x00,0x00,
    0x00,0x00,0x00,0x00,0x00,0x00,0x00,0x00,0x00,0x00,0x00,0x00,0x00,0x00,0x00,0x00,
    0x00,0x00,0x00,0x00,0x00,0x00,0x00,0x00,0x00,0x00,0x00,0x00,0x00,0x00,0x00,0x00,
    0x00,0x00,0x00,0x00,0x00,0x00,0x00,0x00,0x00,0x00,0x00,0x00,0x00,0x00,0x00,0x00,
    0x00,0x00,0x00,0x00,0x00,0x00,0x00,0x00,0x00,0x00,0x00,0x00,0x00,0x00,0x00,0x00,
    0x00,0x00,0x00,0x00,0x00,0x00,0x00,0x00,0x00,0x00,0x00,0x00,0x00,0x00,0x00,0x00,
    0x00,0x00,0x00,0x00,0x00,0x00,0x00,0x00,0x00,0x00,0x00,0x00,0x00,0x00,0x00,0x00,
    0x00,0x00,0x00,0x00,0x00,0x00,0x00,0x00,0x00,0x00,0x00,0x00,0x00,0x00,0x00,0x00,
    0x00,0x00,0x00,0x00,0x00,0x00,0x00,0x00,0x00,0x00,0x00,0x00,0x00,0x00,0x00,0x00,
};

static const uint8_t icon_data_calculator[] = {
    0x44,0x52,0x43,0x4F,0x20,0x00,0x20,0x00,0x20,0x00,0x00,0x00,0x00,0x00,0x00,0x00,
    0x00,0x00,0x00,0x00,0x00,0x00,0x00,0x00,0x00,0x00,0x00,0x00,0x00,0x00,0x00,0x00,
    0x00,0x00,0x00,0x00,0x00,0x00,0x00,0x00,0x00,0x00,0x00,0x00,0x00,0x00,0x00,0x00,
    0x00,0x00,0x00,0x00,0x00,0x00,0x00,0x00,0x00,0x00,0x00,0x00,0x00,0x00,0x00,0x00,
    0x00,0x00,0x00,0x00,0x00,0x00,0x00,0x00,0x00,0x00,0x00,0x00,0x00,0x00,0x00,0x00,
    0x00,0x00,0x00,0x00,0x00,0x00,0x00,0x00,0x00,0x00,0x00,0x00,0x00,0x00,0x00,0x00,
    0x00,0x00,0x00,0x00,0x00,0x00,0x00,0x00,0x00,0x00,0x00,0x00,0x00,0x00,0x00,0x00,
    0x00,0x00,0x00,0x00,0x00,0x00,0x00,0x00,0x00,0x00,0x00,0x00,0x00,0x00,0x00,0x00,
    0x00,0x00,0x00,0x00,0x00,0x00,0x00,0x00,0x00,0x00,0x00,0x00,0x00,0x00,0x00,0x00,
    0x00,0x00,0x00,0x00,0x00,0x00,0x00,0x00,0x00,0x00,0x00,0x00,0x00,0x00,0x00,0x00,
    0x00,0x00,0x00,0x00,0x00,0x00,0x00,0x00,0x00,0x00,0x00,0x00,0x00,0x00,0x00,0x00,
    0x00,0x00,0x00,0x00,0x00,0x00,0x00,0x00,0x00,0x00,0x00,0x00,0x00,0x00,0x00,0x00,
    0x00,0x00,0x00,0x00,0x00,0x00,0x00,0x00,0x00,0x00,0x00,0x00,0x00,0x00,0x00,0x00,
    0x00,0x00,0x00,0x00,0x00,0x00,0x00,0x00,0x00,0x00,0x00,0x00,0x00,0x00,0x00,0x00,
    0x00,0x00,0x00,0x00,0x00,0x00,0x00,0x00,0x00,0x00,0x00,0x00,0x00,0x00,0x00,0x00,
    0x00,0x00,0x00,0x00,0x00,0x00,0x00,0x00,0x00,0x00,0x00,0x00,0x00,0x00,0x00,0x00,
    0x00,0x00,0x00,0x00,0x00,0x00,0x00,0x00,0x00,0x00,0x00,0x00,0x00,0x00,0x00,0x00,
    0x00,0x00,0x00,0x00,0x00,0x00,0x00,0x00,0x00,0x00,0x00,0x00,0x00,0x00,0x00,0x00,
    0x00,0x00,0x00,0x00,0x00,0x00,0x00,0x00,0x00,0x00,0x00,0x00,0x00,0x00,0x00,0x00,
    0x00,0x00,0x00,0x00,0x00,0x00,0x00,0x00,0x00,0x00,0x00,0x00,0x00,0x00,0x00,0x00,
    0x00,0x00,0x00,0x00,0x00,0x00,0x00,0x00,0x00,0x00,0x00,0x00,0x00,0x00,0x00,0x00,
    0x00,0x00,0x00,0x00,0x00,0x00,0x00,0x00,0x00,0x00,0x00,0x00,0x00,0x00,0x00,0x00,
    0x00,0x00,0x00,0x00,0x00,0x00,0x00,0x00,0x00,0x00,0x00,0x00,0x00,0x00,0x00,0x00,
    0x00,0x00,0x00,0x00,0x00,0x00,0x00,0x00,0x00,0x00,0x00,0x00,0x00,0x00,0x00,0x00,
    0x00,0x00,0x00,0x00,0x00,0x00,0x00,0x00,0x00,0x00,0x00,0x00,0x00,0x00,0x00,0x00,
    0x00,0x00,0x00,0x00,0x00,0x00,0x00,0x00,0x00,0x00,0x00,0x00,0x00,0x00,0x00,0x00,
    0x00,0x00,0x00,0x00,0x00,0x00,0x00,0x00,0x00,0x00,0x00,0x00,0x00,0x00,0x00,0x00,
    0x00,0x00,0x00,0x00,0x00,0x00,0x00,0x00,0x00,0x00,0x00,0x00,0x8C,0x35,0x65,0xFF,
    0x8C,0x35,0x65,0xFF,0x8C,0x35,0x65,0xFF,0x8C,0x35,0x65,0xFF,0x8C,0x35,0x65,0xFF,
    0x8C,0x35,0x65,0xFF,0x8C,0x35,0x65,0xFF,0x8C,0x35,0x65,0xFF,0x8C,0x35,0x65,0xFF,
    0x8C,0x35,0x65,0xFF,0x8C,0x35,0x65,0xFF,0x00,0x00,0x00,0x00,0x00,0x00,0x00,0x00,
    0x00,0x00,0x00,0x00,0x00,0x00,0x00,0x00,0x00,0x00,0x00,0x00,0x00,0x00,0x00,0x00,
    0x00,0x00,0x00,0x00,0x00,0x00,0x00,0x00,0x00,0x00,0x00,0x00,0x00,0x00,0x00,0x00,
    0x00,0x00,0x00,0x00,0x00,0x00,0x00,0x00,0x00,0x00,0x00,0x00,0x00,0x00,0x00,0x00,
    0x00,0x00,0x00,0x00,0x00,0x00,0x00,0x00,0x00,0x00,0x00,0x00,0x00,0x00,0x00,0x00,
    0x00,0x00,0x00,0x00,0x8C,0x35,0x65,0xFF,0x8C,0x35,0x65,0xFF,0x8C,0x35,0x65,0xFF,
    0x1A,0x0A,0x3A,0xFF,0x1A,0x0A,0x3A,0xFF,0x1A,0x0A,0x3A,0xFF,0x1A,0x0A,0x3A,0xFF,
    0x1A,0x0A,0x3A,0xFF,0x1A,0x0A,0x3A,0xFF,0x1A,0x0A,0x3A,0xFF,0x1A,0x0A,0x3A,0xFF,
    0x1A,0x0A,0x3A,0xFF,0x8C,0x35,0x65,0xFF,0x8C,0x35,0x65,0xFF,0x8C,0x35,0x65,0xFF,
    0x00,0x00,0x00,0x00,0x00,0x00,0x00,0x00,0x00,0x00,0x00,0x00,0x00,0x00,0x00,0x00,
    0x00,0x00,0x00,0x00,0x00,0x00,0x00,0x00,0x00,0x00,0x00,0x00,0x00,0x00,0x00,0x00,
    0x00,0x00,0x00,0x00,0x00,0x00,0x00,0x00,0x00,0x00,0x00,0x00,0x00,0x00,0x00,0x00,
    0x00,0x00,0x00,0x00,0x00,0x00,0x00,0x00,0x00,0x00,0x00,0x00,0x00,0x00,0x00,0x00,
    0x8C,0x35,0x65,0xFF,0x8C,0x35,0x65,0xFF,0x1A,0x0A,0x3A,0xFF,0x1A,0x0A,0x3A,0xFF,
    0x1A,0x0A,0x3A,0xFF,0x1A,0x0A,0x3A,0xFF,0x1A,0x0A,0x3A,0xFF,0x1A,0x0A,0x3A,0xFF,
    0x1A,0x0A,0x3A,0xFF,0x1A,0x0A,0x3A,0xFF,0x1A,0x0A,0x3A,0xFF,0x1A,0x0A,0x3A,0xFF,
    0x1A,0x0A,0x3A,0xFF,0x1A,0x0A,0x3A,0xFF,0x1A,0x0A,0x3A,0xFF,0x8C,0x35,0x65,0xFF,
    0x8C,0x35,0x65,0xFF,0x00,0x00,0x00,0x00,0x00,0x00,0x00,0x00,0x00,0x00,0x00,0x00,
    0x00,0x00,0x00,0x00,0x00,0x00,0x00,0x00,0x00,0x00,0x00,0x00,0x00,0x00,0x00,0x00,
    0x00,0x00,0x00,0x00,0x00,0x00,0x00,0x00,0x00,0x00,0x00,0x00,0x00,0x00,0x00,0x00,
    0x00,0x00,0x00,0x00,0x00,0x00,0x00,0x00,0x00,0x00,0x00,0x00,0x8C,0x35,0x65,0xFF,
    0x1A,0x0A,0x3A,0xFF,0x1A,0x0A,0x3A,0xFF,0x1A,0x0A,0x3A,0xFF,0x1A,0x0A,0x3A,0xFF,
    0x1A,0x0A,0x3A,0xFF,0x1A,0x0A,0x3A,0xFF,0x1A,0x0A,0x3A,0xFF,0x1A,0x0A,0x3A,0xFF,
    0x1A,0x0A,0x3A,0xFF,0x1A,0x0A,0x3A,0xFF,0x1A,0x0A,0x3A,0xFF,0x1A,0x0A,0x3A,0xFF,
    0x1A,0x0A,0x3A,0xFF,0x1A,0x0A,0x3A,0xFF,0x1A,0x0A,0x3A,0xFF,0x1A,0x0A,0x3A,0xFF,
    0x1A,0x0A,0x3A,0xFF,0x8C,0x35,0x65,0xFF,0x00,0x00,0x00,0x00,0x00,0x00,0x00,0x00,
    0x00,0x00,0x00,0x00,0x00,0x00,0x00,0x00,0x00,0x00,0x00,0x00,0x00,0x00,0x00,0x00,
    0x00,0x00,0x00,0x00,0x00,0x00,0x00,0x00,0x00,0x00,0x00,0x00,0x00,0x00,0x00,0x00,
    0x00,0x00,0x00,0x00,0x00,0x00,0x00,0x00,0x8C,0x35,0x65,0xFF,0x1A,0x0A,0x3A,0xFF,
    0x1A,0x0A,0x3A,0xFF,0x1A,0x0A,0x3A,0xFF,0x1A,0x0A,0x3A,0xFF,0x1A,0x0A,0x3A,0xFF,
    0x1A,0x0A,0x3A,0xFF,0x1A,0x0A,0x3A,0xFF,0x1A,0x0A,0x3A,0xFF,0x1A,0x0A,0x3A,0xFF,
    0x1A,0x0A,0x3A,0xFF,0x1A,0x0A,0x3A,0xFF,0x1A,0x0A,0x3A,0xFF,0x1A,0x0A,0x3A,0xFF,
    0x1A,0x0A,0x3A,0xFF,0x1A,0x0A,0x3A,0xFF,0x1A,0x0A,0x3A,0xFF,0x1A,0x0A,0x3A,0xFF,
    0x1A,0x0A,0x3A,0xFF,0x1A,0x0A,0x3A,0xFF,0x8C,0x35,0x65,0xFF,0x00,0x00,0x00,0x00,
    0x00,0x00,0x00,0x00,0x00,0x00,0x00,0x00,0x00,0x00,0x00,0x00,0x00,0x00,0x00,0x00,
    0x00,0x00,0x00,0x00,0x00,0x00,0x00,0x00,0x00,0x00,0x00,0x00,0x00,0x00,0x00,0x00,
    0x00,0x00,0x00,0x00,0x8C,0x35,0x65,0xFF,0x1A,0x0A,0x3A,0xFF,0x1A,0x0A,0x3A,0xFF,
    0x1A,0x0A,0x3A,0xFF,0x1A,0x0A,0x3A,0xFF,0x1A,0x0A,0x3A,0xFF,0x1A,0x0A,0x3A,0xFF,
    0x1A,0x0A,0x3A,0xFF,0x1A,0x0A,0x3A,0xFF,0x1A,0x0A,0x3A,0xFF,0x1A,0x0A,0x3A,0xFF,
    0x1A,0x0A,0x3A,0xFF,0x1A,0x0A,0x3A,0xFF,0x1A,0x0A,0x3A,0xFF,0x1A,0x0A,0x3A,0xFF,
    0x1A,0x0A,0x3A,0xFF,0x1A,0x0A,0x3A,0xFF,0x1A,0x0A,0x3A,0xFF,0x1A,0x0A,0x3A,0xFF,
    0x1A,0x0A,0x3A,0xFF,0x1A,0x0A,0x3A,0xFF,0x1A,0x0A,0x3A,0xFF,0x8C,0x35,0x65,0xFF,
    0x00,0x00,0x00,0x00,0x00,0x00,0x00,0x00,0x00,0x00,0x00,0x00,0x00,0x00,0x00,0x00,
    0x00,0x00,0x00,0x00,0x00,0x00,0x00,0x00,0x00,0x00,0x00,0x00,0x00,0x00,0x00,0x00,
    0x8C,0x35,0x65,0xFF,0x8C,0x35,0x65,0xFF,0x1A,0x0A,0x3A,0xFF,0x1A,0x0A,0x3A,0xFF,
    0x1A,0x0A,0x3A,0xFF,0x1A,0x0A,0x3A,0xFF,0x1A,0x0A,0x3A,0xFF,0x1A,0x0A,0x3A,0xFF,
    0x1A,0x0A,0x3A,0xFF,0x1A,0x0A,0x3A,0xFF,0x1A,0x0A,0x3A,0xFF,0x1A,0x0A,0x3A,0xFF,
    0x1A,0x0A,0x3A,0xFF,0x1A,0x0A,0x3A,0xFF,0x1A,0x0A,0x3A,0xFF,0x1A,0x0A,0x3A,0xFF,
    0x1A,0x0A,0x3A,0xFF,0x1A,0x0A,0x3A,0xFF,0x1A,0x0A,0x3A,0xFF,0x1A,0x0A,0x3A,0xFF,
    0x1A,0x0A,0x3A,0xFF,0x1A,0x0A,0x3A,0xFF,0x1A,0x0A,0x3A,0xFF,0x8C,0x35,0x65,0xFF,
    0x8C,0x35,0x65,0xFF,0x00,0x00,0x00,0x00,0x00,0x00,0x00,0x00,0x00,0x00,0x00,0x00,
    0x00,0x00,0x00,0x00,0x00,0x00,0x00,0x00,0x00,0x00,0x00,0x00,0x00,0x00,0x00,0x00,
    0x8C,0x35,0x65,0xFF,0x1A,0x0A,0x3A,0xFF,0x1A,0x0A,0x3A,0xFF,0x1A,0x0A,0x3A,0xFF,
    0x1A,0x0A,0x3A,0xFF,0x1A,0x0A,0x3A,0xFF,0x1A,0x0A,0x3A,0xFF,0x1A,0x0A,0x3A,0xFF,
    0x1A,0x0A,0x3A,0xFF,0x1A,0x0A,0x3A,0xFF,0x1A,0x0A,0x3A,0xFF,0x1A,0x0A,0x3A,0xFF,
    0x1A,0x0A,0x3A,0xFF,0x1A,0x0A,0x3A,0xFF,0x1A,0x0A,0x3A,0xFF,0x1A,0x0A,0x3A,0xFF,
    0x1A,0x0A,0x3A,0xFF,0x1A,0x0A,0x3A,0xFF,0x1A,0x0A,0x3A,0xFF,0x1A,0x0A,0x3A,0xFF,
    0x1A,0x0A,0x3A,0xFF,0x1A,0x0A,0x3A,0xFF,0x1A,0x0A,0x3A,0xFF,0x1A,0x0A,0x3A,0xFF,
    0x8C,0x35,0x65,0xFF,0x00,0x00,0x00,0x00,0x00,0x00,0x00,0x00,0x00,0x00,0x00,0x00,
    0x00,0x00,0x00,0x00,0x00,0x00,0x00,0x00,0x00,0x00,0x00,0x00,0x8C,0x35,0x65,0xFF,
    0x8C,0x35,0x65,0xFF,0x1A,0x0A,0x3A,0xFF,0x1A,0x0A,0x3A,0xFF,0x1A,0x0A,0x3A,0xFF,
    0x1A,0x0A,0x3A,0xFF,0x1A,0x0A,0x3A,0xFF,0x1A,0x0A,0x3A,0xFF,0x1A,0x0A,0x3A,0xFF,
    0x1A,0x0A,0x3A,0xFF,0x1A,0x0A,0x3A,0xFF,0x1A,0x0A,0x3A,0xFF,0x1A,0x0A,0x3A,0xFF,
    0x1A,0x0A,0x3A,0xFF,0x1A,0x0A,0x3A,0xFF,0x1A,0x0A,0x3A,0xFF,0x1A,0x0A,0x3A,0xFF,
    0x1A,0x0A,0x3A,0xFF,0x1A,0x0A,0x3A,0xFF,0x1A,0x0A,0x3A,0xFF,0x1A,0x0A,0x3A,0xFF,
    0x1A,0x0A,0x3A,0xFF,0x1A,0x0A,0x3A,0xFF,0x1A,0x0A,0x3A,0xFF,0x1A,0x0A,0x3A,0xFF,
    0x8C,0x35,0x65,0xFF,0x8C,0x35,0x65,0xFF,0x00,0x00,0x00,0x00,0x00,0x00,0x00,0x00,
    0x00,0x00,0x00,0x00,0x00,0x00,0x00,0x00,0x00,0x00,0x00,0x00,0x8C,0x35,0x65,0xFF,
    0x1A,0x0A,0x3A,0xFF,0x1A,0x0A,0x3A,0xFF,0x1A,0x0A,0x3A,0xFF,0x1A,0x0A,0x3A,0xFF,
    0x1A,0x0A,0x3A,0xFF,0x1A,0x0A,0x3A,0xFF,0x1A,0x0A,0x3A,0xFF,0x1A,0x0A,0x3A,0xFF,
    0x1A,0x0A,0x3A,0xFF,0x1A,0x0A,0x3A,0xFF,0x1A,0x0A,0x3A,0xFF,0x1A,0x0A,0x3A,0xFF,
    0x1A,0x0A,0x3A,0xFF,0x1A,0x0A,0x3A,0xFF,0x1A,0x0A,0x3A,0xFF,0x1A,0x0A,0x3A,0xFF,
    0x1A,0x0A,0x3A,0xFF,0x1A,0x0A,0x3A,0xFF,0x1A,0x0A,0x3A,0xFF,0x1A,0x0A,0x3A,0xFF,
    0x1A,0x0A,0x3A,0xFF,0x1A,0x0A,0x3A,0xFF,0x1A,0x0A,0x3A,0xFF,0x1A,0x0A,0x3A,0xFF,
    0x1A,0x0A,0x3A,0xFF,0x8C,0x35,0x65,0xFF,0x00,0x00,0x00,0x00,0x00,0x00,0x00,0x00,
    0x00,0x00,0x00,0x00,0x00,0x00,0x00,0x00,0x00,0x00,0x00,0x00,0x8C,0x35,0x65,0xFF,
    0x1A,0x0A,0x3A,0xFF,0x1A,0x0A,0x3A,0xFF,0x1A,0x0A,0x3A,0xFF,0x1A,0x0A,0x3A,0xFF,
    0x1A,0x0A,0x3A,0xFF,0x1A,0x0A,0x3A,0xFF,0x1A,0x0A,0x3A,0xFF,0x1A,0x0A,0x3A,0xFF,
    0x1A,0x0A,0x3A,0xFF,0x1A,0x0A,0x3A,0xFF,0x1A,0x0A,0x3A,0xFF,0x1A,0x0A,0x3A,0xFF,
    0x1A,0x0A,0x3A,0xFF,0x1A,0x0A,0x3A,0xFF,0x1A,0x0A,0x3A,0xFF,0x1A,0x0A,0x3A,0xFF,
    0x1A,0x0A,0x3A,0xFF,0x1A,0x0A,0x3A,0xFF,0x1A,0x0A,0x3A,0xFF,0x1A,0x0A,0x3A,0xFF,
    0x1A,0x0A,0x3A,0xFF,0x1A,0x0A,0x3A,0xFF,0x1A,0x0A,0x3A,0xFF,0x1A,0x0A,0x3A,0xFF,
    0x1A,0x0A,0x3A,0xFF,0x8C,0x35,0x65,0xFF,0x00,0x00,0x00,0x00,0x00,0x00,0x00,0x00,
    0x00,0x00,0x00,0x00,0x00,0x00,0x00,0x00,0x00,0x00,0x00,0x00,0x8C,0x35,0x65,0xFF,
    0x1A,0x0A,0x3A,0xFF,0x1A,0x0A,0x3A,0xFF,0x1A,0x0A,0x3A,0xFF,0x1A,0x0A,0x3A,0xFF,
    0x1A,0x0A,0x3A,0xFF,0x1A,0x0A,0x3A,0xFF,0x1A,0x0A,0x3A,0xFF,0x1A,0x0A,0x3A,0xFF,
    0x1A,0x0A,0x3A,0xFF,0x1A,0x0A,0x3A,0xFF,0x1A,0x0A,0x3A,0xFF,0x1A,0x0A,0x3A,0xFF,
    0x1A,0x0A,0x3A,0xFF,0x1A,0x0A,0x3A,0xFF,0x1A,0x0A,0x3A,0xFF,0x1A,0x0A,0x3A,0xFF,
    0x1A,0x0A,0x3A,0xFF,0x1A,0x0A,0x3A,0xFF,0x1A,0x0A,0x3A,0xFF,0x1A,0x0A,0x3A,0xFF,
    0x1A,0x0A,0x3A,0xFF,0x1A,0x0A,0x3A,0xFF,0x1A,0x0A,0x3A,0xFF,0x1A,0x0A,0x3A,0xFF,
    0x1A,0x0A,0x3A,0xFF,0x8C,0x35,0x65,0xFF,0x00,0x00,0x00,0x00,0x00,0x00,0x00,0x00,
    0x00,0x00,0x00,0x00,0x00,0x00,0x00,0x00,0x00,0x00,0x00,0x00,0x8C,0x35,0x65,0xFF,
    0x1A,0x0A,0x3A,0xFF,0x1A,0x0A,0x3A,0xFF,0x1A,0x0A,0x3A,0xFF,0x1A,0x0A,0x3A,0xFF,
    0x1A,0x0A,0x3A,0xFF,0x1A,0x0A,0x3A,0xFF,0x1A,0x0A,0x3A,0xFF,0x1A,0x0A,0x3A,0xFF,
    0x1A,0x0A,0x3A,0xFF,0x1A,0x0A,0x3A,0xFF,0x1A,0x0A,0x3A,0xFF,0x1A,0x0A,0x3A,0xFF,
    0x1A,0x0A,0x3A,0xFF,0x1A,0x0A,0x3A,0xFF,0x1A,0x0A,0x3A,0xFF,0x1A,0x0A,0x3A,0xFF,
    0x1A,0x0A,0x3A,0xFF,0x1A,0x0A,0x3A,0xFF,0x1A,0x0A,0x3A,0xFF,0x1A,0x0A,0x3A,0xFF,
    0x1A,0x0A,0x3A,0xFF,0x1A,0x0A,0x3A,0xFF,0x1A,0x0A,0x3A,0xFF,0x1A,0x0A,0x3A,0xFF,
    0x1A,0x0A,0x3A,0xFF,0x8C,0x35,0x65,0xFF,0x00,0x00,0x00,0x00,0x00,0x00,0x00,0x00,
    0x00,0x00,0x00,0x00,0x00,0x00,0x00,0x00,0x00,0x00,0x00,0x00,0x8C,0x35,0x65,0xFF,
    0x1A,0x0A,0x3A,0xFF,0x1A,0x0A,0x3A,0xFF,0x1A,0x0A,0x3A,0xFF,0x1A,0x0A,0x3A,0xFF,
    0x1A,0x0A,0x3A,0xFF,0x1A,0x0A,0x3A,0xFF,0x1A,0x0A,0x3A,0xFF,0x1A,0x0A,0x3A,0xFF,
    0x1A,0x0A,0x3A,0xFF,0x1A,0x0A,0x3A,0xFF,0x1A,0x0A,0x3A,0xFF,0x1A,0x0A,0x3A,0xFF,
    0x1A,0x0A,0x3A,0xFF,0x1A,0x0A,0x3A,0xFF,0x1A,0x0A,0x3A,0xFF,0x1A,0x0A,0x3A,0xFF,
    0x1A,0x0A,0x3A,0xFF,0x1A,0x0A,0x3A,0xFF,0x1A,0x0A,0x3A,0xFF,0x1A,0x0A,0x3A,0xFF,
    0x1A,0x0A,0x3A,0xFF,0x1A,0x0A,0x3A,0xFF,0x1A,0x0A,0x3A,0xFF,0x1A,0x0A,0x3A,0xFF,
    0x1A,0x0A,0x3A,0xFF,0x8C,0x35,0x65,0xFF,0x00,0x00,0x00,0x00,0x00,0x00,0x00,0x00,
    0x00,0x00,0x00,0x00,0x00,0x00,0x00,0x00,0x00,0x00,0x00,0x00,0x8C,0x35,0x65,0xFF,
    0x1A,0x0A,0x3A,0xFF,0x1A,0x0A,0x3A,0xFF,0x1A,0x0A,0x3A,0xFF,0x1A,0x0A,0x3A,0xFF,
    0x1A,0x0A,0x3A,0xFF,0x1A,0x0A,0x3A,0xFF,0x1A,0x0A,0x3A,0xFF,0x1A,0x0A,0x3A,0xFF,
    0x1A,0x0A,0x3A,0xFF,0x1A,0x0A,0x3A,0xFF,0x1A,0x0A,0x3A,0xFF,0x1A,0x0A,0x3A,0xFF,
    0x1A,0x0A,0x3A,0xFF,0x1A,0x0A,0x3A,0xFF,0x1A,0x0A,0x3A,0xFF,0x1A,0x0A,0x3A,0xFF,
    0x1A,0x0A,0x3A,0xFF,0x1A,0x0A,0x3A,0xFF,0x1A,0x0A,0x3A,0xFF,0x1A,0x0A,0x3A,0xFF,
    0x1A,0x0A,0x3A,0xFF,0x1A,0x0A,0x3A,0xFF,0x1A,0x0A,0x3A,0xFF,0x1A,0x0A,0x3A,0xFF,
    0x1A,0x0A,0x3A,0xFF,0x8C,0x35,0x65,0xFF,0x00,0x00,0x00,0x00,0x00,0x00,0x00,0x00,
    0x00,0x00,0x00,0x00,0x00,0x00,0x00,0x00,0x00,0x00,0x00,0x00,0x8C,0x35,0x65,0xFF,
    0x1A,0x0A,0x3A,0xFF,0x1A,0x0A,0x3A,0xFF,0x1A,0x0A,0x3A,0xFF,0x1A,0x0A,0x3A,0xFF,
    0x1A,0x0A,0x3A,0xFF,0x1A,0x0A,0x3A,0xFF,0x1A,0x0A,0x3A,0xFF,0x1A,0x0A,0x3A,0xFF,
    0x1A,0x0A,0x3A,0xFF,0x1A,0x0A,0x3A,0xFF,0x1A,0x0A,0x3A,0xFF,0x1A,0x0A,0x3A,0xFF,
    0x1A,0x0A,0x3A,0xFF,0x1A,0x0A,0x3A,0xFF,0x1A,0x0A,0x3A,0xFF,0x1A,0x0A,0x3A,0xFF,
    0x1A,0x0A,0x3A,0xFF,0x1A,0x0A,0x3A,0xFF,0x1A,0x0A,0x3A,0xFF,0x1A,0x0A,0x3A,0xFF,
    0x1A,0x0A,0x3A,0xFF,0x1A,0x0A,0x3A,0xFF,0x1A,0x0A,0x3A,0xFF,0x1A,0x0A,0x3A,0xFF,
    0x1A,0x0A,0x3A,0xFF,0x8C,0x35,0x65,0xFF,0x00,0x00,0x00,0x00,0x00,0x00,0x00,0x00,
    0x00,0x00,0x00,0x00,0x00,0x00,0x00,0x00,0x00,0x00,0x00,0x00,0x8C,0x35,0x65,0xFF,
    0x1A,0x0A,0x3A,0xFF,0x1A,0x0A,0x3A,0xFF,0x1A,0x0A,0x3A,0xFF,0x1A,0x0A,0x3A,0xFF,
    0x1A,0x0A,0x3A,0xFF,0x1A,0x0A,0x3A,0xFF,0x1A,0x0A,0x3A,0xFF,0x1A,0x0A,0x3A,0xFF,
    0x1A,0x0A,0x3A,0xFF,0x1A,0x0A,0x3A,0xFF,0x1A,0x0A,0x3A,0xFF,0x1A,0x0A,0x3A,0xFF,
    0x1A,0x0A,0x3A,0xFF,0x1A,0x0A,0x3A,0xFF,0x1A,0x0A,0x3A,0xFF,0x1A,0x0A,0x3A,0xFF,
    0x1A,0x0A,0x3A,0xFF,0x1A,0x0A,0x3A,0xFF,0x1A,0x0A,0x3A,0xFF,0x1A,0x0A,0x3A,0xFF,
    0x1A,0x0A,0x3A,0xFF,0x1A,0x0A,0x3A,0xFF,0x1A,0x0A,0x3A,0xFF,0x1A,0x0A,0x3A,0xFF,
    0x1A,0x0A,0x3A,0xFF,0x8C,0x35,0x65,0xFF,0x00,0x00,0x00,0x00,0x00,0x00,0x00,0x00,
    0x00,0x00,0x00,0x00,0x00,0x00,0x00,0x00,0x00,0x00,0x00,0x00,0x8C,0x35,0x65,0xFF,
    0x1A,0x0A,0x3A,0xFF,0x1A,0x0A,0x3A,0xFF,0x1A,0x0A,0x3A,0xFF,0x1A,0x0A,0x3A,0xFF,
    0x1A,0x0A,0x3A,0xFF,0x1A,0x0A,0x3A,0xFF,0x1A,0x0A,0x3A,0xFF,0x1A,0x0A,0x3A,0xFF,
    0x1A,0x0A,0x3A,0xFF,0x1A,0x0A,0x3A,0xFF,0x1A,0x0A,0x3A,0xFF,0x1A,0x0A,0x3A,0xFF,
    0x1A,0x0A,0x3A,0xFF,0x1A,0x0A,0x3A,0xFF,0x1A,0x0A,0x3A,0xFF,0x1A,0x0A,0x3A,0xFF,
    0x1A,0x0A,0x3A,0xFF,0x1A,0x0A,0x3A,0xFF,0x1A,0x0A,0x3A,0xFF,0x1A,0x0A,0x3A,0xFF,
    0x1A,0x0A,0x3A,0xFF,0x1A,0x0A,0x3A,0xFF,0x1A,0x0A,0x3A,0xFF,0x1A,0x0A,0x3A,0xFF,
    0x1A,0x0A,0x3A,0xFF,0x8C,0x35,0x65,0xFF,0x00,0x00,0x00,0x00,0x00,0x00,0x00,0x00,
    0x00,0x00,0x00,0x00,0x00,0x00,0x00,0x00,0x00,0x00,0x00,0x00,0x8C,0x35,0x65,0xFF,
    0x8C,0x35,0x65,0xFF,0x1A,0x0A,0x3A,0xFF,0x1A,0x0A,0x3A,0xFF,0x1A,0x0A,0x3A,0xFF,
    0x1A,0x0A,0x3A,0xFF,0x1A,0x0A,0x3A,0xFF,0x1A,0x0A,0x3A,0xFF,0x1A,0x0A,0x3A,0xFF,
    0x1A,0x0A,0x3A,0xFF,0x1A,0x0A,0x3A,0xFF,0x1A,0x0A,0x3A,0xFF,0x1A,0x0A,0x3A,0xFF,
    0x1A,0x0A,0x3A,0xFF,0x1A,0x0A,0x3A,0xFF,0x1A,0x0A,0x3A,0xFF,0x1A,0x0A,0x3A,0xFF,
    0x1A,0x0A,0x3A,0xFF,0x1A,0x0A,0x3A,0xFF,0x1A,0x0A,0x3A,0xFF,0x1A,0x0A,0x3A,0xFF,
    0x1A,0x0A,0x3A,0xFF,0x1A,0x0A,0x3A,0xFF,0x1A,0x0A,0x3A,0xFF,0x1A,0x0A,0x3A,0xFF,
    0x8C,0x35,0x65,0xFF,0x8C,0x35,0x65,0xFF,0x00,0x00,0x00,0x00,0x00,0x00,0x00,0x00,
    0x00,0x00,0x00,0x00,0x00,0x00,0x00,0x00,0x00,0x00,0x00,0x00,0x00,0x00,0x00,0x00,
    0x8C,0x35,0x65,0xFF,0x1A,0x0A,0x3A,0xFF,0x1A,0x0A,0x3A,0xFF,0x1A,0x0A,0x3A,0xFF,
    0x1A,0x0A,0x3A,0xFF,0x1A,0x0A,0x3A,0xFF,0x1A,0x0A,0x3A,0xFF,0x1A,0x0A,0x3A,0xFF,
    0x1A,0x0A,0x3A,0xFF,0x1A,0x0A,0x3A,0xFF,0x1A,0x0A,0x3A,0xFF,0x1A,0x0A,0x3A,0xFF,
    0x1A,0x0A,0x3A,0xFF,0x1A,0x0A,0x3A,0xFF,0x1A,0x0A,0x3A,0xFF,0x1A,0x0A,0x3A,0xFF,
    0x1A,0x0A,0x3A,0xFF,0x1A,0x0A,0x3A,0xFF,0x1A,0x0A,0x3A,0xFF,0x1A,0x0A,0x3A,0xFF,
    0x1A,0x0A,0x3A,0xFF,0x1A,0x0A,0x3A,0xFF,0x1A,0x0A,0x3A,0xFF,0x1A,0x0A,0x3A,0xFF,
    0x8C,0x35,0x65,0xFF,0x00,0x00,0x00,0x00,0x00,0x00,0x00,0x00,0x00,0x00,0x00,0x00,
    0x00,0x00,0x00,0x00,0x00,0x00,0x00,0x00,0x00,0x00,0x00,0x00,0x00,0x00,0x00,0x00,
    0x8C,0x35,0x65,0xFF,0x8C,0x35,0x65,0xFF,0x1A,0x0A,0x3A,0xFF,0x1A,0x0A,0x3A,0xFF,
    0x1A,0x0A,0x3A,0xFF,0x1A,0x0A,0x3A,0xFF,0x1A,0x0A,0x3A,0xFF,0x1A,0x0A,0x3A,0xFF,
    0x1A,0x0A,0x3A,0xFF,0x1A,0x0A,0x3A,0xFF,0x1A,0x0A,0x3A,0xFF,0x1A,0x0A,0x3A,0xFF,
    0x1A,0x0A,0x3A,0xFF,0x1A,0x0A,0x3A,0xFF,0x1A,0x0A,0x3A,0xFF,0x1A,0x0A,0x3A,0xFF,
    0x1A,0x0A,0x3A,0xFF,0x1A,0x0A,0x3A,0xFF,0x1A,0x0A,0x3A,0xFF,0x1A,0x0A,0x3A,0xFF,
    0x1A,0x0A,0x3A,0xFF,0x1A,0x0A,0x3A,0xFF,0x1A,0x0A,0x3A,0xFF,0x8C,0x35,0x65,0xFF,
    0x8C,0x35,0x65,0xFF,0x00,0x00,0x00,0x00,0x00,0x00,0x00,0x00,0x00,0x00,0x00,0x00,
    0x00,0x00,0x00,0x00,0x00,0x00,0x00,0x00,0x00,0x00,0x00,0x00,0x00,0x00,0x00,0x00,
    0x00,0x00,0x00,0x00,0x8C,0x35,0x65,0xFF,0x1A,0x0A,0x3A,0xFF,0x1A,0x0A,0x3A,0xFF,
    0x1A,0x0A,0x3A,0xFF,0x1A,0x0A,0x3A,0xFF,0x1A,0x0A,0x3A,0xFF,0x1A,0x0A,0x3A,0xFF,
    0x1A,0x0A,0x3A,0xFF,0x1A,0x0A,0x3A,0xFF,0x1A,0x0A,0x3A,0xFF,0x1A,0x0A,0x3A,0xFF,
    0x1A,0x0A,0x3A,0xFF,0x1A,0x0A,0x3A,0xFF,0x1A,0x0A,0x3A,0xFF,0x1A,0x0A,0x3A,0xFF,
    0x1A,0x0A,0x3A,0xFF,0x1A,0x0A,0x3A,0xFF,0x1A,0x0A,0x3A,0xFF,0x1A,0x0A,0x3A,0xFF,
    0x1A,0x0A,0x3A,0xFF,0x1A,0x0A,0x3A,0xFF,0x1A,0x0A,0x3A,0xFF,0x8C,0x35,0x65,0xFF,
    0x00,0x00,0x00,0x00,0x00,0x00,0x00,0x00,0x00,0x00,0x00,0x00,0x00,0x00,0x00,0x00,
    0x00,0x00,0x00,0x00,0x00,0x00,0x00,0x00,0x00,0x00,0x00,0x00,0x00,0x00,0x00,0x00,
    0x00,0x00,0x00,0x00,0x00,0x00,0x00,0x00,0x8C,0x35,0x65,0xFF,0x1A,0x0A,0x3A,0xFF,
    0x1A,0x0A,0x3A,0xFF,0x1A,0x0A,0x3A,0xFF,0x1A,0x0A,0x3A,0xFF,0x1A,0x0A,0x3A,0xFF,
    0x1A,0x0A,0x3A,0xFF,0x1A,0x0A,0x3A,0xFF,0x1A,0x0A,0x3A,0xFF,0x1A,0x0A,0x3A,0xFF,
    0x1A,0x0A,0x3A,0xFF,0x1A,0x0A,0x3A,0xFF,0x1A,0x0A,0x3A,0xFF,0x1A,0x0A,0x3A,0xFF,
    0x1A,0x0A,0x3A,0xFF,0x1A,0x0A,0x3A,0xFF,0x1A,0x0A,0x3A,0xFF,0x1A,0x0A,0x3A,0xFF,
    0x1A,0x0A,0x3A,0xFF,0x1A,0x0A,0x3A,0xFF,0x8C,0x35,0x65,0xFF,0x00,0x00,0x00,0x00,
    0x00,0x00,0x00,0x00,0x00,0x00,0x00,0x00,0x00,0x00,0x00,0x00,0x00,0x00,0x00,0x00,
    0x00,0x00,0x00,0x00,0x00,0x00,0x00,0x00,0x00,0x00,0x00,0x00,0x00,0x00,0x00,0x00,
    0x00,0x00,0x00,0x00,0x00,0x00,0x00,0x00,0x00,0x00,0x00,0x00,0x8C,0x35,0x65,0xFF,
    0x1A,0x0A,0x3A,0xFF,0x1A,0x0A,0x3A,0xFF,0x1A,0x0A,0x3A,0xFF,0x1A,0x0A,0x3A,0xFF,
    0x1A,0x0A,0x3A,0xFF,0x1A,0x0A,0x3A,0xFF,0x1A,0x0A,0x3A,0xFF,0x1A,0x0A,0x3A,0xFF,
    0x1A,0x0A,0x3A,0xFF,0x1A,0x0A,0x3A,0xFF,0x1A,0x0A,0x3A,0xFF,0x1A,0x0A,0x3A,0xFF,
    0x1A,0x0A,0x3A,0xFF,0x1A,0x0A,0x3A,0xFF,0x1A,0x0A,0x3A,0xFF,0x1A,0x0A,0x3A,0xFF,
    0x1A,0x0A,0x3A,0xFF,0x8C,0x35,0x65,0xFF,0x00,0x00,0x00,0x00,0x00,0x00,0x00,0x00,
    0x00,0x00,0x00,0x00,0x00,0x00,0x00,0x00,0x00,0x00,0x00,0x00,0x00,0x00,0x00,0x00,
    0x00,0x00,0x00,0x00,0x00,0x00,0x00,0x00,0x00,0x00,0x00,0x00,0x00,0x00,0x00,0x00,
    0x00,0x00,0x00,0x00,0x00,0x00,0x00,0x00,0x00,0x00,0x00,0x00,0x00,0x00,0x00,0x00,
    0x8C,0x35,0x65,0xFF,0x8C,0x35,0x65,0xFF,0x1A,0x0A,0x3A,0xFF,0x1A,0x0A,0x3A,0xFF,
    0x1A,0x0A,0x3A,0xFF,0x1A,0x0A,0x3A,0xFF,0x1A,0x0A,0x3A,0xFF,0x1A,0x0A,0x3A,0xFF,
    0x1A,0x0A,0x3A,0xFF,0x1A,0x0A,0x3A,0xFF,0x1A,0x0A,0x3A,0xFF,0x1A,0x0A,0x3A,0xFF,
    0x1A,0x0A,0x3A,0xFF,0x1A,0x0A,0x3A,0xFF,0x1A,0x0A,0x3A,0xFF,0x8C,0x35,0x65,0xFF,
    0x8C,0x35,0x65,0xFF,0x00,0x00,0x00,0x00,0x00,0x00,0x00,0x00,0x00,0x00,0x00,0x00,
    0x00,0x00,0x00,0x00,0x00,0x00,0x00,0x00,0x00,0x00,0x00,0x00,0x00,0x00,0x00,0x00,
    0x00,0x00,0x00,0x00,0x00,0x00,0x00,0x00,0x00,0x00,0x00,0x00,0x00,0x00,0x00,0x00,
    0x00,0x00,0x00,0x00,0x00,0x00,0x00,0x00,0x00,0x00,0x00,0x00,0x00,0x00,0x00,0x00,
    0x00,0x00,0x00,0x00,0x8C,0x35,0x65,0xFF,0x8C,0x35,0x65,0xFF,0x8C,0x35,0x65,0xFF,
    0x1A,0x0A,0x3A,0xFF,0x1A,0x0A,0x3A,0xFF,0x1A,0x0A,0x3A,0xFF,0x1A,0x0A,0x3A,0xFF,
    0x1A,0x0A,0x3A,0xFF,0x1A,0x0A,0x3A,0xFF,0x1A,0x0A,0x3A,0xFF,0x1A,0x0A,0x3A,0xFF,
    0x1A,0x0A,0x3A,0xFF,0x8C,0x35,0x65,0xFF,0x8C,0x35,0x65,0xFF,0x8C,0x35,0x65,0xFF,
    0x00,0x00,0x00,0x00,0x00,0x00,0x00,0x00,0x00,0x00,0x00,0x00,0x00,0x00,0x00,0x00,
    0x00,0x00,0x00,0x00,0x00,0x00,0x00,0x00,0x00,0x00,0x00,0x00,0x00,0x00,0x00,0x00,
    0x00,0x00,0x00,0x00,0x00,0x00,0x00,0x00,0x00,0x00,0x00,0x00,0x00,0x00,0x00,0x00,
    0x00,0x00,0x00,0x00,0x00,0x00,0x00,0x00,0x00,0x00,0x00,0x00,0x00,0x00,0x00,0x00,
    0x00,0x00,0x00,0x00,0x00,0x00,0x00,0x00,0x00,0x00,0x00,0x00,0x8C,0x35,0x65,0xFF,
    0x8C,0x35,0x65,0xFF,0x8C,0x35,0x65,0xFF,0x8C,0x35,0x65,0xFF,0x8C,0x35,0x65,0xFF,
    0x8C,0x35,0x65,0xFF,0x8C,0x35,0x65,0xFF,0x8C,0x35,0x65,0xFF,0x8C,0x35,0x65,0xFF,
    0x8C,0x35,0x65,0xFF,0x8C,0x35,0x65,0xFF,0x00,0x00,0x00,0x00,0x00,0x00,0x00,0x00,
    0x00,0x00,0x00,0x00,0x00,0x00,0x00,0x00,0x00,0x00,0x00,0x00,0x00,0x00,0x00,0x00,
    0x00,0x00,0x00,0x00,0x00,0x00,0x00,0x00,0x00,0x00,0x00,0x00,0x00,0x00,0x00,0x00,
    0x00,0x00,0x00,0x00,0x00,0x00,0x00,0x00,0x00,0x00,0x00,0x00,0x00,0x00,0x00,0x00,
    0x00,0x00,0x00,0x00,0x00,0x00,0x00,0x00,0x00,0x00,0x00,0x00,0x00,0x00,0x00,0x00,
    0x00,0x00,0x00,0x00,0x00,0x00,0x00,0x00,0x00,0x00,0x00,0x00,0x00,0x00,0x00,0x00,
    0x00,0x00,0x00,0x00,0x00,0x00,0x00,0x00,0x00,0x00,0x00,0x00,0x00,0x00,0x00,0x00,
    0x00,0x00,0x00,0x00,0x00,0x00,0x00,0x00,0x00,0x00,0x00,0x00,0x00,0x00,0x00,0x00,
    0x00,0x00,0x00,0x00,0x00,0x00,0x00,0x00,0x00,0x00,0x00,0x00,0x00,0x00,0x00,0x00,
    0x00,0x00,0x00,0x00,0x00,0x00,0x00,0x00,0x00,0x00,0x00,0x00,0x00,0x00,0x00,0x00,
    0x00,0x00,0x00,0x00,0x00,0x00,0x00,0x00,0x00,0x00,0x00,0x00,0x00,0x00,0x00,0x00,
    0x00,0x00,0x00,0x00,0x00,0x00,0x00,0x00,0x00,0x00,0x00,0x00,0x00,0x00,0x00,0x00,
    0x00,0x00,0x00,0x00,0x00,0x00,0x00,0x00,0x00,0x00,0x00,0x00,0x00,0x00,0x00,0x00,
    0x00,0x00,0x00,0x00,0x00,0x00,0x00,0x00,0x00,0x00,0x00,0x00,0x00,0x00,0x00,0x00,
    0x00,0x00,0x00,0x00,0x00,0x00,0x00,0x00,0x00,0x00,0x00,0x00,0x00,0x00,0x00,0x00,
    0x00,0x00,0x00,0x00,0x00,0x00,0x00,0x00,0x00,0x00,0x00,0x00,0x00,0x00,0x00,0x00,
    0x00,0x00,0x00,0x00,0x00,0x00,0x00,0x00,0x00,0x00,0x00,0x00,0x00,0x00,0x00,0x00,
    0x00,0x00,0x00,0x00,0x00,0x00,0x00,0x00,0x00,0x00,0x00,0x00,0x00,0x00,0x00,0x00,
    0x00,0x00,0x00,0x00,0x00,0x00,0x00,0x00,0x00,0x00,0x00,0x00,0x00,0x00,0x00,0x00,
};

static const uint8_t icon_data_settings[] = {
    0x44,0x52,0x43,0x4F,0x20,0x00,0x20,0x00,0x20,0x00,0x00,0x00,0x00,0x00,0x00,0x00,
    0x00,0x00,0x00,0x00,0x00,0x00,0x00,0x00,0x00,0x00,0x00,0x00,0x00,0x00,0x00,0x00,
    0x00,0x00,0x00,0x00,0x00,0x00,0x00,0x00,0x00,0x00,0x00,0x00,0x00,0x00,0x00,0x00,
    0x00,0x00,0x00,0x00,0x00,0x00,0x00,0x00,0x00,0x00,0x00,0x00,0x00,0x00,0x00,0x00,
    0x00,0x00,0x00,0x00,0x00,0x00,0x00,0x00,0x00,0x00,0x00,0x00,0x00,0x00,0x00,0x00,
    0x00,0x00,0x00,0x00,0x00,0x00,0x00,0x00,0x00,0x00,0x00,0x00,0x00,0x00,0x00,0x00,
    0x00,0x00,0x00,0x00,0x00,0x00,0x00,0x00,0x00,0x00,0x00,0x00,0x00,0x00,0x00,0x00,
    0x00,0x00,0x00,0x00,0x00,0x00,0x00,0x00,0x00,0x00,0x00,0x00,0x00,0x00,0x00,0x00,
    0x00,0x00,0x00,0x00,0x00,0x00,0x00,0x00,0x00,0x00,0x00,0x00,0x00,0x00,0x00,0x00,
    0x00,0x00,0x00,0x00,0x00,0x00,0x00,0x00,0x00,0x00,0x00,0x00,0x00,0x00,0x00,0x00,
    0x00,0x00,0x00,0x00,0x00,0x00,0x00,0x00,0x00,0x00,0x00,0x00,0x00,0x00,0x00,0x00,
    0x00,0x00,0x00,0x00,0x00,0x00,0x00,0x00,0x00,0x00,0x00,0x00,0x00,0x00,0x00,0x00,
    0x00,0x00,0x00,0x00,0x00,0x00,0x00,0x00,0x00,0x00,0x00,0x00,0x00,0x00,0x00,0x00,
    0x00,0x00,0x00,0x00,0x00,0x00,0x00,0x00,0x00,0x00,0x00,0x00,0x00,0x00,0x00,0x00,
    0x00,0x00,0x00,0x00,0x00,0x00,0x00,0x00,0x00,0x00,0x00,0x00,0x00,0x00,0x00,0x00,
    0x00,0x00,0x00,0x00,0x00,0x00,0x00,0x00,0x00,0x00,0x00,0x00,0x00,0x00,0x00,0x00,
    0x00,0x00,0x00,0x00,0x00,0x00,0x00,0x00,0x00,0x00,0x00,0x00,0x00,0x00,0x00,0x00,
    0x00,0x00,0x00,0x00,0x00,0x00,0x00,0x00,0x00,0x00,0x00,0x00,0x00,0x00,0x00,0x00,
    0x00,0x00,0x00,0x00,0x00,0x00,0x00,0x00,0x00,0x00,0x00,0x00,0x00,0x00,0x00,0x00,
    0x00,0x00,0x00,0x00,0x00,0x00,0x00,0x00,0x00,0x00,0x00,0x00,0x00,0x00,0x00,0x00,
    0x00,0x00,0x00,0x00,0x00,0x00,0x00,0x00,0x00,0x00,0x00,0x00,0x00,0x00,0x00,0x00,
    0x00,0x00,0x00,0x00,0x00,0x00,0x00,0x00,0x00,0x00,0x00,0x00,0x00,0x00,0x00,0x00,
    0x00,0x00,0x00,0x00,0x00,0x00,0x00,0x00,0x00,0x00,0x00,0x00,0x00,0x00,0x00,0x00,
    0x00,0x00,0x00,0x00,0x00,0x00,0x00,0x00,0x00,0x00,0x00,0x00,0x00,0x00,0x00,0x00,
    0x00,0x00,0x00,0x00,0x00,0x00,0x00,0x00,0x00,0x00,0x00,0x00,0x00,0x00,0x00,0x00,
    0x00,0x00,0x00,0x00,0x00,0x00,0x00,0x00,0x00,0x00,0x00,0x00,0x00,0x00,0x00,0x00,
    0x00,0x00,0x00,0x00,0x00,0x00,0x00,0x00,0x00,0x00,0x00,0x00,0x00,0x00,0x00,0x00,
    0x00,0x00,0x00,0x00,0x00,0x00,0x00,0x00,0x00,0x00,0x00,0x00,0x9C,0x7D,0x3D,0xFF,
    0x9C,0x7D,0x3D,0xFF,0x9C,0x7D,0x3D,0xFF,0x9C,0x7D,0x3D,0xFF,0x9C,0x7D,0x3D,0xFF,
    0x9C,0x7D,0x3D,0xFF,0x9C,0x7D,0x3D,0xFF,0x9C,0x7D,0x3D,0xFF,0x9C,0x7D,0x3D,0xFF,
    0x9C,0x7D,0x3D,0xFF,0x9C,0x7D,0x3D,0xFF,0x00,0x00,0x00,0x00,0x00,0x00,0x00,0x00,
    0x00,0x00,0x00,0x00,0x00,0x00,0x00,0x00,0x00,0x00,0x00,0x00,0x00,0x00,0x00,0x00,
    0x00,0x00,0x00,0x00,0x00,0x00,0x00,0x00,0x00,0x00,0x00,0x00,0x00,0x00,0x00,0x00,
    0x00,0x00,0x00,0x00,0x00,0x00,0x00,0x00,0x00,0x00,0x00,0x00,0x00,0x00,0x00,0x00,
    0x00,0x00,0x00,0x00,0x00,0x00,0x00,0x00,0x00,0x00,0x00,0x00,0x00,0x00,0x00,0x00,
    0x00,0x00,0x00,0x00,0x9C,0x7D,0x3D,0xFF,0x9C,0x7D,0x3D,0xFF,0x9C,0x7D,0x3D,0xFF,
    0x3A,0x2A,0x1A,0xFF,0x3A,0x2A,0x1A,0xFF,0x3A,0x2A,0x1A,0xFF,0x3A,0x2A,0x1A,0xFF,
    0x3A,0x2A,0x1A,0xFF,0x3A,0x2A,0x1A,0xFF,0x3A,0x2A,0x1A,0xFF,0x3A,0x2A,0x1A,0xFF,
    0x3A,0x2A,0x1A,0xFF,0x9C,0x7D,0x3D,0xFF,0x9C,0x7D,0x3D,0xFF,0x9C,0x7D,0x3D,0xFF,
    0x00,0x00,0x00,0x00,0x00,0x00,0x00,0x00,0x00,0x00,0x00,0x00,0x00,0x00,0x00,0x00,
    0x00,0x00,0x00,0x00,0x00,0x00,0x00,0x00,0x00,0x00,0x00,0x00,0x00,0x00,0x00,0x00,
    0x00,0x00,0x00,0x00,0x00,0x00,0x00,0x00,0x00,0x00,0x00,0x00,0x00,0x00,0x00,0x00,
    0x00,0x00,0x00,0x00,0x00,0x00,0x00,0x00,0x00,0x00,0x00,0x00,0x00,0x00,0x00,0x00,
    0x9C,0x7D,0x3D,0xFF,0x9C,0x7D,0x3D,0xFF,0x3A,0x2A,0x1A,0xFF,0x3A,0x2A,0x1A,0xFF,
    0x3A,0x2A,0x1A,0xFF,0x3A,0x2A,0x1A,0xFF,0x3A,0x2A,0x1A,0xFF,0x3A,0x2A,0x1A,0xFF,
    0x3A,0x2A,0x1A,0xFF,0x3A,0x2A,0x1A,0xFF,0x3A,0x2A,0x1A,0xFF,0x3A,0x2A,0x1A,0xFF,
    0x3A,0x2A,0x1A,0xFF,0x3A,0x2A,0x1A,0xFF,0x3A,0x2A,0x1A,0xFF,0x9C,0x7D,0x3D,0xFF,
    0x9C,0x7D,0x3D,0xFF,0x00,0x00,0x00,0x00,0x00,0x00,0x00,0x00,0x00,0x00,0x00,0x00,
    0x00,0x00,0x00,0x00,0x00,0x00,0x00,0x00,0x00,0x00,0x00,0x00,0x00,0x00,0x00,0x00,
    0x00,0x00,0x00,0x00,0x00,0x00,0x00,0x00,0x00,0x00,0x00,0x00,0x00,0x00,0x00,0x00,
    0x00,0x00,0x00,0x00,0x00,0x00,0x00,0x00,0x00,0x00,0x00,0x00,0x9C,0x7D,0x3D,0xFF,
    0x3A,0x2A,0x1A,0xFF,0x3A,0x2A,0x1A,0xFF,0x3A,0x2A,0x1A,0xFF,0x3A,0x2A,0x1A,0xFF,
    0x3A,0x2A,0x1A,0xFF,0x3A,0x2A,0x1A,0xFF,0x3A,0x2A,0x1A,0xFF,0x3A,0x2A,0x1A,0xFF,
    0x3A,0x2A,0x1A,0xFF,0x3A,0x2A,0x1A,0xFF,0x3A,0x2A,0x1A,0xFF,0x3A,0x2A,0x1A,0xFF,
    0x3A,0x2A,0x1A,0xFF,0x3A,0x2A,0x1A,0xFF,0x3A,0x2A,0x1A,0xFF,0x3A,0x2A,0x1A,0xFF,
    0x3A,0x2A,0x1A,0xFF,0x9C,0x7D,0x3D,0xFF,0x00,0x00,0x00,0x00,0x00,0x00,0x00,0x00,
    0x00,0x00,0x00,0x00,0x00,0x00,0x00,0x00,0x00,0x00,0x00,0x00,0x00,0x00,0x00,0x00,
    0x00,0x00,0x00,0x00,0x00,0x00,0x00,0x00,0x00,0x00,0x00,0x00,0x00,0x00,0x00,0x00,
    0x00,0x00,0x00,0x00,0x00,0x00,0x00,0x00,0x9C,0x7D,0x3D,0xFF,0x3A,0x2A,0x1A,0xFF,
    0x3A,0x2A,0x1A,0xFF,0x3A,0x2A,0x1A,0xFF,0x3A,0x2A,0x1A,0xFF,0x3A,0x2A,0x1A,0xFF,
    0x3A,0x2A,0x1A,0xFF,0x3A,0x2A,0x1A,0xFF,0x3A,0x2A,0x1A,0xFF,0x3A,0x2A,0x1A,0xFF,
    0x3A,0x2A,0x1A,0xFF,0x3A,0x2A,0x1A,0xFF,0x3A,0x2A,0x1A,0xFF,0x3A,0x2A,0x1A,0xFF,
    0x3A,0x2A,0x1A,0xFF,0x3A,0x2A,0x1A,0xFF,0x3A,0x2A,0x1A,0xFF,0x3A,0x2A,0x1A,0xFF,
    0x3A,0x2A,0x1A,0xFF,0x3A,0x2A,0x1A,0xFF,0x9C,0x7D,0x3D,0xFF,0x00,0x00,0x00,0x00,
    0x00,0x00,0x00,0x00,0x00,0x00,0x00,0x00,0x00,0x00,0x00,0x00,0x00,0x00,0x00,0x00,
    0x00,0x00,0x00,0x00,0x00,0x00,0x00,0x00,0x00,0x00,0x00,0x00,0x00,0x00,0x00,0x00,
    0x00,0x00,0x00,0x00,0x9C,0x7D,0x3D,0xFF,0x3A,0x2A,0x1A,0xFF,0x3A,0x2A,0x1A,0xFF,
    0x3A,0x2A,0x1A,0xFF,0x3A,0x2A,0x1A,0xFF,0x3A,0x2A,0x1A,0xFF,0x3A,0x2A,0x1A,0xFF,
    0x3A,0x2A,0x1A,0xFF,0x3A,0x2A,0x1A,0xFF,0x3A,0x2A,0x1A,0xFF,0x3A,0x2A,0x1A,0xFF,
    0x3A,0x2A,0x1A,0xFF,0x3A,0x2A,0x1A,0xFF,0x3A,0x2A,0x1A,0xFF,0x3A,0x2A,0x1A,0xFF,
    0x3A,0x2A,0x1A,0xFF,0x3A,0x2A,0x1A,0xFF,0x3A,0x2A,0x1A,0xFF,0x3A,0x2A,0x1A,0xFF,
    0x3A,0x2A,0x1A,0xFF,0x3A,0x2A,0x1A,0xFF,0x3A,0x2A,0x1A,0xFF,0x9C,0x7D,0x3D,0xFF,
    0x00,0x00,0x00,0x00,0x00,0x00,0x00,0x00,0x00,0x00,0x00,0x00,0x00,0x00,0x00,0x00,
    0x00,0x00,0x00,0x00,0x00,0x00,0x00,0x00,0x00,0x00,0x00,0x00,0x00,0x00,0x00,0x00,
    0x9C,0x7D,0x3D,0xFF,0x9C,0x7D,0x3D,0xFF,0x3A,0x2A,0x1A,0xFF,0x3A,0x2A,0x1A,0xFF,
    0x3A,0x2A,0x1A,0xFF,0x3A,0x2A,0x1A,0xFF,0x3A,0x2A,0x1A,0xFF,0x3A,0x2A,0x1A,0xFF,
    0x3A,0x2A,0x1A,0xFF,0x3A,0x2A,0x1A,0xFF,0x3A,0x2A,0x1A,0xFF,0x3A,0x2A,0x1A,0xFF,
    0x3A,0x2A,0x1A,0xFF,0x3A,0x2A,0x1A,0xFF,0x3A,0x2A,0x1A,0xFF,0x3A,0x2A,0x1A,0xFF,
    0x3A,0x2A,0x1A,0xFF,0x3A,0x2A,0x1A,0xFF,0x3A,0x2A,0x1A,0xFF,0x3A,0x2A,0x1A,0xFF,
    0x3A,0x2A,0x1A,0xFF,0x3A,0x2A,0x1A,0xFF,0x3A,0x2A,0x1A,0xFF,0x9C,0x7D,0x3D,0xFF,
    0x9C,0x7D,0x3D,0xFF,0x00,0x00,0x00,0x00,0x00,0x00,0x00,0x00,0x00,0x00,0x00,0x00,
    0x00,0x00,0x00,0x00,0x00,0x00,0x00,0x00,0x00,0x00,0x00,0x00,0x00,0x00,0x00,0x00,
    0x9C,0x7D,0x3D,0xFF,0x3A,0x2A,0x1A,0xFF,0x3A,0x2A,0x1A,0xFF,0x3A,0x2A,0x1A,0xFF,
    0x3A,0x2A,0x1A,0xFF,0x3A,0x2A,0x1A,0xFF,0x3A,0x2A,0x1A,0xFF,0x3A,0x2A,0x1A,0xFF,
    0x3A,0x2A,0x1A,0xFF,0x3A,0x2A,0x1A,0xFF,0x3A,0x2A,0x1A,0xFF,0x3A,0x2A,0x1A,0xFF,
    0x3A,0x2A,0x1A,0xFF,0x3A,0x2A,0x1A,0xFF,0x3A,0x2A,0x1A,0xFF,0x3A,0x2A,0x1A,0xFF,
    0x3A,0x2A,0x1A,0xFF,0x3A,0x2A,0x1A,0xFF,0x3A,0x2A,0x1A,0xFF,0x3A,0x2A,0x1A,0xFF,
    0x3A,0x2A,0x1A,0xFF,0x3A,0x2A,0x1A,0xFF,0x3A,0x2A,0x1A,0xFF,0x3A,0x2A,0x1A,0xFF,
    0x9C,0x7D,0x3D,0xFF,0x00,0x00,0x00,0x00,0x00,0x00,0x00,0x00,0x00,0x00,0x00,0x00,
    0x00,0x00,0x00,0x00,0x00,0x00,0x00,0x00,0x00,0x00,0x00,0x00,0x9C,0x7D,0x3D,0xFF,
    0x9C,0x7D,0x3D,0xFF,0x3A,0x2A,0x1A,0xFF,0x3A,0x2A,0x1A,0xFF,0x3A,0x2A,0x1A,0xFF,
    0x3A,0x2A,0x1A,0xFF,0x3A,0x2A,0x1A,0xFF,0x3A,0x2A,0x1A,0xFF,0x3A,0x2A,0x1A,0xFF,
    0x3A,0x2A,0x1A,0xFF,0x3A,0x2A,0x1A,0xFF,0x3A,0x2A,0x1A,0xFF,0x3A,0x2A,0x1A,0xFF,
    0x3A,0x2A,0x1A,0xFF,0x3A,0x2A,0x1A,0xFF,0x3A,0x2A,0x1A,0xFF,0x3A,0x2A,0x1A,0xFF,
    0x3A,0x2A,0x1A,0xFF,0x3A,0x2A,0x1A,0xFF,0x3A,0x2A,0x1A,0xFF,0x3A,0x2A,0x1A,0xFF,
    0x3A,0x2A,0x1A,0xFF,0x3A,0x2A,0x1A,0xFF,0x3A,0x2A,0x1A,0xFF,0x3A,0x2A,0x1A,0xFF,
    0x9C,0x7D,0x3D,0xFF,0x9C,0x7D,0x3D,0xFF,0x00,0x00,0x00,0x00,0x00,0x00,0x00,0x00,
    0x00,0x00,0x00,0x00,0x00,0x00,0x00,0x00,0x00,0x00,0x00,0x00,0x9C,0x7D,0x3D,0xFF,
    0x3A,0x2A,0x1A,0xFF,0x3A,0x2A,0x1A,0xFF,0x3A,0x2A,0x1A,0xFF,0x3A,0x2A,0x1A,0xFF,
    0x3A,0x2A,0x1A,0xFF,0x3A,0x2A,0x1A,0xFF,0x3A,0x2A,0x1A,0xFF,0x3A,0x2A,0x1A,0xFF,
    0x3A,0x2A,0x1A,0xFF,0x3A,0x2A,0x1A,0xFF,0x3A,0x2A,0x1A,0xFF,0x3A,0x2A,0x1A,0xFF,
    0x3A,0x2A,0x1A,0xFF,0x3A,0x2A,0x1A,0xFF,0x3A,0x2A,0x1A,0xFF,0x3A,0x2A,0x1A,0xFF,
    0x3A,0x2A,0x1A,0xFF,0x3A,0x2A,0x1A,0xFF,0x3A,0x2A,0x1A,0xFF,0x3A,0x2A,0x1A,0xFF,
    0x3A,0x2A,0x1A,0xFF,0x3A,0x2A,0x1A,0xFF,0x3A,0x2A,0x1A,0xFF,0x3A,0x2A,0x1A,0xFF,
    0x3A,0x2A,0x1A,0xFF,0x9C,0x7D,0x3D,0xFF,0x00,0x00,0x00,0x00,0x00,0x00,0x00,0x00,
    0x00,0x00,0x00,0x00,0x00,0x00,0x00,0x00,0x00,0x00,0x00,0x00,0x9C,0x7D,0x3D,0xFF,
    0x3A,0x2A,0x1A,0xFF,0x3A,0x2A,0x1A,0xFF,0x3A,0x2A,0x1A,0xFF,0x3A,0x2A,0x1A,0xFF,
    0x3A,0x2A,0x1A,0xFF,0x3A,0x2A,0x1A,0xFF,0x3A,0x2A,0x1A,0xFF,0x3A,0x2A,0x1A,0xFF,
    0x3A,0x2A,0x1A,0xFF,0x3A,0x2A,0x1A,0xFF,0x3A,0x2A,0x1A,0xFF,0x3A,0x2A,0x1A,0xFF,
    0x3A,0x2A,0x1A,0xFF,0x3A,0x2A,0x1A,0xFF,0x3A,0x2A,0x1A,0xFF,0x3A,0x2A,0x1A,0xFF,
    0x3A,0x2A,0x1A,0xFF,0x3A,0x2A,0x1A,0xFF,0x3A,0x2A,0x1A,0xFF,0x3A,0x2A,0x1A,0xFF,
    0x3A,0x2A,0x1A,0xFF,0x3A,0x2A,0x1A,0xFF,0x3A,0x2A,0x1A,0xFF,0x3A,0x2A,0x1A,0xFF,
    0x3A,0x2A,0x1A,0xFF,0x9C,0x7D,0x3D,0xFF,0x00,0x00,0x00,0x00,0x00,0x00,0x00,0x00,
    0x00,0x00,0x00,0x00,0x00,0x00,0x00,0x00,0x00,0x00,0x00,0x00,0x9C,0x7D,0x3D,0xFF,
    0x3A,0x2A,0x1A,0xFF,0x3A,0x2A,0x1A,0xFF,0x3A,0x2A,0x1A,0xFF,0x3A,0x2A,0x1A,0xFF,
    0x3A,0x2A,0x1A,0xFF,0x3A,0x2A,0x1A,0xFF,0x3A,0x2A,0x1A,0xFF,0x3A,0x2A,0x1A,0xFF,
    0x3A,0x2A,0x1A,0xFF,0x3A,0x2A,0x1A,0xFF,0x3A,0x2A,0x1A,0xFF,0x3A,0x2A,0x1A,0xFF,
    0x3A,0x2A,0x1A,0xFF,0x3A,0x2A,0x1A,0xFF,0x3A,0x2A,0x1A,0xFF,0x3A,0x2A,0x1A,0xFF,
    0x3A,0x2A,0x1A,0xFF,0x3A,0x2A,0x1A,0xFF,0x3A,0x2A,0x1A,0xFF,0x3A,0x2A,0x1A,0xFF,
    0x3A,0x2A,0x1A,0xFF,0x3A,0x2A,0x1A,0xFF,0x3A,0x2A,0x1A,0xFF,0x3A,0x2A,0x1A,0xFF,
    0x3A,0x2A,0x1A,0xFF,0x9C,0x7D,0x3D,0xFF,0x00,0x00,0x00,0x00,0x00,0x00,0x00,0x00,
    0x00,0x00,0x00,0x00,0x00,0x00,0x00,0x00,0x00,0x00,0x00,0x00,0x9C,0x7D,0x3D,0xFF,
    0x3A,0x2A,0x1A,0xFF,0x3A,0x2A,0x1A,0xFF,0x3A,0x2A,0x1A,0xFF,0x3A,0x2A,0x1A,0xFF,
    0x3A,0x2A,0x1A,0xFF,0x3A,0x2A,0x1A,0xFF,0x3A,0x2A,0x1A,0xFF,0x3A,0x2A,0x1A,0xFF,
    0x3A,0x2A,0x1A,0xFF,0x3A,0x2A,0x1A,0xFF,0x3A,0x2A,0x1A,0xFF,0x3A,0x2A,0x1A,0xFF,
    0x3A,0x2A,0x1A,0xFF,0x3A,0x2A,0x1A,0xFF,0x3A,0x2A,0x1A,0xFF,0x3A,0x2A,0x1A,0xFF,
    0x3A,0x2A,0x1A,0xFF,0x3A,0x2A,0x1A,0xFF,0x3A,0x2A,0x1A,0xFF,0x3A,0x2A,0x1A,0xFF,
    0x3A,0x2A,0x1A,0xFF,0x3A,0x2A,0x1A,0xFF,0x3A,0x2A,0x1A,0xFF,0x3A,0x2A,0x1A,0xFF,
    0x3A,0x2A,0x1A,0xFF,0x9C,0x7D,0x3D,0xFF,0x00,0x00,0x00,0x00,0x00,0x00,0x00,0x00,
    0x00,0x00,0x00,0x00,0x00,0x00,0x00,0x00,0x00,0x00,0x00,0x00,0x9C,0x7D,0x3D,0xFF,
    0x3A,0x2A,0x1A,0xFF,0x3A,0x2A,0x1A,0xFF,0x3A,0x2A,0x1A,0xFF,0x3A,0x2A,0x1A,0xFF,
    0x3A,0x2A,0x1A,0xFF,0x3A,0x2A,0x1A,0xFF,0x3A,0x2A,0x1A,0xFF,0x3A,0x2A,0x1A,0xFF,
    0x3A,0x2A,0x1A,0xFF,0x3A,0x2A,0x1A,0xFF,0x3A,0x2A,0x1A,0xFF,0x3A,0x2A,0x1A,0xFF,
    0x3A,0x2A,0x1A,0xFF,0x3A,0x2A,0x1A,0xFF,0x3A,0x2A,0x1A,0xFF,0x3A,0x2A,0x1A,0xFF,
    0x3A,0x2A,0x1A,0xFF,0x3A,0x2A,0x1A,0xFF,0x3A,0x2A,0x1A,0xFF,0x3A,0x2A,0x1A,0xFF,
    0x3A,0x2A,0x1A,0xFF,0x3A,0x2A,0x1A,0xFF,0x3A,0x2A,0x1A,0xFF,0x3A,0x2A,0x1A,0xFF,
    0x3A,0x2A,0x1A,0xFF,0x9C,0x7D,0x3D,0xFF,0x00,0x00,0x00,0x00,0x00,0x00,0x00,0x00,
    0x00,0x00,0x00,0x00,0x00,0x00,0x00,0x00,0x00,0x00,0x00,0x00,0x9C,0x7D,0x3D,0xFF,
    0x3A,0x2A,0x1A,0xFF,0x3A,0x2A,0x1A,0xFF,0x3A,0x2A,0x1A,0xFF,0x3A,0x2A,0x1A,0xFF,
    0x3A,0x2A,0x1A,0xFF,0x3A,0x2A,0x1A,0xFF,0x3A,0x2A,0x1A,0xFF,0x3A,0x2A,0x1A,0xFF,
    0x3A,0x2A,0x1A,0xFF,0x3A,0x2A,0x1A,0xFF,0x3A,0x2A,0x1A,0xFF,0x3A,0x2A,0x1A,0xFF,
    0x3A,0x2A,0x1A,0xFF,0x3A,0x2A,0x1A,0xFF,0x3A,0x2A,0x1A,0xFF,0x3A,0x2A,0x1A,0xFF,
    0x3A,0x2A,0x1A,0xFF,0x3A,0x2A,0x1A,0xFF,0x3A,0x2A,0x1A,0xFF,0x3A,0x2A,0x1A,0xFF,
    0x3A,0x2A,0x1A,0xFF,0x3A,0x2A,0x1A,0xFF,0x3A,0x2A,0x1A,0xFF,0x3A,0x2A,0x1A,0xFF,
    0x3A,0x2A,0x1A,0xFF,0x9C,0x7D,0x3D,0xFF,0x00,0x00,0x00,0x00,0x00,0x00,0x00,0x00,
    0x00,0x00,0x00,0x00,0x00,0x00,0x00,0x00,0x00,0x00,0x00,0x00,0x9C,0x7D,0x3D,0xFF,
    0x3A,0x2A,0x1A,0xFF,0x3A,0x2A,0x1A,0xFF,0x3A,0x2A,0x1A,0xFF,0x3A,0x2A,0x1A,0xFF,
    0x3A,0x2A,0x1A,0xFF,0x3A,0x2A,0x1A,0xFF,0x3A,0x2A,0x1A,0xFF,0x3A,0x2A,0x1A,0xFF,
    0x3A,0x2A,0x1A,0xFF,0x3A,0x2A,0x1A,0xFF,0x3A,0x2A,0x1A,0xFF,0x3A,0x2A,0x1A,0xFF,
    0x3A,0x2A,0x1A,0xFF,0x3A,0x2A,0x1A,0xFF,0x3A,0x2A,0x1A,0xFF,0x3A,0x2A,0x1A,0xFF,
    0x3A,0x2A,0x1A,0xFF,0x3A,0x2A,0x1A,0xFF,0x3A,0x2A,0x1A,0xFF,0x3A,0x2A,0x1A,0xFF,
    0x3A,0x2A,0x1A,0xFF,0x3A,0x2A,0x1A,0xFF,0x3A,0x2A,0x1A,0xFF,0x3A,0x2A,0x1A,0xFF,
    0x3A,0x2A,0x1A,0xFF,0x9C,0x7D,0x3D,0xFF,0x00,0x00,0x00,0x00,0x00,0x00,0x00,0x00,
    0x00,0x00,0x00,0x00,0x00,0x00,0x00,0x00,0x00,0x00,0x00,0x00,0x9C,0x7D,0x3D,0xFF,
    0x3A,0x2A,0x1A,0xFF,0x3A,0x2A,0x1A,0xFF,0x3A,0x2A,0x1A,0xFF,0x3A,0x2A,0x1A,0xFF,
    0x3A,0x2A,0x1A,0xFF,0x3A,0x2A,0x1A,0xFF,0x3A,0x2A,0x1A,0xFF,0x3A,0x2A,0x1A,0xFF,
    0x3A,0x2A,0x1A,0xFF,0x3A,0x2A,0x1A,0xFF,0x3A,0x2A,0x1A,0xFF,0x3A,0x2A,0x1A,0xFF,
    0x3A,0x2A,0x1A,0xFF,0x3A,0x2A,0x1A,0xFF,0x3A,0x2A,0x1A,0xFF,0x3A,0x2A,0x1A,0xFF,
    0x3A,0x2A,0x1A,0xFF,0x3A,0x2A,0x1A,0xFF,0x3A,0x2A,0x1A,0xFF,0x3A,0x2A,0x1A,0xFF,
    0x3A,0x2A,0x1A,0xFF,0x3A,0x2A,0x1A,0xFF,0x3A,0x2A,0x1A,0xFF,0x3A,0x2A,0x1A,0xFF,
    0x3A,0x2A,0x1A,0xFF,0x9C,0x7D,0x3D,0xFF,0x00,0x00,0x00,0x00,0x00,0x00,0x00,0x00,
    0x00,0x00,0x00,0x00,0x00,0x00,0x00,0x00,0x00,0x00,0x00,0x00,0x9C,0x7D,0x3D,0xFF,
    0x3A,0x2A,0x1A,0xFF,0x3A,0x2A,0x1A,0xFF,0x3A,0x2A,0x1A,0xFF,0x3A,0x2A,0x1A,0xFF,
    0x3A,0x2A,0x1A,0xFF,0x3A,0x2A,0x1A,0xFF,0x3A,0x2A,0x1A,0xFF,0x3A,0x2A,0x1A,0xFF,
    0x3A,0x2A,0x1A,0xFF,0x3A,0x2A,0x1A,0xFF,0x3A,0x2A,0x1A,0xFF,0x3A,0x2A,0x1A,0xFF,
    0x3A,0x2A,0x1A,0xFF,0x3A,0x2A,0x1A,0xFF,0x3A,0x2A,0x1A,0xFF,0x3A,0x2A,0x1A,0xFF,
    0x3A,0x2A,0x1A,0xFF,0x3A,0x2A,0x1A,0xFF,0x3A,0x2A,0x1A,0xFF,0x3A,0x2A,0x1A,0xFF,
    0x3A,0x2A,0x1A,0xFF,0x3A,0x2A,0x1A,0xFF,0x3A,0x2A,0x1A,0xFF,0x3A,0x2A,0x1A,0xFF,
    0x3A,0x2A,0x1A,0xFF,0x9C,0x7D,0x3D,0xFF,0x00,0x00,0x00,0x00,0x00,0x00,0x00,0x00,
    0x00,0x00,0x00,0x00,0x00,0x00,0x00,0x00,0x00,0x00,0x00,0x00,0x9C,0x7D,0x3D,0xFF,
    0x9C,0x7D,0x3D,0xFF,0x3A,0x2A,0x1A,0xFF,0x3A,0x2A,0x1A,0xFF,0x3A,0x2A,0x1A,0xFF,
    0x3A,0x2A,0x1A,0xFF,0x3A,0x2A,0x1A,0xFF,0x3A,0x2A,0x1A,0xFF,0x3A,0x2A,0x1A,0xFF,
    0x3A,0x2A,0x1A,0xFF,0x3A,0x2A,0x1A,0xFF,0x3A,0x2A,0x1A,0xFF,0x3A,0x2A,0x1A,0xFF,
    0x3A,0x2A,0x1A,0xFF,0x3A,0x2A,0x1A,0xFF,0x3A,0x2A,0x1A,0xFF,0x3A,0x2A,0x1A,0xFF,
    0x3A,0x2A,0x1A,0xFF,0x3A,0x2A,0x1A,0xFF,0x3A,0x2A,0x1A,0xFF,0x3A,0x2A,0x1A,0xFF,
    0x3A,0x2A,0x1A,0xFF,0x3A,0x2A,0x1A,0xFF,0x3A,0x2A,0x1A,0xFF,0x3A,0x2A,0x1A,0xFF,
    0x9C,0x7D,0x3D,0xFF,0x9C,0x7D,0x3D,0xFF,0x00,0x00,0x00,0x00,0x00,0x00,0x00,0x00,
    0x00,0x00,0x00,0x00,0x00,0x00,0x00,0x00,0x00,0x00,0x00,0x00,0x00,0x00,0x00,0x00,
    0x9C,0x7D,0x3D,0xFF,0x3A,0x2A,0x1A,0xFF,0x3A,0x2A,0x1A,0xFF,0x3A,0x2A,0x1A,0xFF,
    0x3A,0x2A,0x1A,0xFF,0x3A,0x2A,0x1A,0xFF,0x3A,0x2A,0x1A,0xFF,0x3A,0x2A,0x1A,0xFF,
    0x3A,0x2A,0x1A,0xFF,0x3A,0x2A,0x1A,0xFF,0x3A,0x2A,0x1A,0xFF,0x3A,0x2A,0x1A,0xFF,
    0x3A,0x2A,0x1A,0xFF,0x3A,0x2A,0x1A,0xFF,0x3A,0x2A,0x1A,0xFF,0x3A,0x2A,0x1A,0xFF,
    0x3A,0x2A,0x1A,0xFF,0x3A,0x2A,0x1A,0xFF,0x3A,0x2A,0x1A,0xFF,0x3A,0x2A,0x1A,0xFF,
    0x3A,0x2A,0x1A,0xFF,0x3A,0x2A,0x1A,0xFF,0x3A,0x2A,0x1A,0xFF,0x3A,0x2A,0x1A,0xFF,
    0x9C,0x7D,0x3D,0xFF,0x00,0x00,0x00,0x00,0x00,0x00,0x00,0x00,0x00,0x00,0x00,0x00,
    0x00,0x00,0x00,0x00,0x00,0x00,0x00,0x00,0x00,0x00,0x00,0x00,0x00,0x00,0x00,0x00,
    0x9C,0x7D,0x3D,0xFF,0x9C,0x7D,0x3D,0xFF,0x3A,0x2A,0x1A,0xFF,0x3A,0x2A,0x1A,0xFF,
    0x3A,0x2A,0x1A,0xFF,0x3A,0x2A,0x1A,0xFF,0x3A,0x2A,0x1A,0xFF,0x3A,0x2A,0x1A,0xFF,
    0x3A,0x2A,0x1A,0xFF,0x3A,0x2A,0x1A,0xFF,0x3A,0x2A,0x1A,0xFF,0x3A,0x2A,0x1A,0xFF,
    0x3A,0x2A,0x1A,0xFF,0x3A,0x2A,0x1A,0xFF,0x3A,0x2A,0x1A,0xFF,0x3A,0x2A,0x1A,0xFF,
    0x3A,0x2A,0x1A,0xFF,0x3A,0x2A,0x1A,0xFF,0x3A,0x2A,0x1A,0xFF,0x3A,0x2A,0x1A,0xFF,
    0x3A,0x2A,0x1A,0xFF,0x3A,0x2A,0x1A,0xFF,0x3A,0x2A,0x1A,0xFF,0x9C,0x7D,0x3D,0xFF,
    0x9C,0x7D,0x3D,0xFF,0x00,0x00,0x00,0x00,0x00,0x00,0x00,0x00,0x00,0x00,0x00,0x00,
    0x00,0x00,0x00,0x00,0x00,0x00,0x00,0x00,0x00,0x00,0x00,0x00,0x00,0x00,0x00,0x00,
    0x00,0x00,0x00,0x00,0x9C,0x7D,0x3D,0xFF,0x3A,0x2A,0x1A,0xFF,0x3A,0x2A,0x1A,0xFF,
    0x3A,0x2A,0x1A,0xFF,0x3A,0x2A,0x1A,0xFF,0x3A,0x2A,0x1A,0xFF,0x3A,0x2A,0x1A,0xFF,
    0x3A,0x2A,0x1A,0xFF,0x3A,0x2A,0x1A,0xFF,0x3A,0x2A,0x1A,0xFF,0x3A,0x2A,0x1A,0xFF,
    0x3A,0x2A,0x1A,0xFF,0x3A,0x2A,0x1A,0xFF,0x3A,0x2A,0x1A,0xFF,0x3A,0x2A,0x1A,0xFF,
    0x3A,0x2A,0x1A,0xFF,0x3A,0x2A,0x1A,0xFF,0x3A,0x2A,0x1A,0xFF,0x3A,0x2A,0x1A,0xFF,
    0x3A,0x2A,0x1A,0xFF,0x3A,0x2A,0x1A,0xFF,0x3A,0x2A,0x1A,0xFF,0x9C,0x7D,0x3D,0xFF,
    0x00,0x00,0x00,0x00,0x00,0x00,0x00,0x00,0x00,0x00,0x00,0x00,0x00,0x00,0x00,0x00,
    0x00,0x00,0x00,0x00,0x00,0x00,0x00,0x00,0x00,0x00,0x00,0x00,0x00,0x00,0x00,0x00,
    0x00,0x00,0x00,0x00,0x00,0x00,0x00,0x00,0x9C,0x7D,0x3D,0xFF,0x3A,0x2A,0x1A,0xFF,
    0x3A,0x2A,0x1A,0xFF,0x3A,0x2A,0x1A,0xFF,0x3A,0x2A,0x1A,0xFF,0x3A,0x2A,0x1A,0xFF,
    0x3A,0x2A,0x1A,0xFF,0x3A,0x2A,0x1A,0xFF,0x3A,0x2A,0x1A,0xFF,0x3A,0x2A,0x1A,0xFF,
    0x3A,0x2A,0x1A,0xFF,0x3A,0x2A,0x1A,0xFF,0x3A,0x2A,0x1A,0xFF,0x3A,0x2A,0x1A,0xFF,
    0x3A,0x2A,0x1A,0xFF,0x3A,0x2A,0x1A,0xFF,0x3A,0x2A,0x1A,0xFF,0x3A,0x2A,0x1A,0xFF,
    0x3A,0x2A,0x1A,0xFF,0x3A,0x2A,0x1A,0xFF,0x9C,0x7D,0x3D,0xFF,0x00,0x00,0x00,0x00,
    0x00,0x00,0x00,0x00,0x00,0x00,0x00,0x00,0x00,0x00,0x00,0x00,0x00,0x00,0x00,0x00,
    0x00,0x00,0x00,0x00,0x00,0x00,0x00,0x00,0x00,0x00,0x00,0x00,0x00,0x00,0x00,0x00,
    0x00,0x00,0x00,0x00,0x00,0x00,0x00,0x00,0x00,0x00,0x00,0x00,0x9C,0x7D,0x3D,0xFF,
    0x3A,0x2A,0x1A,0xFF,0x3A,0x2A,0x1A,0xFF,0x3A,0x2A,0x1A,0xFF,0x3A,0x2A,0x1A,0xFF,
    0x3A,0x2A,0x1A,0xFF,0x3A,0x2A,0x1A,0xFF,0x3A,0x2A,0x1A,0xFF,0x3A,0x2A,0x1A,0xFF,
    0x3A,0x2A,0x1A,0xFF,0x3A,0x2A,0x1A,0xFF,0x3A,0x2A,0x1A,0xFF,0x3A,0x2A,0x1A,0xFF,
    0x3A,0x2A,0x1A,0xFF,0x3A,0x2A,0x1A,0xFF,0x3A,0x2A,0x1A,0xFF,0x3A,0x2A,0x1A,0xFF,
    0x3A,0x2A,0x1A,0xFF,0x9C,0x7D,0x3D,0xFF,0x00,0x00,0x00,0x00,0x00,0x00,0x00,0x00,
    0x00,0x00,0x00,0x00,0x00,0x00,0x00,0x00,0x00,0x00,0x00,0x00,0x00,0x00,0x00,0x00,
    0x00,0x00,0x00,0x00,0x00,0x00,0x00,0x00,0x00,0x00,0x00,0x00,0x00,0x00,0x00,0x00,
    0x00,0x00,0x00,0x00,0x00,0x00,0x00,0x00,0x00,0x00,0x00,0x00,0x00,0x00,0x00,0x00,
    0x9C,0x7D,0x3D,0xFF,0x9C,0x7D,0x3D,0xFF,0x3A,0x2A,0x1A,0xFF,0x3A,0x2A,0x1A,0xFF,
    0x3A,0x2A,0x1A,0xFF,0x3A,0x2A,0x1A,0xFF,0x3A,0x2A,0x1A,0xFF,0x3A,0x2A,0x1A,0xFF,
    0x3A,0x2A,0x1A,0xFF,0x3A,0x2A,0x1A,0xFF,0x3A,0x2A,0x1A,0xFF,0x3A,0x2A,0x1A,0xFF,
    0x3A,0x2A,0x1A,0xFF,0x3A,0x2A,0x1A,0xFF,0x3A,0x2A,0x1A,0xFF,0x9C,0x7D,0x3D,0xFF,
    0x9C,0x7D,0x3D,0xFF,0x00,0x00,0x00,0x00,0x00,0x00,0x00,0x00,0x00,0x00,0x00,0x00,
    0x00,0x00,0x00,0x00,0x00,0x00,0x00,0x00,0x00,0x00,0x00,0x00,0x00,0x00,0x00,0x00,
    0x00,0x00,0x00,0x00,0x00,0x00,0x00,0x00,0x00,0x00,0x00,0x00,0x00,0x00,0x00,0x00,
    0x00,0x00,0x00,0x00,0x00,0x00,0x00,0x00,0x00,0x00,0x00,0x00,0x00,0x00,0x00,0x00,
    0x00,0x00,0x00,0x00,0x9C,0x7D,0x3D,0xFF,0x9C,0x7D,0x3D,0xFF,0x9C,0x7D,0x3D,0xFF,
    0x3A,0x2A,0x1A,0xFF,0x3A,0x2A,0x1A,0xFF,0x3A,0x2A,0x1A,0xFF,0x3A,0x2A,0x1A,0xFF,
    0x3A,0x2A,0x1A,0xFF,0x3A,0x2A,0x1A,0xFF,0x3A,0x2A,0x1A,0xFF,0x3A,0x2A,0x1A,0xFF,
    0x3A,0x2A,0x1A,0xFF,0x9C,0x7D,0x3D,0xFF,0x9C,0x7D,0x3D,0xFF,0x9C,0x7D,0x3D,0xFF,
    0x00,0x00,0x00,0x00,0x00,0x00,0x00,0x00,0x00,0x00,0x00,0x00,0x00,0x00,0x00,0x00,
    0x00,0x00,0x00,0x00,0x00,0x00,0x00,0x00,0x00,0x00,0x00,0x00,0x00,0x00,0x00,0x00,
    0x00,0x00,0x00,0x00,0x00,0x00,0x00,0x00,0x00,0x00,0x00,0x00,0x00,0x00,0x00,0x00,
    0x00,0x00,0x00,0x00,0x00,0x00,0x00,0x00,0x00,0x00,0x00,0x00,0x00,0x00,0x00,0x00,
    0x00,0x00,0x00,0x00,0x00,0x00,0x00,0x00,0x00,0x00,0x00,0x00,0x9C,0x7D,0x3D,0xFF,
    0x9C,0x7D,0x3D,0xFF,0x9C,0x7D,0x3D,0xFF,0x9C,0x7D,0x3D,0xFF,0x9C,0x7D,0x3D,0xFF,
    0x9C,0x7D,0x3D,0xFF,0x9C,0x7D,0x3D,0xFF,0x9C,0x7D,0x3D,0xFF,0x9C,0x7D,0x3D,0xFF,
    0x9C,0x7D,0x3D,0xFF,0x9C,0x7D,0x3D,0xFF,0x00,0x00,0x00,0x00,0x00,0x00,0x00,0x00,
    0x00,0x00,0x00,0x00,0x00,0x00,0x00,0x00,0x00,0x00,0x00,0x00,0x00,0x00,0x00,0x00,
    0x00,0x00,0x00,0x00,0x00,0x00,0x00,0x00,0x00,0x00,0x00,0x00,0x00,0x00,0x00,0x00,
    0x00,0x00,0x00,0x00,0x00,0x00,0x00,0x00,0x00,0x00,0x00,0x00,0x00,0x00,0x00,0x00,
    0x00,0x00,0x00,0x00,0x00,0x00,0x00,0x00,0x00,0x00,0x00,0x00,0x00,0x00,0x00,0x00,
    0x00,0x00,0x00,0x00,0x00,0x00,0x00,0x00,0x00,0x00,0x00,0x00,0x00,0x00,0x00,0x00,
    0x00,0x00,0x00,0x00,0x00,0x00,0x00,0x00,0x00,0x00,0x00,0x00,0x00,0x00,0x00,0x00,
    0x00,0x00,0x00,0x00,0x00,0x00,0x00,0x00,0x00,0x00,0x00,0x00,0x00,0x00,0x00,0x00,
    0x00,0x00,0x00,0x00,0x00,0x00,0x00,0x00,0x00,0x00,0x00,0x00,0x00,0x00,0x00,0x00,
    0x00,0x00,0x00,0x00,0x00,0x00,0x00,0x00,0x00,0x00,0x00,0x00,0x00,0x00,0x00,0x00,
    0x00,0x00,0x00,0x00,0x00,0x00,0x00,0x00,0x00,0x00,0x00,0x00,0x00,0x00,0x00,0x00,
    0x00,0x00,0x00,0x00,0x00,0x00,0x00,0x00,0x00,0x00,0x00,0x00,0x00,0x00,0x00,0x00,
    0x00,0x00,0x00,0x00,0x00,0x00,0x00,0x00,0x00,0x00,0x00,0x00,0x00,0x00,0x00,0x00,
    0x00,0x00,0x00,0x00,0x00,0x00,0x00,0x00,0x00,0x00,0x00,0x00,0x00,0x00,0x00,0x00,
    0x00,0x00,0x00,0x00,0x00,0x00,0x00,0x00,0x00,0x00,0x00,0x00,0x00,0x00,0x00,0x00,
    0x00,0x00,0x00,0x00,0x00,0x00,0x00,0x00,0x00,0x00,0x00,0x00,0x00,0x00,0x00,0x00,
    0x00,0x00,0x00,0x00,0x00,0x00,0x00,0x00,0x00,0x00,0x00,0x00,0x00,0x00,0x00,0x00,
    0x00,0x00,0x00,0x00,0x00,0x00,0x00,0x00,0x00,0x00,0x00,0x00,0x00,0x00,0x00,0x00,
    0x00,0x00,0x00,0x00,0x00,0x00,0x00,0x00,0x00,0x00,0x00,0x00,0x00,0x00,0x00,0x00,
};

static const uint8_t icon_data_system_monitor[] = {
    0x44,0x52,0x43,0x4F,0x20,0x00,0x20,0x00,0x20,0x00,0x00,0x00,0x00,0x00,0x00,0x00,
    0x00,0x00,0x00,0x00,0x00,0x00,0x00,0x00,0x00,0x00,0x00,0x00,0x00,0x00,0x00,0x00,
    0x00,0x00,0x00,0x00,0x00,0x00,0x00,0x00,0x00,0x00,0x00,0x00,0x00,0x00,0x00,0x00,
    0x00,0x00,0x00,0x00,0x00,0x00,0x00,0x00,0x00,0x00,0x00,0x00,0x00,0x00,0x00,0x00,
    0x00,0x00,0x00,0x00,0x00,0x00,0x00,0x00,0x00,0x00,0x00,0x00,0x00,0x00,0x00,0x00,
    0x00,0x00,0x00,0x00,0x00,0x00,0x00,0x00,0x00,0x00,0x00,0x00,0x00,0x00,0x00,0x00,
    0x00,0x00,0x00,0x00,0x00,0x00,0x00,0x00,0x00,0x00,0x00,0x00,0x00,0x00,0x00,0x00,
    0x00,0x00,0x00,0x00,0x00,0x00,0x00,0x00,0x00,0x00,0x00,0x00,0x00,0x00,0x00,0x00,
    0x00,0x00,0x00,0x00,0x00,0x00,0x00,0x00,0x00,0x00,0x00,0x00,0x00,0x00,0x00,0x00,
    0x00,0x00,0x00,0x00,0x00,0x00,0x00,0x00,0x00,0x00,0x00,0x00,0x00,0x00,0x00,0x00,
    0x00,0x00,0x00,0x00,0x00,0x00,0x00,0x00,0x00,0x00,0x00,0x00,0x00,0x00,0x00,0x00,
    0x00,0x00,0x00,0x00,0x00,0x00,0x00,0x00,0x00,0x00,0x00,0x00,0x00,0x00,0x00,0x00,
    0x00,0x00,0x00,0x00,0x00,0x00,0x00,0x00,0x00,0x00,0x00,0x00,0x00,0x00,0x00,0x00,
    0x00,0x00,0x00,0x00,0x00,0x00,0x00,0x00,0x00,0x00,0x00,0x00,0x00,0x00,0x00,0x00,
    0x00,0x00,0x00,0x00,0x00,0x00,0x00,0x00,0x00,0x00,0x00,0x00,0x00,0x00,0x00,0x00,
    0x00,0x00,0x00,0x00,0x00,0x00,0x00,0x00,0x00,0x00,0x00,0x00,0x00,0x00,0x00,0x00,
    0x00,0x00,0x00,0x00,0x00,0x00,0x00,0x00,0x00,0x00,0x00,0x00,0x00,0x00,0x00,0x00,
    0x00,0x00,0x00,0x00,0x00,0x00,0x00,0x00,0x00,0x00,0x00,0x00,0x00,0x00,0x00,0x00,
    0x00,0x00,0x00,0x00,0x00,0x00,0x00,0x00,0x00,0x00,0x00,0x00,0x00,0x00,0x00,0x00,
    0x00,0x00,0x00,0x00,0x00,0x00,0x00,0x00,0x00,0x00,0x00,0x00,0x00,0x00,0x00,0x00,
    0x00,0x00,0x00,0x00,0x00,0x00,0x00,0x00,0x00,0x00,0x00,0x00,0x00,0x00,0x00,0x00,
    0x00,0x00,0x00,0x00,0x00,0x00,0x00,0x00,0x00,0x00,0x00,0x00,0x00,0x00,0x00,0x00,
    0x00,0x00,0x00,0x00,0x00,0x00,0x00,0x00,0x00,0x00,0x00,0x00,0x00,0x00,0x00,0x00,
    0x00,0x00,0x00,0x00,0x00,0x00,0x00,0x00,0x00,0x00,0x00,0x00,0x00,0x00,0x00,0x00,
    0x00,0x00,0x00,0x00,0x00,0x00,0x00,0x00,0x00,0x00,0x00,0x00,0x00,0x00,0x00,0x00,
    0x00,0x00,0x00,0x00,0x00,0x00,0x00,0x00,0x00,0x00,0x00,0x00,0x00,0x00,0x00,0x00,
    0x00,0x00,0x00,0x00,0x00,0x00,0x00,0x00,0x00,0x00,0x00,0x00,0x00,0x00,0x00,0x00,
    0x00,0x00,0x00,0x00,0x00,0x00,0x00,0x00,0x00,0x00,0x00,0x00,0x65,0x9C,0x35,0xFF,
    0x65,0x9C,0x35,0xFF,0x65,0x9C,0x35,0xFF,0x65,0x9C,0x35,0xFF,0x65,0x9C,0x35,0xFF,
    0x65,0x9C,0x35,0xFF,0x65,0x9C,0x35,0xFF,0x65,0x9C,0x35,0xFF,0x65,0x9C,0x35,0xFF,
    0x65,0x9C,0x35,0xFF,0x65,0x9C,0x35,0xFF,0x00,0x00,0x00,0x00,0x00,0x00,0x00,0x00,
    0x00,0x00,0x00,0x00,0x00,0x00,0x00,0x00,0x00,0x00,0x00,0x00,0x00,0x00,0x00,0x00,
    0x00,0x00,0x00,0x00,0x00,0x00,0x00,0x00,0x00,0x00,0x00,0x00,0x00,0x00,0x00,0x00,
    0x00,0x00,0x00,0x00,0x00,0x00,0x00,0x00,0x00,0x00,0x00,0x00,0x00,0x00,0x00,0x00,
    0x00,0x00,0x00,0x00,0x00,0x00,0x00,0x00,0x00,0x00,0x00,0x00,0x00,0x00,0x00,0x00,
    0x00,0x00,0x00,0x00,0x65,0x9C,0x35,0xFF,0x65,0x9C,0x35,0xFF,0x65,0x9C,0x35,0xFF,
    0x1A,0x3A,0x2A,0xFF,0x1A,0x3A,0x2A,0xFF,0x1A,0x3A,0x2A,0xFF,0x1A,0x3A,0x2A,0xFF,
    0x1A,0x3A,0x2A,0xFF,0x1A,0x3A,0x2A,0xFF,0x1A,0x3A,0x2A,0xFF,0x1A,0x3A,0x2A,0xFF,
    0x1A,0x3A,0x2A,0xFF,0x65,0x9C,0x35,0xFF,0x65,0x9C,0x35,0xFF,0x65,0x9C,0x35,0xFF,
    0x00,0x00,0x00,0x00,0x00,0x00,0x00,0x00,0x00,0x00,0x00,0x00,0x00,0x00,0x00,0x00,
    0x00,0x00,0x00,0x00,0x00,0x00,0x00,0x00,0x00,0x00,0x00,0x00,0x00,0x00,0x00,0x00,
    0x00,0x00,0x00,0x00,0x00,0x00,0x00,0x00,0x00,0x00,0x00,0x00,0x00,0x00,0x00,0x00,
    0x00,0x00,0x00,0x00,0x00,0x00,0x00,0x00,0x00,0x00,0x00,0x00,0x00,0x00,0x00,0x00,
    0x65,0x9C,0x35,0xFF,0x65,0x9C,0x35,0xFF,0x1A,0x3A,0x2A,0xFF,0x1A,0x3A,0x2A,0xFF,
    0x1A,0x3A,0x2A,0xFF,0x1A,0x3A,0x2A,0xFF,0x1A,0x3A,0x2A,0xFF,0x1A,0x3A,0x2A,0xFF,
    0x1A,0x3A,0x2A,0xFF,0x1A,0x3A,0x2A,0xFF,0x1A,0x3A,0x2A,0xFF,0x1A,0x3A,0x2A,0xFF,
    0x1A,0x3A,0x2A,0xFF,0x1A,0x3A,0x2A,0xFF,0x1A,0x3A,0x2A,0xFF,0x65,0x9C,0x35,0xFF,
    0x65,0x9C,0x35,0xFF,0x00,0x00,0x00,0x00,0x00,0x00,0x00,0x00,0x00,0x00,0x00,0x00,
    0x00,0x00,0x00,0x00,0x00,0x00,0x00,0x00,0x00,0x00,0x00,0x00,0x00,0x00,0x00,0x00,
    0x00,0x00,0x00,0x00,0x00,0x00,0x00,0x00,0x00,0x00,0x00,0x00,0x00,0x00,0x00,0x00,
    0x00,0x00,0x00,0x00,0x00,0x00,0x00,0x00,0x00,0x00,0x00,0x00,0x65,0x9C,0x35,0xFF,
    0x1A,0x3A,0x2A,0xFF,0x1A,0x3A,0x2A,0xFF,0x1A,0x3A,0x2A,0xFF,0x1A,0x3A,0x2A,0xFF,
    0x1A,0x3A,0x2A,0xFF,0x1A,0x3A,0x2A,0xFF,0x1A,0x3A,0x2A,0xFF,0x1A,0x3A,0x2A,0xFF,
    0x1A,0x3A,0x2A,0xFF,0x1A,0x3A,0x2A,0xFF,0x1A,0x3A,0x2A,0xFF,0x1A,0x3A,0x2A,0xFF,
    0x1A,0x3A,0x2A,0xFF,0x1A,0x3A,0x2A,0xFF,0x1A,0x3A,0x2A,0xFF,0x1A,0x3A,0x2A,0xFF,
    0x1A,0x3A,0x2A,0xFF,0x65,0x9C,0x35,0xFF,0x00,0x00,0x00,0x00,0x00,0x00,0x00,0x00,
    0x00,0x00,0x00,0x00,0x00,0x00,0x00,0x00,0x00,0x00,0x00,0x00,0x00,0x00,0x00,0x00,
    0x00,0x00,0x00,0x00,0x00,0x00,0x00,0x00,0x00,0x00,0x00,0x00,0x00,0x00,0x00,0x00,
    0x00,0x00,0x00,0x00,0x00,0x00,0x00,0x00,0x65,0x9C,0x35,0xFF,0x1A,0x3A,0x2A,0xFF,
    0x1A,0x3A,0x2A,0xFF,0x1A,0x3A,0x2A,0xFF,0x1A,0x3A,0x2A,0xFF,0x1A,0x3A,0x2A,0xFF,
    0x1A,0x3A,0x2A,0xFF,0x1A,0x3A,0x2A,0xFF,0x1A,0x3A,0x2A,0xFF,0x1A,0x3A,0x2A,0xFF,
    0x1A,0x3A,0x2A,0xFF,0x1A,0x3A,0x2A,0xFF,0x1A,0x3A,0x2A,0xFF,0x1A,0x3A,0x2A,0xFF,
    0x1A,0x3A,0x2A,0xFF,0x1A,0x3A,0x2A,0xFF,0x1A,0x3A,0x2A,0xFF,0x1A,0x3A,0x2A,0xFF,
    0x1A,0x3A,0x2A,0xFF,0x1A,0x3A,0x2A,0xFF,0x65,0x9C,0x35,0xFF,0x00,0x00,0x00,0x00,
    0x00,0x00,0x00,0x00,0x00,0x00,0x00,0x00,0x00,0x00,0x00,0x00,0x00,0x00,0x00,0x00,
    0x00,0x00,0x00,0x00,0x00,0x00,0x00,0x00,0x00,0x00,0x00,0x00,0x00,0x00,0x00,0x00,
    0x00,0x00,0x00,0x00,0x65,0x9C,0x35,0xFF,0x1A,0x3A,0x2A,0xFF,0x1A,0x3A,0x2A,0xFF,
    0x1A,0x3A,0x2A,0xFF,0x1A,0x3A,0x2A,0xFF,0x1A,0x3A,0x2A,0xFF,0x1A,0x3A,0x2A,0xFF,
    0x1A,0x3A,0x2A,0xFF,0x1A,0x3A,0x2A,0xFF,0x1A,0x3A,0x2A,0xFF,0x1A,0x3A,0x2A,0xFF,
    0x1A,0x3A,0x2A,0xFF,0x1A,0x3A,0x2A,0xFF,0x1A,0x3A,0x2A,0xFF,0x1A,0x3A,0x2A,0xFF,
    0x1A,0x3A,0x2A,0xFF,0x1A,0x3A,0x2A,0xFF,0x1A,0x3A,0x2A,0xFF,0x1A,0x3A,0x2A,0xFF,
    0x1A,0x3A,0x2A,0xFF,0x1A,0x3A,0x2A,0xFF,0x1A,0x3A,0x2A,0xFF,0x65,0x9C,0x35,0xFF,
    0x00,0x00,0x00,0x00,0x00,0x00,0x00,0x00,0x00,0x00,0x00,0x00,0x00,0x00,0x00,0x00,
    0x00,0x00,0x00,0x00,0x00,0x00,0x00,0x00,0x00,0x00,0x00,0x00,0x00,0x00,0x00,0x00,
    0x65,0x9C,0x35,0xFF,0x65,0x9C,0x35,0xFF,0x1A,0x3A,0x2A,0xFF,0x1A,0x3A,0x2A,0xFF,
    0x1A,0x3A,0x2A,0xFF,0x1A,0x3A,0x2A,0xFF,0x1A,0x3A,0x2A,0xFF,0x1A,0x3A,0x2A,0xFF,
    0x1A,0x3A,0x2A,0xFF,0x1A,0x3A,0x2A,0xFF,0x1A,0x3A,0x2A,0xFF,0x1A,0x3A,0x2A,0xFF,
    0x1A,0x3A,0x2A,0xFF,0x1A,0x3A,0x2A,0xFF,0x1A,0x3A,0x2A,0xFF,0x1A,0x3A,0x2A,0xFF,
    0x1A,0x3A,0x2A,0xFF,0x1A,0x3A,0x2A,0xFF,0x1A,0x3A,0x2A,0xFF,0x1A,0x3A,0x2A,0xFF,
    0x1A,0x3A,0x2A,0xFF,0x1A,0x3A,0x2A,0xFF,0x1A,0x3A,0x2A,0xFF,0x65,0x9C,0x35,0xFF,
    0x65,0x9C,0x35,0xFF,0x00,0x00,0x00,0x00,0x00,0x00,0x00,0x00,0x00,0x00,0x00,0x00,
    0x00,0x00,0x00,0x00,0x00,0x00,0x00,0x00,0x00,0x00,0x00,0x00,0x00,0x00,0x00,0x00,
    0x65,0x9C,0x35,0xFF,0x1A,0x3A,0x2A,0xFF,0x1A,0x3A,0x2A,0xFF,0x1A,0x3A,0x2A,0xFF,
    0x1A,0x3A,0x2A,0xFF,0x1A,0x3A,0x2A,0xFF,0x1A,0x3A,0x2A,0xFF,0x1A,0x3A,0x2A,0xFF,
    0x1A,0x3A,0x2A,0xFF,0x1A,0x3A,0x2A,0xFF,0x1A,0x3A,0x2A,0xFF,0x1A,0x3A,0x2A,0xFF,
    0x1A,0x3A,0x2A,0xFF,0x1A,0x3A,0x2A,0xFF,0x1A,0x3A,0x2A,0xFF,0x1A,0x3A,0x2A,0xFF,
    0x1A,0x3A,0x2A,0xFF,0x1A,0x3A,0x2A,0xFF,0x1A,0x3A,0x2A,0xFF,0x1A,0x3A,0x2A,0xFF,
    0x1A,0x3A,0x2A,0xFF,0x1A,0x3A,0x2A,0xFF,0x1A,0x3A,0x2A,0xFF,0x1A,0x3A,0x2A,0xFF,
    0x65,0x9C,0x35,0xFF,0x00,0x00,0x00,0x00,0x00,0x00,0x00,0x00,0x00,0x00,0x00,0x00,
    0x00,0x00,0x00,0x00,0x00,0x00,0x00,0x00,0x00,0x00,0x00,0x00,0x65,0x9C,0x35,0xFF,
    0x65,0x9C,0x35,0xFF,0x1A,0x3A,0x2A,0xFF,0x1A,0x3A,0x2A,0xFF,0x1A,0x3A,0x2A,0xFF,
    0x1A,0x3A,0x2A,0xFF,0x1A,0x3A,0x2A,0xFF,0x1A,0x3A,0x2A,0xFF,0x1A,0x3A,0x2A,0xFF,
    0x1A,0x3A,0x2A,0xFF,0x1A,0x3A,0x2A,0xFF,0x1A,0x3A,0x2A,0xFF,0x1A,0x3A,0x2A,0xFF,
    0x1A,0x3A,0x2A,0xFF,0x1A,0x3A,0x2A,0xFF,0x1A,0x3A,0x2A,0xFF,0x1A,0x3A,0x2A,0xFF,
    0x1A,0x3A,0x2A,0xFF,0x1A,0x3A,0x2A,0xFF,0x1A,0x3A,0x2A,0xFF,0x1A,0x3A,0x2A,0xFF,
    0x1A,0x3A,0x2A,0xFF,0x1A,0x3A,0x2A,0xFF,0x1A,0x3A,0x2A,0xFF,0x1A,0x3A,0x2A,0xFF,
    0x65,0x9C,0x35,0xFF,0x65,0x9C,0x35,0xFF,0x00,0x00,0x00,0x00,0x00,0x00,0x00,0x00,
    0x00,0x00,0x00,0x00,0x00,0x00,0x00,0x00,0x00,0x00,0x00,0x00,0x65,0x9C,0x35,0xFF,
    0x1A,0x3A,0x2A,0xFF,0x1A,0x3A,0x2A,0xFF,0x1A,0x3A,0x2A,0xFF,0x1A,0x3A,0x2A,0xFF,
    0x1A,0x3A,0x2A,0xFF,0x1A,0x3A,0x2A,0xFF,0x1A,0x3A,0x2A,0xFF,0x1A,0x3A,0x2A,0xFF,
    0x1A,0x3A,0x2A,0xFF,0x1A,0x3A,0x2A,0xFF,0x1A,0x3A,0x2A,0xFF,0x1A,0x3A,0x2A,0xFF,
    0x1A,0x3A,0x2A,0xFF,0x1A,0x3A,0x2A,0xFF,0x1A,0x3A,0x2A,0xFF,0x1A,0x3A,0x2A,0xFF,
    0x1A,0x3A,0x2A,0xFF,0x1A,0x3A,0x2A,0xFF,0x1A,0x3A,0x2A,0xFF,0x1A,0x3A,0x2A,0xFF,
    0x1A,0x3A,0x2A,0xFF,0x1A,0x3A,0x2A,0xFF,0x1A,0x3A,0x2A,0xFF,0x1A,0x3A,0x2A,0xFF,
    0x1A,0x3A,0x2A,0xFF,0x65,0x9C,0x35,0xFF,0x00,0x00,0x00,0x00,0x00,0x00,0x00,0x00,
    0x00,0x00,0x00,0x00,0x00,0x00,0x00,0x00,0x00,0x00,0x00,0x00,0x65,0x9C,0x35,0xFF,
    0x1A,0x3A,0x2A,0xFF,0x1A,0x3A,0x2A,0xFF,0x1A,0x3A,0x2A,0xFF,0x1A,0x3A,0x2A,0xFF,
    0x1A,0x3A,0x2A,0xFF,0x1A,0x3A,0x2A,0xFF,0x1A,0x3A,0x2A,0xFF,0x1A,0x3A,0x2A,0xFF,
    0x1A,0x3A,0x2A,0xFF,0x1A,0x3A,0x2A,0xFF,0x1A,0x3A,0x2A,0xFF,0x1A,0x3A,0x2A,0xFF,
    0x1A,0x3A,0x2A,0xFF,0x1A,0x3A,0x2A,0xFF,0x1A,0x3A,0x2A,0xFF,0x1A,0x3A,0x2A,0xFF,
    0x1A,0x3A,0x2A,0xFF,0x1A,0x3A,0x2A,0xFF,0x1A,0x3A,0x2A,0xFF,0x1A,0x3A,0x2A,0xFF,
    0x1A,0x3A,0x2A,0xFF,0x1A,0x3A,0x2A,0xFF,0x1A,0x3A,0x2A,0xFF,0x1A,0x3A,0x2A,0xFF,
    0x1A,0x3A,0x2A,0xFF,0x65,0x9C,0x35,0xFF,0x00,0x00,0x00,0x00,0x00,0x00,0x00,0x00,
    0x00,0x00,0x00,0x00,0x00,0x00,0x00,0x00,0x00,0x00,0x00,0x00,0x65,0x9C,0x35,0xFF,
    0x1A,0x3A,0x2A,0xFF,0x1A,0x3A,0x2A,0xFF,0x1A,0x3A,0x2A,0xFF,0x1A,0x3A,0x2A,0xFF,
    0x1A,0x3A,0x2A,0xFF,0x1A,0x3A,0x2A,0xFF,0x1A,0x3A,0x2A,0xFF,0x1A,0x3A,0x2A,0xFF,
    0x1A,0x3A,0x2A,0xFF,0x1A,0x3A,0x2A,0xFF,0x1A,0x3A,0x2A,0xFF,0x1A,0x3A,0x2A,0xFF,
    0x1A,0x3A,0x2A,0xFF,0x1A,0x3A,0x2A,0xFF,0x1A,0x3A,0x2A,0xFF,0x1A,0x3A,0x2A,0xFF,
    0x1A,0x3A,0x2A,0xFF,0x1A,0x3A,0x2A,0xFF,0x1A,0x3A,0x2A,0xFF,0x1A,0x3A,0x2A,0xFF,
    0x1A,0x3A,0x2A,0xFF,0x1A,0x3A,0x2A,0xFF,0x1A,0x3A,0x2A,0xFF,0x1A,0x3A,0x2A,0xFF,
    0x1A,0x3A,0x2A,0xFF,0x65,0x9C,0x35,0xFF,0x00,0x00,0x00,0x00,0x00,0x00,0x00,0x00,
    0x00,0x00,0x00,0x00,0x00,0x00,0x00,0x00,0x00,0x00,0x00,0x00,0x65,0x9C,0x35,0xFF,
    0x1A,0x3A,0x2A,0xFF,0x1A,0x3A,0x2A,0xFF,0x1A,0x3A,0x2A,0xFF,0x1A,0x3A,0x2A,0xFF,
    0x1A,0x3A,0x2A,0xFF,0x1A,0x3A,0x2A,0xFF,0x1A,0x3A,0x2A,0xFF,0x1A,0x3A,0x2A,0xFF,
    0x1A,0x3A,0x2A,0xFF,0x1A,0x3A,0x2A,0xFF,0x1A,0x3A,0x2A,0xFF,0x1A,0x3A,0x2A,0xFF,
    0x1A,0x3A,0x2A,0xFF,0x1A,0x3A,0x2A,0xFF,0x1A,0x3A,0x2A,0xFF,0x1A,0x3A,0x2A,0xFF,
    0x1A,0x3A,0x2A,0xFF,0x1A,0x3A,0x2A,0xFF,0x1A,0x3A,0x2A,0xFF,0x1A,0x3A,0x2A,0xFF,
    0x1A,0x3A,0x2A,0xFF,0x1A,0x3A,0x2A,0xFF,0x1A,0x3A,0x2A,0xFF,0x1A,0x3A,0x2A,0xFF,
    0x1A,0x3A,0x2A,0xFF,0x65,0x9C,0x35,0xFF,0x00,0x00,0x00,0x00,0x00,0x00,0x00,0x00,
    0x00,0x00,0x00,0x00,0x00,0x00,0x00,0x00,0x00,0x00,0x00,0x00,0x65,0x9C,0x35,0xFF,
    0x1A,0x3A,0x2A,0xFF,0x1A,0x3A,0x2A,0xFF,0x1A,0x3A,0x2A,0xFF,0x1A,0x3A,0x2A,0xFF,
    0x1A,0x3A,0x2A,0xFF,0x1A,0x3A,0x2A,0xFF,0x1A,0x3A,0x2A,0xFF,0x1A,0x3A,0x2A,0xFF,
    0x1A,0x3A,0x2A,0xFF,0x1A,0x3A,0x2A,0xFF,0x1A,0x3A,0x2A,0xFF,0x1A,0x3A,0x2A,0xFF,
    0x1A,0x3A,0x2A,0xFF,0x1A,0x3A,0x2A,0xFF,0x1A,0x3A,0x2A,0xFF,0x1A,0x3A,0x2A,0xFF,
    0x1A,0x3A,0x2A,0xFF,0x1A,0x3A,0x2A,0xFF,0x1A,0x3A,0x2A,0xFF,0x1A,0x3A,0x2A,0xFF,
    0x1A,0x3A,0x2A,0xFF,0x1A,0x3A,0x2A,0xFF,0x1A,0x3A,0x2A,0xFF,0x1A,0x3A,0x2A,0xFF,
    0x1A,0x3A,0x2A,0xFF,0x65,0x9C,0x35,0xFF,0x00,0x00,0x00,0x00,0x00,0x00,0x00,0x00,
    0x00,0x00,0x00,0x00,0x00,0x00,0x00,0x00,0x00,0x00,0x00,0x00,0x65,0x9C,0x35,0xFF,
    0x1A,0x3A,0x2A,0xFF,0x1A,0x3A,0x2A,0xFF,0x1A,0x3A,0x2A,0xFF,0x1A,0x3A,0x2A,0xFF,
    0x1A,0x3A,0x2A,0xFF,0x1A,0x3A,0x2A,0xFF,0x1A,0x3A,0x2A,0xFF,0x1A,0x3A,0x2A,0xFF,
    0x1A,0x3A,0x2A,0xFF,0x1A,0x3A,0x2A,0xFF,0x1A,0x3A,0x2A,0xFF,0x1A,0x3A,0x2A,0xFF,
    0x1A,0x3A,0x2A,0xFF,0x1A,0x3A,0x2A,0xFF,0x1A,0x3A,0x2A,0xFF,0x1A,0x3A,0x2A,0xFF,
    0x1A,0x3A,0x2A,0xFF,0x1A,0x3A,0x2A,0xFF,0x1A,0x3A,0x2A,0xFF,0x1A,0x3A,0x2A,0xFF,
    0x1A,0x3A,0x2A,0xFF,0x1A,0x3A,0x2A,0xFF,0x1A,0x3A,0x2A,0xFF,0x1A,0x3A,0x2A,0xFF,
    0x1A,0x3A,0x2A,0xFF,0x65,0x9C,0x35,0xFF,0x00,0x00,0x00,0x00,0x00,0x00,0x00,0x00,
    0x00,0x00,0x00,0x00,0x00,0x00,0x00,0x00,0x00,0x00,0x00,0x00,0x65,0x9C,0x35,0xFF,
    0x1A,0x3A,0x2A,0xFF,0x1A,0x3A,0x2A,0xFF,0x1A,0x3A,0x2A,0xFF,0x1A,0x3A,0x2A,0xFF,
    0x1A,0x3A,0x2A,0xFF,0x1A,0x3A,0x2A,0xFF,0x1A,0x3A,0x2A,0xFF,0x1A,0x3A,0x2A,0xFF,
    0x1A,0x3A,0x2A,0xFF,0x1A,0x3A,0x2A,0xFF,0x1A,0x3A,0x2A,0xFF,0x1A,0x3A,0x2A,0xFF,
    0x1A,0x3A,0x2A,0xFF,0x1A,0x3A,0x2A,0xFF,0x1A,0x3A,0x2A,0xFF,0x1A,0x3A,0x2A,0xFF,
    0x1A,0x3A,0x2A,0xFF,0x1A,0x3A,0x2A,0xFF,0x1A,0x3A,0x2A,0xFF,0x1A,0x3A,0x2A,0xFF,
    0x1A,0x3A,0x2A,0xFF,0x1A,0x3A,0x2A,0xFF,0x1A,0x3A,0x2A,0xFF,0x1A,0x3A,0x2A,0xFF,
    0x1A,0x3A,0x2A,0xFF,0x65,0x9C,0x35,0xFF,0x00,0x00,0x00,0x00,0x00,0x00,0x00,0x00,
    0x00,0x00,0x00,0x00,0x00,0x00,0x00,0x00,0x00,0x00,0x00,0x00,0x65,0x9C,0x35,0xFF,
    0x1A,0x3A,0x2A,0xFF,0x1A,0x3A,0x2A,0xFF,0x1A,0x3A,0x2A,0xFF,0x1A,0x3A,0x2A,0xFF,
    0x1A,0x3A,0x2A,0xFF,0x1A,0x3A,0x2A,0xFF,0x1A,0x3A,0x2A,0xFF,0x1A,0x3A,0x2A,0xFF,
    0x1A,0x3A,0x2A,0xFF,0x1A,0x3A,0x2A,0xFF,0x1A,0x3A,0x2A,0xFF,0x1A,0x3A,0x2A,0xFF,
    0x1A,0x3A,0x2A,0xFF,0x1A,0x3A,0x2A,0xFF,0x1A,0x3A,0x2A,0xFF,0x1A,0x3A,0x2A,0xFF,
    0x1A,0x3A,0x2A,0xFF,0x1A,0x3A,0x2A,0xFF,0x1A,0x3A,0x2A,0xFF,0x1A,0x3A,0x2A,0xFF,
    0x1A,0x3A,0x2A,0xFF,0x1A,0x3A,0x2A,0xFF,0x1A,0x3A,0x2A,0xFF,0x1A,0x3A,0x2A,0xFF,
    0x1A,0x3A,0x2A,0xFF,0x65,0x9C,0x35,0xFF,0x00,0x00,0x00,0x00,0x00,0x00,0x00,0x00,
    0x00,0x00,0x00,0x00,0x00,0x00,0x00,0x00,0x00,0x00,0x00,0x00,0x65,0x9C,0x35,0xFF,
    0x1A,0x3A,0x2A,0xFF,0x1A,0x3A,0x2A,0xFF,0x1A,0x3A,0x2A,0xFF,0x1A,0x3A,0x2A,0xFF,
    0x1A,0x3A,0x2A,0xFF,0x1A,0x3A,0x2A,0xFF,0x1A,0x3A,0x2A,0xFF,0x1A,0x3A,0x2A,0xFF,
    0x1A,0x3A,0x2A,0xFF,0x1A,0x3A,0x2A,0xFF,0x1A,0x3A,0x2A,0xFF,0x1A,0x3A,0x2A,0xFF,
    0x1A,0x3A,0x2A,0xFF,0x1A,0x3A,0x2A,0xFF,0x1A,0x3A,0x2A,0xFF,0x1A,0x3A,0x2A,0xFF,
    0x1A,0x3A,0x2A,0xFF,0x1A,0x3A,0x2A,0xFF,0x1A,0x3A,0x2A,0xFF,0x1A,0x3A,0x2A,0xFF,
    0x1A,0x3A,0x2A,0xFF,0x1A,0x3A,0x2A,0xFF,0x1A,0x3A,0x2A,0xFF,0x1A,0x3A,0x2A,0xFF,
    0x1A,0x3A,0x2A,0xFF,0x65,0x9C,0x35,0xFF,0x00,0x00,0x00,0x00,0x00,0x00,0x00,0x00,
    0x00,0x00,0x00,0x00,0x00,0x00,0x00,0x00,0x00,0x00,0x00,0x00,0x65,0x9C,0x35,0xFF,
    0x65,0x9C,0x35,0xFF,0x1A,0x3A,0x2A,0xFF,0x1A,0x3A,0x2A,0xFF,0x1A,0x3A,0x2A,0xFF,
    0x1A,0x3A,0x2A,0xFF,0x1A,0x3A,0x2A,0xFF,0x1A,0x3A,0x2A,0xFF,0x1A,0x3A,0x2A,0xFF,
    0x1A,0x3A,0x2A,0xFF,0x1A,0x3A,0x2A,0xFF,0x1A,0x3A,0x2A,0xFF,0x1A,0x3A,0x2A,0xFF,
    0x1A,0x3A,0x2A,0xFF,0x1A,0x3A,0x2A,0xFF,0x1A,0x3A,0x2A,0xFF,0x1A,0x3A,0x2A,0xFF,
    0x1A,0x3A,0x2A,0xFF,0x1A,0x3A,0x2A,0xFF,0x1A,0x3A,0x2A,0xFF,0x1A,0x3A,0x2A,0xFF,
    0x1A,0x3A,0x2A,0xFF,0x1A,0x3A,0x2A,0xFF,0x1A,0x3A,0x2A,0xFF,0x1A,0x3A,0x2A,0xFF,
    0x65,0x9C,0x35,0xFF,0x65,0x9C,0x35,0xFF,0x00,0x00,0x00,0x00,0x00,0x00,0x00,0x00,
    0x00,0x00,0x00,0x00,0x00,0x00,0x00,0x00,0x00,0x00,0x00,0x00,0x00,0x00,0x00,0x00,
    0x65,0x9C,0x35,0xFF,0x1A,0x3A,0x2A,0xFF,0x1A,0x3A,0x2A,0xFF,0x1A,0x3A,0x2A,0xFF,
    0x1A,0x3A,0x2A,0xFF,0x1A,0x3A,0x2A,0xFF,0x1A,0x3A,0x2A,0xFF,0x1A,0x3A,0x2A,0xFF,
    0x1A,0x3A,0x2A,0xFF,0x1A,0x3A,0x2A,0xFF,0x1A,0x3A,0x2A,0xFF,0x1A,0x3A,0x2A,0xFF,
    0x1A,0x3A,0x2A,0xFF,0x1A,0x3A,0x2A,0xFF,0x1A,0x3A,0x2A,0xFF,0x1A,0x3A,0x2A,0xFF,
    0x1A,0x3A,0x2A,0xFF,0x1A,0x3A,0x2A,0xFF,0x1A,0x3A,0x2A,0xFF,0x1A,0x3A,0x2A,0xFF,
    0x1A,0x3A,0x2A,0xFF,0x1A,0x3A,0x2A,0xFF,0x1A,0x3A,0x2A,0xFF,0x1A,0x3A,0x2A,0xFF,
    0x65,0x9C,0x35,0xFF,0x00,0x00,0x00,0x00,0x00,0x00,0x00,0x00,0x00,0x00,0x00,0x00,
    0x00,0x00,0x00,0x00,0x00,0x00,0x00,0x00,0x00,0x00,0x00,0x00,0x00,0x00,0x00,0x00,
    0x65,0x9C,0x35,0xFF,0x65,0x9C,0x35,0xFF,0x1A,0x3A,0x2A,0xFF,0x1A,0x3A,0x2A,0xFF,
    0x1A,0x3A,0x2A,0xFF,0x1A,0x3A,0x2A,0xFF,0x1A,0x3A,0x2A,0xFF,0x1A,0x3A,0x2A,0xFF,
    0x1A,0x3A,0x2A,0xFF,0x1A,0x3A,0x2A,0xFF,0x1A,0x3A,0x2A,0xFF,0x1A,0x3A,0x2A,0xFF,
    0x1A,0x3A,0x2A,0xFF,0x1A,0x3A,0x2A,0xFF,0x1A,0x3A,0x2A,0xFF,0x1A,0x3A,0x2A,0xFF,
    0x1A,0x3A,0x2A,0xFF,0x1A,0x3A,0x2A,0xFF,0x1A,0x3A,0x2A,0xFF,0x1A,0x3A,0x2A,0xFF,
    0x1A,0x3A,0x2A,0xFF,0x1A,0x3A,0x2A,0xFF,0x1A,0x3A,0x2A,0xFF,0x65,0x9C,0x35,0xFF,
    0x65,0x9C,0x35,0xFF,0x00,0x00,0x00,0x00,0x00,0x00,0x00,0x00,0x00,0x00,0x00,0x00,
    0x00,0x00,0x00,0x00,0x00,0x00,0x00,0x00,0x00,0x00,0x00,0x00,0x00,0x00,0x00,0x00,
    0x00,0x00,0x00,0x00,0x65,0x9C,0x35,0xFF,0x1A,0x3A,0x2A,0xFF,0x1A,0x3A,0x2A,0xFF,
    0x1A,0x3A,0x2A,0xFF,0x1A,0x3A,0x2A,0xFF,0x1A,0x3A,0x2A,0xFF,0x1A,0x3A,0x2A,0xFF,
    0x1A,0x3A,0x2A,0xFF,0x1A,0x3A,0x2A,0xFF,0x1A,0x3A,0x2A,0xFF,0x1A,0x3A,0x2A,0xFF,
    0x1A,0x3A,0x2A,0xFF,0x1A,0x3A,0x2A,0xFF,0x1A,0x3A,0x2A,0xFF,0x1A,0x3A,0x2A,0xFF,
    0x1A,0x3A,0x2A,0xFF,0x1A,0x3A,0x2A,0xFF,0x1A,0x3A,0x2A,0xFF,0x1A,0x3A,0x2A,0xFF,
    0x1A,0x3A,0x2A,0xFF,0x1A,0x3A,0x2A,0xFF,0x1A,0x3A,0x2A,0xFF,0x65,0x9C,0x35,0xFF,
    0x00,0x00,0x00,0x00,0x00,0x00,0x00,0x00,0x00,0x00,0x00,0x00,0x00,0x00,0x00,0x00,
    0x00,0x00,0x00,0x00,0x00,0x00,0x00,0x00,0x00,0x00,0x00,0x00,0x00,0x00,0x00,0x00,
    0x00,0x00,0x00,0x00,0x00,0x00,0x00,0x00,0x65,0x9C,0x35,0xFF,0x1A,0x3A,0x2A,0xFF,
    0x1A,0x3A,0x2A,0xFF,0x1A,0x3A,0x2A,0xFF,0x1A,0x3A,0x2A,0xFF,0x1A,0x3A,0x2A,0xFF,
    0x1A,0x3A,0x2A,0xFF,0x1A,0x3A,0x2A,0xFF,0x1A,0x3A,0x2A,0xFF,0x1A,0x3A,0x2A,0xFF,
    0x1A,0x3A,0x2A,0xFF,0x1A,0x3A,0x2A,0xFF,0x1A,0x3A,0x2A,0xFF,0x1A,0x3A,0x2A,0xFF,
    0x1A,0x3A,0x2A,0xFF,0x1A,0x3A,0x2A,0xFF,0x1A,0x3A,0x2A,0xFF,0x1A,0x3A,0x2A,0xFF,
    0x1A,0x3A,0x2A,0xFF,0x1A,0x3A,0x2A,0xFF,0x65,0x9C,0x35,0xFF,0x00,0x00,0x00,0x00,
    0x00,0x00,0x00,0x00,0x00,0x00,0x00,0x00,0x00,0x00,0x00,0x00,0x00,0x00,0x00,0x00,
    0x00,0x00,0x00,0x00,0x00,0x00,0x00,0x00,0x00,0x00,0x00,0x00,0x00,0x00,0x00,0x00,
    0x00,0x00,0x00,0x00,0x00,0x00,0x00,0x00,0x00,0x00,0x00,0x00,0x65,0x9C,0x35,0xFF,
    0x1A,0x3A,0x2A,0xFF,0x1A,0x3A,0x2A,0xFF,0x1A,0x3A,0x2A,0xFF,0x1A,0x3A,0x2A,0xFF,
    0x1A,0x3A,0x2A,0xFF,0x1A,0x3A,0x2A,0xFF,0x1A,0x3A,0x2A,0xFF,0x1A,0x3A,0x2A,0xFF,
    0x1A,0x3A,0x2A,0xFF,0x1A,0x3A,0x2A,0xFF,0x1A,0x3A,0x2A,0xFF,0x1A,0x3A,0x2A,0xFF,
    0x1A,0x3A,0x2A,0xFF,0x1A,0x3A,0x2A,0xFF,0x1A,0x3A,0x2A,0xFF,0x1A,0x3A,0x2A,0xFF,
    0x1A,0x3A,0x2A,0xFF,0x65,0x9C,0x35,0xFF,0x00,0x00,0x00,0x00,0x00,0x00,0x00,0x00,
    0x00,0x00,0x00,0x00,0x00,0x00,0x00,0x00,0x00,0x00,0x00,0x00,0x00,0x00,0x00,0x00,
    0x00,0x00,0x00,0x00,0x00,0x00,0x00,0x00,0x00,0x00,0x00,0x00,0x00,0x00,0x00,0x00,
    0x00,0x00,0x00,0x00,0x00,0x00,0x00,0x00,0x00,0x00,0x00,0x00,0x00,0x00,0x00,0x00,
    0x65,0x9C,0x35,0xFF,0x65,0x9C,0x35,0xFF,0x1A,0x3A,0x2A,0xFF,0x1A,0x3A,0x2A,0xFF,
    0x1A,0x3A,0x2A,0xFF,0x1A,0x3A,0x2A,0xFF,0x1A,0x3A,0x2A,0xFF,0x1A,0x3A,0x2A,0xFF,
    0x1A,0x3A,0x2A,0xFF,0x1A,0x3A,0x2A,0xFF,0x1A,0x3A,0x2A,0xFF,0x1A,0x3A,0x2A,0xFF,
    0x1A,0x3A,0x2A,0xFF,0x1A,0x3A,0x2A,0xFF,0x1A,0x3A,0x2A,0xFF,0x65,0x9C,0x35,0xFF,
    0x65,0x9C,0x35,0xFF,0x00,0x00,0x00,0x00,0x00,0x00,0x00,0x00,0x00,0x00,0x00,0x00,
    0x00,0x00,0x00,0x00,0x00,0x00,0x00,0x00,0x00,0x00,0x00,0x00,0x00,0x00,0x00,0x00,
    0x00,0x00,0x00,0x00,0x00,0x00,0x00,0x00,0x00,0x00,0x00,0x00,0x00,0x00,0x00,0x00,
    0x00,0x00,0x00,0x00,0x00,0x00,0x00,0x00,0x00,0x00,0x00,0x00,0x00,0x00,0x00,0x00,
    0x00,0x00,0x00,0x00,0x65,0x9C,0x35,0xFF,0x65,0x9C,0x35,0xFF,0x65,0x9C,0x35,0xFF,
    0x1A,0x3A,0x2A,0xFF,0x1A,0x3A,0x2A,0xFF,0x1A,0x3A,0x2A,0xFF,0x1A,0x3A,0x2A,0xFF,
    0x1A,0x3A,0x2A,0xFF,0x1A,0x3A,0x2A,0xFF,0x1A,0x3A,0x2A,0xFF,0x1A,0x3A,0x2A,0xFF,
    0x1A,0x3A,0x2A,0xFF,0x65,0x9C,0x35,0xFF,0x65,0x9C,0x35,0xFF,0x65,0x9C,0x35,0xFF,
    0x00,0x00,0x00,0x00,0x00,0x00,0x00,0x00,0x00,0x00,0x00,0x00,0x00,0x00,0x00,0x00,
    0x00,0x00,0x00,0x00,0x00,0x00,0x00,0x00,0x00,0x00,0x00,0x00,0x00,0x00,0x00,0x00,
    0x00,0x00,0x00,0x00,0x00,0x00,0x00,0x00,0x00,0x00,0x00,0x00,0x00,0x00,0x00,0x00,
    0x00,0x00,0x00,0x00,0x00,0x00,0x00,0x00,0x00,0x00,0x00,0x00,0x00,0x00,0x00,0x00,
    0x00,0x00,0x00,0x00,0x00,0x00,0x00,0x00,0x00,0x00,0x00,0x00,0x65,0x9C,0x35,0xFF,
    0x65,0x9C,0x35,0xFF,0x65,0x9C,0x35,0xFF,0x65,0x9C,0x35,0xFF,0x65,0x9C,0x35,0xFF,
    0x65,0x9C,0x35,0xFF,0x65,0x9C,0x35,0xFF,0x65,0x9C,0x35,0xFF,0x65,0x9C,0x35,0xFF,
    0x65,0x9C,0x35,0xFF,0x65,0x9C,0x35,0xFF,0x00,0x00,0x00,0x00,0x00,0x00,0x00,0x00,
    0x00,0x00,0x00,0x00,0x00,0x00,0x00,0x00,0x00,0x00,0x00,0x00,0x00,0x00,0x00,0x00,
    0x00,0x00,0x00,0x00,0x00,0x00,0x00,0x00,0x00,0x00,0x00,0x00,0x00,0x00,0x00,0x00,
    0x00,0x00,0x00,0x00,0x00,0x00,0x00,0x00,0x00,0x00,0x00,0x00,0x00,0x00,0x00,0x00,
    0x00,0x00,0x00,0x00,0x00,0x00,0x00,0x00,0x00,0x00,0x00,0x00,0x00,0x00,0x00,0x00,
    0x00,0x00,0x00,0x00,0x00,0x00,0x00,0x00,0x00,0x00,0x00,0x00,0x00,0x00,0x00,0x00,
    0x00,0x00,0x00,0x00,0x00,0x00,0x00,0x00,0x00,0x00,0x00,0x00,0x00,0x00,0x00,0x00,
    0x00,0x00,0x00,0x00,0x00,0x00,0x00,0x00,0x00,0x00,0x00,0x00,0x00,0x00,0x00,0x00,
    0x00,0x00,0x00,0x00,0x00,0x00,0x00,0x00,0x00,0x00,0x00,0x00,0x00,0x00,0x00,0x00,
    0x00,0x00,0x00,0x00,0x00,0x00,0x00,0x00,0x00,0x00,0x00,0x00,0x00,0x00,0x00,0x00,
    0x00,0x00,0x00,0x00,0x00,0x00,0x00,0x00,0x00,0x00,0x00,0x00,0x00,0x00,0x00,0x00,
    0x00,0x00,0x00,0x00,0x00,0x00,0x00,0x00,0x00,0x00,0x00,0x00,0x00,0x00,0x00,0x00,
    0x00,0x00,0x00,0x00,0x00,0x00,0x00,0x00,0x00,0x00,0x00,0x00,0x00,0x00,0x00,0x00,
    0x00,0x00,0x00,0x00,0x00,0x00,0x00,0x00,0x00,0x00,0x00,0x00,0x00,0x00,0x00,0x00,
    0x00,0x00,0x00,0x00,0x00,0x00,0x00,0x00,0x00,0x00,0x00,0x00,0x00,0x00,0x00,0x00,
    0x00,0x00,0x00,0x00,0x00,0x00,0x00,0x00,0x00,0x00,0x00,0x00,0x00,0x00,0x00,0x00,
    0x00,0x00,0x00,0x00,0x00,0x00,0x00,0x00,0x00,0x00,0x00,0x00,0x00,0x00,0x00,0x00,
    0x00,0x00,0x00,0x00,0x00,0x00,0x00,0x00,0x00,0x00,0x00,0x00,0x00,0x00,0x00,0x00,
    0x00,0x00,0x00,0x00,0x00,0x00,0x00,0x00,0x00,0x00,0x00,0x00,0x00,0x00,0x00,0x00,
};

static const uint8_t icon_data_package_manager[] = {
    0x44,0x52,0x43,0x4F,0x20,0x00,0x20,0x00,0x20,0x00,0x00,0x00,0x00,0x00,0x00,0x00,
    0x00,0x00,0x00,0x00,0x00,0x00,0x00,0x00,0x00,0x00,0x00,0x00,0x00,0x00,0x00,0x00,
    0x00,0x00,0x00,0x00,0x00,0x00,0x00,0x00,0x00,0x00,0x00,0x00,0x00,0x00,0x00,0x00,
    0x00,0x00,0x00,0x00,0x00,0x00,0x00,0x00,0x00,0x00,0x00,0x00,0x00,0x00,0x00,0x00,
    0x00,0x00,0x00,0x00,0x00,0x00,0x00,0x00,0x00,0x00,0x00,0x00,0x00,0x00,0x00,0x00,
    0x00,0x00,0x00,0x00,0x00,0x00,0x00,0x00,0x00,0x00,0x00,0x00,0x00,0x00,0x00,0x00,
    0x00,0x00,0x00,0x00,0x00,0x00,0x00,0x00,0x00,0x00,0x00,0x00,0x00,0x00,0x00,0x00,
    0x00,0x00,0x00,0x00,0x00,0x00,0x00,0x00,0x00,0x00,0x00,0x00,0x00,0x00,0x00,0x00,
    0x00,0x00,0x00,0x00,0x00,0x00,0x00,0x00,0x00,0x00,0x00,0x00,0x00,0x00,0x00,0x00,
    0x00,0x00,0x00,0x00,0x00,0x00,0x00,0x00,0x00,0x00,0x00,0x00,0x00,0x00,0x00,0x00,
    0x00,0x00,0x00,0x00,0x00,0x00,0x00,0x00,0x00,0x00,0x00,0x00,0x00,0x00,0x00,0x00,
    0x00,0x00,0x00,0x00,0x00,0x00,0x00,0x00,0x00,0x00,0x00,0x00,0x00,0x00,0x00,0x00,
    0x00,0x00,0x00,0x00,0x00,0x00,0x00,0x00,0x00,0x00,0x00,0x00,0x00,0x00,0x00,0x00,
    0x00,0x00,0x00,0x00,0x00,0x00,0x00,0x00,0x00,0x00,0x00,0x00,0x00,0x00,0x00,0x00,
    0x00,0x00,0x00,0x00,0x00,0x00,0x00,0x00,0x00,0x00,0x00,0x00,0x00,0x00,0x00,0x00,
    0x00,0x00,0x00,0x00,0x00,0x00,0x00,0x00,0x00,0x00,0x00,0x00,0x00,0x00,0x00,0x00,
    0x00,0x00,0x00,0x00,0x00,0x00,0x00,0x00,0x00,0x00,0x00,0x00,0x00,0x00,0x00,0x00,
    0x00,0x00,0x00,0x00,0x00,0x00,0x00,0x00,0x00,0x00,0x00,0x00,0x00,0x00,0x00,0x00,
    0x00,0x00,0x00,0x00,0x00,0x00,0x00,0x00,0x00,0x00,0x00,0x00,0x00,0x00,0x00,0x00,
    0x00,0x00,0x00,0x00,0x00,0x00,0x00,0x00,0x00,0x00,0x00,0x00,0x00,0x00,0x00,0x00,
    0x00,0x00,0x00,0x00,0x00,0x00,0x00,0x00,0x00,0x00,0x00,0x00,0x00,0x00,0x00,0x00,
    0x00,0x00,0x00,0x00,0x00,0x00,0x00,0x00,0x00,0x00,0x00,0x00,0x00,0x00,0x00,0x00,
    0x00,0x00,0x00,0x00,0x00,0x00,0x00,0x00,0x00,0x00,0x00,0x00,0x00,0x00,0x00,0x00,
    0x00,0x00,0x00,0x00,0x00,0x00,0x00,0x00,0x00,0x00,0x00,0x00,0x00,0x00,0x00,0x00,
    0x00,0x00,0x00,0x00,0x00,0x00,0x00,0x00,0x00,0x00,0x00,0x00,0x00,0x00,0x00,0x00,
    0x00,0x00,0x00,0x00,0x00,0x00,0x00,0x00,0x00,0x00,0x00,0x00,0x00,0x00,0x00,0x00,
    0x00,0x00,0x00,0x00,0x00,0x00,0x00,0x00,0x00,0x00,0x00,0x00,0x00,0x00,0x00,0x00,
    0x00,0x00,0x00,0x00,0x00,0x00,0x00,0x00,0x00,0x00,0x00,0x00,0x25,0x65,0x94,0xFF,
    0x25,0x65,0x94,0xFF,0x25,0x65,0x94,0xFF,0x25,0x65,0x94,0xFF,0x25,0x65,0x94,0xFF,
    0x25,0x65,0x94,0xFF,0x25,0x65,0x94,0xFF,0x25,0x65,0x94,0xFF,0x25,0x65,0x94,0xFF,
    0x25,0x65,0x94,0xFF,0x25,0x65,0x94,0xFF,0x00,0x00,0x00,0x00,0x00,0x00,0x00,0x00,
    0x00,0x00,0x00,0x00,0x00,0x00,0x00,0x00,0x00,0x00,0x00,0x00,0x00,0x00,0x00,0x00,
    0x00,0x00,0x00,0x00,0x00,0x00,0x00,0x00,0x00,0x00,0x00,0x00,0x00,0x00,0x00,0x00,
    0x00,0x00,0x00,0x00,0x00,0x00,0x00,0x00,0x00,0x00,0x00,0x00,0x00,0x00,0x00,0x00,
    0x00,0x00,0x00,0x00,0x00,0x00,0x00,0x00,0x00,0x00,0x00,0x00,0x00,0x00,0x00,0x00,
    0x00,0x00,0x00,0x00,0x25,0x65,0x94,0xFF,0x25,0x65,0x94,0xFF,0x25,0x65,0x94,0xFF,
    0x0A,0x1A,0x2A,0xFF,0x0A,0x1A,0x2A,0xFF,0x0A,0x1A,0x2A,0xFF,0x0A,0x1A,0x2A,0xFF,
    0x0A,0x1A,0x2A,0xFF,0x0A,0x1A,0x2A,0xFF,0x0A,0x1A,0x2A,0xFF,0x0A,0x1A,0x2A,0xFF,
    0x0A,0x1A,0x2A,0xFF,0x25,0x65,0x94,0xFF,0x25,0x65,0x94,0xFF,0x25,0x65,0x94,0xFF,
    0x00,0x00,0x00,0x00,0x00,0x00,0x00,0x00,0x00,0x00,0x00,0x00,0x00,0x00,0x00,0x00,
    0x00,0x00,0x00,0x00,0x00,0x00,0x00,0x00,0x00,0x00,0x00,0x00,0x00,0x00,0x00,0x00,
    0x00,0x00,0x00,0x00,0x00,0x00,0x00,0x00,0x00,0x00,0x00,0x00,0x00,0x00,0x00,0x00,
    0x00,0x00,0x00,0x00,0x00,0x00,0x00,0x00,0x00,0x00,0x00,0x00,0x00,0x00,0x00,0x00,
    0x25,0x65,0x94,0xFF,0x25,0x65,0x94,0xFF,0x0A,0x1A,0x2A,0xFF,0x0A,0x1A,0x2A,0xFF,
    0x0A,0x1A,0x2A,0xFF,0x0A,0x1A,0x2A,0xFF,0x0A,0x1A,0x2A,0xFF,0x0A,0x1A,0x2A,0xFF,
    0x0A,0x1A,0x2A,0xFF,0x0A,0x1A,0x2A,0xFF,0x0A,0x1A,0x2A,0xFF,0x0A,0x1A,0x2A,0xFF,
    0x0A,0x1A,0x2A,0xFF,0x0A,0x1A,0x2A,0xFF,0x0A,0x1A,0x2A,0xFF,0x25,0x65,0x94,0xFF,
    0x25,0x65,0x94,0xFF,0x00,0x00,0x00,0x00,0x00,0x00,0x00,0x00,0x00,0x00,0x00,0x00,
    0x00,0x00,0x00,0x00,0x00,0x00,0x00,0x00,0x00,0x00,0x00,0x00,0x00,0x00,0x00,0x00,
    0x00,0x00,0x00,0x00,0x00,0x00,0x00,0x00,0x00,0x00,0x00,0x00,0x00,0x00,0x00,0x00,
    0x00,0x00,0x00,0x00,0x00,0x00,0x00,0x00,0x00,0x00,0x00,0x00,0x25,0x65,0x94,0xFF,
    0x0A,0x1A,0x2A,0xFF,0x0A,0x1A,0x2A,0xFF,0x0A,0x1A,0x2A,0xFF,0x0A,0x1A,0x2A,0xFF,
    0x0A,0x1A,0x2A,0xFF,0x0A,0x1A,0x2A,0xFF,0x0A,0x1A,0x2A,0xFF,0x0A,0x1A,0x2A,0xFF,
    0x0A,0x1A,0x2A,0xFF,0x0A,0x1A,0x2A,0xFF,0x0A,0x1A,0x2A,0xFF,0x0A,0x1A,0x2A,0xFF,
    0x0A,0x1A,0x2A,0xFF,0x0A,0x1A,0x2A,0xFF,0x0A,0x1A,0x2A,0xFF,0x0A,0x1A,0x2A,0xFF,
    0x0A,0x1A,0x2A,0xFF,0x25,0x65,0x94,0xFF,0x00,0x00,0x00,0x00,0x00,0x00,0x00,0x00,
    0x00,0x00,0x00,0x00,0x00,0x00,0x00,0x00,0x00,0x00,0x00,0x00,0x00,0x00,0x00,0x00,
    0x00,0x00,0x00,0x00,0x00,0x00,0x00,0x00,0x00,0x00,0x00,0x00,0x00,0x00,0x00,0x00,
    0x00,0x00,0x00,0x00,0x00,0x00,0x00,0x00,0x25,0x65,0x94,0xFF,0x0A,0x1A,0x2A,0xFF,
    0x0A,0x1A,0x2A,0xFF,0x0A,0x1A,0x2A,0xFF,0x0A,0x1A,0x2A,0xFF,0x0A,0x1A,0x2A,0xFF,
    0x0A,0x1A,0x2A,0xFF,0x0A,0x1A,0x2A,0xFF,0x0A,0x1A,0x2A,0xFF,0x0A,0x1A,0x2A,0xFF,
    0x0A,0x1A,0x2A,0xFF,0x0A,0x1A,0x2A,0xFF,0x0A,0x1A,0x2A,0xFF,0x0A,0x1A,0x2A,0xFF,
    0x0A,0x1A,0x2A,0xFF,0x0A,0x1A,0x2A,0xFF,0x0A,0x1A,0x2A,0xFF,0x0A,0x1A,0x2A,0xFF,
    0x0A,0x1A,0x2A,0xFF,0x0A,0x1A,0x2A,0xFF,0x25,0x65,0x94,0xFF,0x00,0x00,0x00,0x00,
    0x00,0x00,0x00,0x00,0x00,0x00,0x00,0x00,0x00,0x00,0x00,0x00,0x00,0x00,0x00,0x00,
    0x00,0x00,0x00,0x00,0x00,0x00,0x00,0x00,0x00,0x00,0x00,0x00,0x00,0x00,0x00,0x00,
    0x00,0x00,0x00,0x00,0x25,0x65,0x94,0xFF,0x0A,0x1A,0x2A,0xFF,0x0A,0x1A,0x2A,0xFF,
    0x0A,0x1A,0x2A,0xFF,0x0A,0x1A,0x2A,0xFF,0x0A,0x1A,0x2A,0xFF,0x0A,0x1A,0x2A,0xFF,
    0x0A,0x1A,0x2A,0xFF,0x0A,0x1A,0x2A,0xFF,0x0A,0x1A,0x2A,0xFF,0x0A,0x1A,0x2A,0xFF,
    0x0A,0x1A,0x2A,0xFF,0x0A,0x1A,0x2A,0xFF,0x0A,0x1A,0x2A,0xFF,0x0A,0x1A,0x2A,0xFF,
    0x0A,0x1A,0x2A,0xFF,0x0A,0x1A,0x2A,0xFF,0x0A,0x1A,0x2A,0xFF,0x0A,0x1A,0x2A,0xFF,
    0x0A,0x1A,0x2A,0xFF,0x0A,0x1A,0x2A,0xFF,0x0A,0x1A,0x2A,0xFF,0x25,0x65,0x94,0xFF,
    0x00,0x00,0x00,0x00,0x00,0x00,0x00,0x00,0x00,0x00,0x00,0x00,0x00,0x00,0x00,0x00,
    0x00,0x00,0x00,0x00,0x00,0x00,0x00,0x00,0x00,0x00,0x00,0x00,0x00,0x00,0x00,0x00,
    0x25,0x65,0x94,0xFF,0x25,0x65,0x94,0xFF,0x0A,0x1A,0x2A,0xFF,0x0A,0x1A,0x2A,0xFF,
    0x0A,0x1A,0x2A,0xFF,0x0A,0x1A,0x2A,0xFF,0x0A,0x1A,0x2A,0xFF,0x0A,0x1A,0x2A,0xFF,
    0x0A,0x1A,0x2A,0xFF,0x0A,0x1A,0x2A,0xFF,0x0A,0x1A,0x2A,0xFF,0x0A,0x1A,0x2A,0xFF,
    0x0A,0x1A,0x2A,0xFF,0x0A,0x1A,0x2A,0xFF,0x0A,0x1A,0x2A,0xFF,0x0A,0x1A,0x2A,0xFF,
    0x0A,0x1A,0x2A,0xFF,0x0A,0x1A,0x2A,0xFF,0x0A,0x1A,0x2A,0xFF,0x0A,0x1A,0x2A,0xFF,
    0x0A,0x1A,0x2A,0xFF,0x0A,0x1A,0x2A,0xFF,0x0A,0x1A,0x2A,0xFF,0x25,0x65,0x94,0xFF,
    0x25,0x65,0x94,0xFF,0x00,0x00,0x00,0x00,0x00,0x00,0x00,0x00,0x00,0x00,0x00,0x00,
    0x00,0x00,0x00,0x00,0x00,0x00,0x00,0x00,0x00,0x00,0x00,0x00,0x00,0x00,0x00,0x00,
    0x25,0x65,0x94,0xFF,0x0A,0x1A,0x2A,0xFF,0x0A,0x1A,0x2A,0xFF,0x0A,0x1A,0x2A,0xFF,
    0x0A,0x1A,0x2A,0xFF,0x0A,0x1A,0x2A,0xFF,0x0A,0x1A,0x2A,0xFF,0x0A,0x1A,0x2A,0xFF,
    0x0A,0x1A,0x2A,0xFF,0x0A,0x1A,0x2A,0xFF,0x0A,0x1A,0x2A,0xFF,0x0A,0x1A,0x2A,0xFF,
    0x0A,0x1A,0x2A,0xFF,0x0A,0x1A,0x2A,0xFF,0x0A,0x1A,0x2A,0xFF,0x0A,0x1A,0x2A,0xFF,
    0x0A,0x1A,0x2A,0xFF,0x0A,0x1A,0x2A,0xFF,0x0A,0x1A,0x2A,0xFF,0x0A,0x1A,0x2A,0xFF,
    0x0A,0x1A,0x2A,0xFF,0x0A,0x1A,0x2A,0xFF,0x0A,0x1A,0x2A,0xFF,0x0A,0x1A,0x2A,0xFF,
    0x25,0x65,0x94,0xFF,0x00,0x00,0x00,0x00,0x00,0x00,0x00,0x00,0x00,0x00,0x00,0x00,
    0x00,0x00,0x00,0x00,0x00,0x00,0x00,0x00,0x00,0x00,0x00,0x00,0x25,0x65,0x94,0xFF,
    0x25,0x65,0x94,0xFF,0x0A,0x1A,0x2A,0xFF,0x0A,0x1A,0x2A,0xFF,0x0A,0x1A,0x2A,0xFF,
    0x0A,0x1A,0x2A,0xFF,0x0A,0x1A,0x2A,0xFF,0x0A,0x1A,0x2A,0xFF,0x0A,0x1A,0x2A,0xFF,
    0x0A,0x1A,0x2A,0xFF,0x0A,0x1A,0x2A,0xFF,0x0A,0x1A,0x2A,0xFF,0x0A,0x1A,0x2A,0xFF,
    0x0A,0x1A,0x2A,0xFF,0x0A,0x1A,0x2A,0xFF,0x0A,0x1A,0x2A,0xFF,0x0A,0x1A,0x2A,0xFF,
    0x0A,0x1A,0x2A,0xFF,0x0A,0x1A,0x2A,0xFF,0x0A,0x1A,0x2A,0xFF,0x0A,0x1A,0x2A,0xFF,
    0x0A,0x1A,0x2A,0xFF,0x0A,0x1A,0x2A,0xFF,0x0A,0x1A,0x2A,0xFF,0x0A,0x1A,0x2A,0xFF,
    0x25,0x65,0x94,0xFF,0x25,0x65,0x94,0xFF,0x00,0x00,0x00,0x00,0x00,0x00,0x00,0x00,
    0x00,0x00,0x00,0x00,0x00,0x00,0x00,0x00,0x00,0x00,0x00,0x00,0x25,0x65,0x94,0xFF,
    0x0A,0x1A,0x2A,0xFF,0x0A,0x1A,0x2A,0xFF,0x0A,0x1A,0x2A,0xFF,0x0A,0x1A,0x2A,0xFF,
    0x0A,0x1A,0x2A,0xFF,0x0A,0x1A,0x2A,0xFF,0x0A,0x1A,0x2A,0xFF,0x0A,0x1A,0x2A,0xFF,
    0x0A,0x1A,0x2A,0xFF,0x0A,0x1A,0x2A,0xFF,0x0A,0x1A,0x2A,0xFF,0x0A,0x1A,0x2A,0xFF,
    0x0A,0x1A,0x2A,0xFF,0x0A,0x1A,0x2A,0xFF,0x0A,0x1A,0x2A,0xFF,0x0A,0x1A,0x2A,0xFF,
    0x0A,0x1A,0x2A,0xFF,0x0A,0x1A,0x2A,0xFF,0x0A,0x1A,0x2A,0xFF,0x0A,0x1A,0x2A,0xFF,
    0x0A,0x1A,0x2A,0xFF,0x0A,0x1A,0x2A,0xFF,0x0A,0x1A,0x2A,0xFF,0x0A,0x1A,0x2A,0xFF,
    0x0A,0x1A,0x2A,0xFF,0x25,0x65,0x94,0xFF,0x00,0x00,0x00,0x00,0x00,0x00,0x00,0x00,
    0x00,0x00,0x00,0x00,0x00,0x00,0x00,0x00,0x00,0x00,0x00,0x00,0x25,0x65,0x94,0xFF,
    0x0A,0x1A,0x2A,0xFF,0x0A,0x1A,0x2A,0xFF,0x0A,0x1A,0x2A,0xFF,0x0A,0x1A,0x2A,0xFF,
    0x0A,0x1A,0x2A,0xFF,0x0A,0x1A,0x2A,0xFF,0x0A,0x1A,0x2A,0xFF,0x0A,0x1A,0x2A,0xFF,
    0x0A,0x1A,0x2A,0xFF,0x0A,0x1A,0x2A,0xFF,0x0A,0x1A,0x2A,0xFF,0x0A,0x1A,0x2A,0xFF,
    0x0A,0x1A,0x2A,0xFF,0x0A,0x1A,0x2A,0xFF,0x0A,0x1A,0x2A,0xFF,0x0A,0x1A,0x2A,0xFF,
    0x0A,0x1A,0x2A,0xFF,0x0A,0x1A,0x2A,0xFF,0x0A,0x1A,0x2A,0xFF,0x0A,0x1A,0x2A,0xFF,
    0x0A,0x1A,0x2A,0xFF,0x0A,0x1A,0x2A,0xFF,0x0A,0x1A,0x2A,0xFF,0x0A,0x1A,0x2A,0xFF,
    0x0A,0x1A,0x2A,0xFF,0x25,0x65,0x94,0xFF,0x00,0x00,0x00,0x00,0x00,0x00,0x00,0x00,
    0x00,0x00,0x00,0x00,0x00,0x00,0x00,0x00,0x00,0x00,0x00,0x00,0x25,0x65,0x94,0xFF,
    0x0A,0x1A,0x2A,0xFF,0x0A,0x1A,0x2A,0xFF,0x0A,0x1A,0x2A,0xFF,0x0A,0x1A,0x2A,0xFF,
    0x0A,0x1A,0x2A,0xFF,0x0A,0x1A,0x2A,0xFF,0x0A,0x1A,0x2A,0xFF,0x0A,0x1A,0x2A,0xFF,
    0x0A,0x1A,0x2A,0xFF,0x0A,0x1A,0x2A,0xFF,0x0A,0x1A,0x2A,0xFF,0x0A,0x1A,0x2A,0xFF,
    0x0A,0x1A,0x2A,0xFF,0x0A,0x1A,0x2A,0xFF,0x0A,0x1A,0x2A,0xFF,0x0A,0x1A,0x2A,0xFF,
    0x0A,0x1A,0x2A,0xFF,0x0A,0x1A,0x2A,0xFF,0x0A,0x1A,0x2A,0xFF,0x0A,0x1A,0x2A,0xFF,
    0x0A,0x1A,0x2A,0xFF,0x0A,0x1A,0x2A,0xFF,0x0A,0x1A,0x2A,0xFF,0x0A,0x1A,0x2A,0xFF,
    0x0A,0x1A,0x2A,0xFF,0x25,0x65,0x94,0xFF,0x00,0x00,0x00,0x00,0x00,0x00,0x00,0x00,
    0x00,0x00,0x00,0x00,0x00,0x00,0x00,0x00,0x00,0x00,0x00,0x00,0x25,0x65,0x94,0xFF,
    0x0A,0x1A,0x2A,0xFF,0x0A,0x1A,0x2A,0xFF,0x0A,0x1A,0x2A,0xFF,0x0A,0x1A,0x2A,0xFF,
    0x0A,0x1A,0x2A,0xFF,0x0A,0x1A,0x2A,0xFF,0x0A,0x1A,0x2A,0xFF,0x0A,0x1A,0x2A,0xFF,
    0x0A,0x1A,0x2A,0xFF,0x0A,0x1A,0x2A,0xFF,0x0A,0x1A,0x2A,0xFF,0x0A,0x1A,0x2A,0xFF,
    0x0A,0x1A,0x2A,0xFF,0x0A,0x1A,0x2A,0xFF,0x0A,0x1A,0x2A,0xFF,0x0A,0x1A,0x2A,0xFF,
    0x0A,0x1A,0x2A,0xFF,0x0A,0x1A,0x2A,0xFF,0x0A,0x1A,0x2A,0xFF,0x0A,0x1A,0x2A,0xFF,
    0x0A,0x1A,0x2A,0xFF,0x0A,0x1A,0x2A,0xFF,0x0A,0x1A,0x2A,0xFF,0x0A,0x1A,0x2A,0xFF,
    0x0A,0x1A,0x2A,0xFF,0x25,0x65,0x94,0xFF,0x00,0x00,0x00,0x00,0x00,0x00,0x00,0x00,
    0x00,0x00,0x00,0x00,0x00,0x00,0x00,0x00,0x00,0x00,0x00,0x00,0x25,0x65,0x94,0xFF,
    0x0A,0x1A,0x2A,0xFF,0x0A,0x1A,0x2A,0xFF,0x0A,0x1A,0x2A,0xFF,0x0A,0x1A,0x2A,0xFF,
    0x0A,0x1A,0x2A,0xFF,0x0A,0x1A,0x2A,0xFF,0x0A,0x1A,0x2A,0xFF,0x0A,0x1A,0x2A,0xFF,
    0x0A,0x1A,0x2A,0xFF,0x0A,0x1A,0x2A,0xFF,0x0A,0x1A,0x2A,0xFF,0x0A,0x1A,0x2A,0xFF,
    0x0A,0x1A,0x2A,0xFF,0x0A,0x1A,0x2A,0xFF,0x0A,0x1A,0x2A,0xFF,0x0A,0x1A,0x2A,0xFF,
    0x0A,0x1A,0x2A,0xFF,0x0A,0x1A,0x2A,0xFF,0x0A,0x1A,0x2A,0xFF,0x0A,0x1A,0x2A,0xFF,
    0x0A,0x1A,0x2A,0xFF,0x0A,0x1A,0x2A,0xFF,0x0A,0x1A,0x2A,0xFF,0x0A,0x1A,0x2A,0xFF,
    0x0A,0x1A,0x2A,0xFF,0x25,0x65,0x94,0xFF,0x00,0x00,0x00,0x00,0x00,0x00,0x00,0x00,
    0x00,0x00,0x00,0x00,0x00,0x00,0x00,0x00,0x00,0x00,0x00,0x00,0x25,0x65,0x94,0xFF,
    0x0A,0x1A,0x2A,0xFF,0x0A,0x1A,0x2A,0xFF,0x0A,0x1A,0x2A,0xFF,0x0A,0x1A,0x2A,0xFF,
    0x0A,0x1A,0x2A,0xFF,0x0A,0x1A,0x2A,0xFF,0x0A,0x1A,0x2A,0xFF,0x0A,0x1A,0x2A,0xFF,
    0x0A,0x1A,0x2A,0xFF,0x0A,0x1A,0x2A,0xFF,0x0A,0x1A,0x2A,0xFF,0x0A,0x1A,0x2A,0xFF,
    0x0A,0x1A,0x2A,0xFF,0x0A,0x1A,0x2A,0xFF,0x0A,0x1A,0x2A,0xFF,0x0A,0x1A,0x2A,0xFF,
    0x0A,0x1A,0x2A,0xFF,0x0A,0x1A,0x2A,0xFF,0x0A,0x1A,0x2A,0xFF,0x0A,0x1A,0x2A,0xFF,
    0x0A,0x1A,0x2A,0xFF,0x0A,0x1A,0x2A,0xFF,0x0A,0x1A,0x2A,0xFF,0x0A,0x1A,0x2A,0xFF,
    0x0A,0x1A,0x2A,0xFF,0x25,0x65,0x94,0xFF,0x00,0x00,0x00,0x00,0x00,0x00,0x00,0x00,
    0x00,0x00,0x00,0x00,0x00,0x00,0x00,0x00,0x00,0x00,0x00,0x00,0x25,0x65,0x94,0xFF,
    0x0A,0x1A,0x2A,0xFF,0x0A,0x1A,0x2A,0xFF,0x0A,0x1A,0x2A,0xFF,0x0A,0x1A,0x2A,0xFF,
    0x0A,0x1A,0x2A,0xFF,0x0A,0x1A,0x2A,0xFF,0x0A,0x1A,0x2A,0xFF,0x0A,0x1A,0x2A,0xFF,
    0x0A,0x1A,0x2A,0xFF,0x0A,0x1A,0x2A,0xFF,0x0A,0x1A,0x2A,0xFF,0x0A,0x1A,0x2A,0xFF,
    0x0A,0x1A,0x2A,0xFF,0x0A,0x1A,0x2A,0xFF,0x0A,0x1A,0x2A,0xFF,0x0A,0x1A,0x2A,0xFF,
    0x0A,0x1A,0x2A,0xFF,0x0A,0x1A,0x2A,0xFF,0x0A,0x1A,0x2A,0xFF,0x0A,0x1A,0x2A,0xFF,
    0x0A,0x1A,0x2A,0xFF,0x0A,0x1A,0x2A,0xFF,0x0A,0x1A,0x2A,0xFF,0x0A,0x1A,0x2A,0xFF,
    0x0A,0x1A,0x2A,0xFF,0x25,0x65,0x94,0xFF,0x00,0x00,0x00,0x00,0x00,0x00,0x00,0x00,
    0x00,0x00,0x00,0x00,0x00,0x00,0x00,0x00,0x00,0x00,0x00,0x00,0x25,0x65,0x94,0xFF,
    0x0A,0x1A,0x2A,0xFF,0x0A,0x1A,0x2A,0xFF,0x0A,0x1A,0x2A,0xFF,0x0A,0x1A,0x2A,0xFF,
    0x0A,0x1A,0x2A,0xFF,0x0A,0x1A,0x2A,0xFF,0x0A,0x1A,0x2A,0xFF,0x0A,0x1A,0x2A,0xFF,
    0x0A,0x1A,0x2A,0xFF,0x0A,0x1A,0x2A,0xFF,0x0A,0x1A,0x2A,0xFF,0x0A,0x1A,0x2A,0xFF,
    0x0A,0x1A,0x2A,0xFF,0x0A,0x1A,0x2A,0xFF,0x0A,0x1A,0x2A,0xFF,0x0A,0x1A,0x2A,0xFF,
    0x0A,0x1A,0x2A,0xFF,0x0A,0x1A,0x2A,0xFF,0x0A,0x1A,0x2A,0xFF,0x0A,0x1A,0x2A,0xFF,
    0x0A,0x1A,0x2A,0xFF,0x0A,0x1A,0x2A,0xFF,0x0A,0x1A,0x2A,0xFF,0x0A,0x1A,0x2A,0xFF,
    0x0A,0x1A,0x2A,0xFF,0x25,0x65,0x94,0xFF,0x00,0x00,0x00,0x00,0x00,0x00,0x00,0x00,
    0x00,0x00,0x00,0x00,0x00,0x00,0x00,0x00,0x00,0x00,0x00,0x00,0x25,0x65,0x94,0xFF,
    0x0A,0x1A,0x2A,0xFF,0x0A,0x1A,0x2A,0xFF,0x0A,0x1A,0x2A,0xFF,0x0A,0x1A,0x2A,0xFF,
    0x0A,0x1A,0x2A,0xFF,0x0A,0x1A,0x2A,0xFF,0x0A,0x1A,0x2A,0xFF,0x0A,0x1A,0x2A,0xFF,
    0x0A,0x1A,0x2A,0xFF,0x0A,0x1A,0x2A,0xFF,0x0A,0x1A,0x2A,0xFF,0x0A,0x1A,0x2A,0xFF,
    0x0A,0x1A,0x2A,0xFF,0x0A,0x1A,0x2A,0xFF,0x0A,0x1A,0x2A,0xFF,0x0A,0x1A,0x2A,0xFF,
    0x0A,0x1A,0x2A,0xFF,0x0A,0x1A,0x2A,0xFF,0x0A,0x1A,0x2A,0xFF,0x0A,0x1A,0x2A,0xFF,
    0x0A,0x1A,0x2A,0xFF,0x0A,0x1A,0x2A,0xFF,0x0A,0x1A,0x2A,0xFF,0x0A,0x1A,0x2A,0xFF,
    0x0A,0x1A,0x2A,0xFF,0x25,0x65,0x94,0xFF,0x00,0x00,0x00,0x00,0x00,0x00,0x00,0x00,
    0x00,0x00,0x00,0x00,0x00,0x00,0x00,0x00,0x00,0x00,0x00,0x00,0x25,0x65,0x94,0xFF,
    0x25,0x65,0x94,0xFF,0x0A,0x1A,0x2A,0xFF,0x0A,0x1A,0x2A,0xFF,0x0A,0x1A,0x2A,0xFF,
    0x0A,0x1A,0x2A,0xFF,0x0A,0x1A,0x2A,0xFF,0x0A,0x1A,0x2A,0xFF,0x0A,0x1A,0x2A,0xFF,
    0x0A,0x1A,0x2A,0xFF,0x0A,0x1A,0x2A,0xFF,0x0A,0x1A,0x2A,0xFF,0x0A,0x1A,0x2A,0xFF,
    0x0A,0x1A,0x2A,0xFF,0x0A,0x1A,0x2A,0xFF,0x0A,0x1A,0x2A,0xFF,0x0A,0x1A,0x2A,0xFF,
    0x0A,0x1A,0x2A,0xFF,0x0A,0x1A,0x2A,0xFF,0x0A,0x1A,0x2A,0xFF,0x0A,0x1A,0x2A,0xFF,
    0x0A,0x1A,0x2A,0xFF,0x0A,0x1A,0x2A,0xFF,0x0A,0x1A,0x2A,0xFF,0x0A,0x1A,0x2A,0xFF,
    0x25,0x65,0x94,0xFF,0x25,0x65,0x94,0xFF,0x00,0x00,0x00,0x00,0x00,0x00,0x00,0x00,
    0x00,0x00,0x00,0x00,0x00,0x00,0x00,0x00,0x00,0x00,0x00,0x00,0x00,0x00,0x00,0x00,
    0x25,0x65,0x94,0xFF,0x0A,0x1A,0x2A,0xFF,0x0A,0x1A,0x2A,0xFF,0x0A,0x1A,0x2A,0xFF,
    0x0A,0x1A,0x2A,0xFF,0x0A,0x1A,0x2A,0xFF,0x0A,0x1A,0x2A,0xFF,0x0A,0x1A,0x2A,0xFF,
    0x0A,0x1A,0x2A,0xFF,0x0A,0x1A,0x2A,0xFF,0x0A,0x1A,0x2A,0xFF,0x0A,0x1A,0x2A,0xFF,
    0x0A,0x1A,0x2A,0xFF,0x0A,0x1A,0x2A,0xFF,0x0A,0x1A,0x2A,0xFF,0x0A,0x1A,0x2A,0xFF,
    0x0A,0x1A,0x2A,0xFF,0x0A,0x1A,0x2A,0xFF,0x0A,0x1A,0x2A,0xFF,0x0A,0x1A,0x2A,0xFF,
    0x0A,0x1A,0x2A,0xFF,0x0A,0x1A,0x2A,0xFF,0x0A,0x1A,0x2A,0xFF,0x0A,0x1A,0x2A,0xFF,
    0x25,0x65,0x94,0xFF,0x00,0x00,0x00,0x00,0x00,0x00,0x00,0x00,0x00,0x00,0x00,0x00,
    0x00,0x00,0x00,0x00,0x00,0x00,0x00,0x00,0x00,0x00,0x00,0x00,0x00,0x00,0x00,0x00,
    0x25,0x65,0x94,0xFF,0x25,0x65,0x94,0xFF,0x0A,0x1A,0x2A,0xFF,0x0A,0x1A,0x2A,0xFF,
    0x0A,0x1A,0x2A,0xFF,0x0A,0x1A,0x2A,0xFF,0x0A,0x1A,0x2A,0xFF,0x0A,0x1A,0x2A,0xFF,
    0x0A,0x1A,0x2A,0xFF,0x0A,0x1A,0x2A,0xFF,0x0A,0x1A,0x2A,0xFF,0x0A,0x1A,0x2A,0xFF,
    0x0A,0x1A,0x2A,0xFF,0x0A,0x1A,0x2A,0xFF,0x0A,0x1A,0x2A,0xFF,0x0A,0x1A,0x2A,0xFF,
    0x0A,0x1A,0x2A,0xFF,0x0A,0x1A,0x2A,0xFF,0x0A,0x1A,0x2A,0xFF,0x0A,0x1A,0x2A,0xFF,
    0x0A,0x1A,0x2A,0xFF,0x0A,0x1A,0x2A,0xFF,0x0A,0x1A,0x2A,0xFF,0x25,0x65,0x94,0xFF,
    0x25,0x65,0x94,0xFF,0x00,0x00,0x00,0x00,0x00,0x00,0x00,0x00,0x00,0x00,0x00,0x00,
    0x00,0x00,0x00,0x00,0x00,0x00,0x00,0x00,0x00,0x00,0x00,0x00,0x00,0x00,0x00,0x00,
    0x00,0x00,0x00,0x00,0x25,0x65,0x94,0xFF,0x0A,0x1A,0x2A,0xFF,0x0A,0x1A,0x2A,0xFF,
    0x0A,0x1A,0x2A,0xFF,0x0A,0x1A,0x2A,0xFF,0x0A,0x1A,0x2A,0xFF,0x0A,0x1A,0x2A,0xFF,
    0x0A,0x1A,0x2A,0xFF,0x0A,0x1A,0x2A,0xFF,0x0A,0x1A,0x2A,0xFF,0x0A,0x1A,0x2A,0xFF,
    0x0A,0x1A,0x2A,0xFF,0x0A,0x1A,0x2A,0xFF,0x0A,0x1A,0x2A,0xFF,0x0A,0x1A,0x2A,0xFF,
    0x0A,0x1A,0x2A,0xFF,0x0A,0x1A,0x2A,0xFF,0x0A,0x1A,0x2A,0xFF,0x0A,0x1A,0x2A,0xFF,
    0x0A,0x1A,0x2A,0xFF,0x0A,0x1A,0x2A,0xFF,0x0A,0x1A,0x2A,0xFF,0x25,0x65,0x94,0xFF,
    0x00,0x00,0x00,0x00,0x00,0x00,0x00,0x00,0x00,0x00,0x00,0x00,0x00,0x00,0x00,0x00,
    0x00,0x00,0x00,0x00,0x00,0x00,0x00,0x00,0x00,0x00,0x00,0x00,0x00,0x00,0x00,0x00,
    0x00,0x00,0x00,0x00,0x00,0x00,0x00,0x00,0x25,0x65,0x94,0xFF,0x0A,0x1A,0x2A,0xFF,
    0x0A,0x1A,0x2A,0xFF,0x0A,0x1A,0x2A,0xFF,0x0A,0x1A,0x2A,0xFF,0x0A,0x1A,0x2A,0xFF,
    0x0A,0x1A,0x2A,0xFF,0x0A,0x1A,0x2A,0xFF,0x0A,0x1A,0x2A,0xFF,0x0A,0x1A,0x2A,0xFF,
    0x0A,0x1A,0x2A,0xFF,0x0A,0x1A,0x2A,0xFF,0x0A,0x1A,0x2A,0xFF,0x0A,0x1A,0x2A,0xFF,
    0x0A,0x1A,0x2A,0xFF,0x0A,0x1A,0x2A,0xFF,0x0A,0x1A,0x2A,0xFF,0x0A,0x1A,0x2A,0xFF,
    0x0A,0x1A,0x2A,0xFF,0x0A,0x1A,0x2A,0xFF,0x25,0x65,0x94,0xFF,0x00,0x00,0x00,0x00,
    0x00,0x00,0x00,0x00,0x00,0x00,0x00,0x00,0x00,0x00,0x00,0x00,0x00,0x00,0x00,0x00,
    0x00,0x00,0x00,0x00,0x00,0x00,0x00,0x00,0x00,0x00,0x00,0x00,0x00,0x00,0x00,0x00,
    0x00,0x00,0x00,0x00,0x00,0x00,0x00,0x00,0x00,0x00,0x00,0x00,0x25,0x65,0x94,0xFF,
    0x0A,0x1A,0x2A,0xFF,0x0A,0x1A,0x2A,0xFF,0x0A,0x1A,0x2A,0xFF,0x0A,0x1A,0x2A,0xFF,
    0x0A,0x1A,0x2A,0xFF,0x0A,0x1A,0x2A,0xFF,0x0A,0x1A,0x2A,0xFF,0x0A,0x1A,0x2A,0xFF,
    0x0A,0x1A,0x2A,0xFF,0x0A,0x1A,0x2A,0xFF,0x0A,0x1A,0x2A,0xFF,0x0A,0x1A,0x2A,0xFF,
    0x0A,0x1A,0x2A,0xFF,0x0A,0x1A,0x2A,0xFF,0x0A,0x1A,0x2A,0xFF,0x0A,0x1A,0x2A,0xFF,
    0x0A,0x1A,0x2A,0xFF,0x25,0x65,0x94,0xFF,0x00,0x00,0x00,0x00,0x00,0x00,0x00,0x00,
    0x00,0x00,0x00,0x00,0x00,0x00,0x00,0x00,0x00,0x00,0x00,0x00,0x00,0x00,0x00,0x00,
    0x00,0x00,0x00,0x00,0x00,0x00,0x00,0x00,0x00,0x00,0x00,0x00,0x00,0x00,0x00,0x00,
    0x00,0x00,0x00,0x00,0x00,0x00,0x00,0x00,0x00,0x00,0x00,0x00,0x00,0x00,0x00,0x00,
    0x25,0x65,0x94,0xFF,0x25,0x65,0x94,0xFF,0x0A,0x1A,0x2A,0xFF,0x0A,0x1A,0x2A,0xFF,
    0x0A,0x1A,0x2A,0xFF,0x0A,0x1A,0x2A,0xFF,0x0A,0x1A,0x2A,0xFF,0x0A,0x1A,0x2A,0xFF,
    0x0A,0x1A,0x2A,0xFF,0x0A,0x1A,0x2A,0xFF,0x0A,0x1A,0x2A,0xFF,0x0A,0x1A,0x2A,0xFF,
    0x0A,0x1A,0x2A,0xFF,0x0A,0x1A,0x2A,0xFF,0x0A,0x1A,0x2A,0xFF,0x25,0x65,0x94,0xFF,
    0x25,0x65,0x94,0xFF,0x00,0x00,0x00,0x00,0x00,0x00,0x00,0x00,0x00,0x00,0x00,0x00,
    0x00,0x00,0x00,0x00,0x00,0x00,0x00,0x00,0x00,0x00,0x00,0x00,0x00,0x00,0x00,0x00,
    0x00,0x00,0x00,0x00,0x00,0x00,0x00,0x00,0x00,0x00,0x00,0x00,0x00,0x00,0x00,0x00,
    0x00,0x00,0x00,0x00,0x00,0x00,0x00,0x00,0x00,0x00,0x00,0x00,0x00,0x00,0x00,0x00,
    0x00,0x00,0x00,0x00,0x25,0x65,0x94,0xFF,0x25,0x65,0x94,0xFF,0x25,0x65,0x94,0xFF,
    0x0A,0x1A,0x2A,0xFF,0x0A,0x1A,0x2A,0xFF,0x0A,0x1A,0x2A,0xFF,0x0A,0x1A,0x2A,0xFF,
    0x0A,0x1A,0x2A,0xFF,0x0A,0x1A,0x2A,0xFF,0x0A,0x1A,0x2A,0xFF,0x0A,0x1A,0x2A,0xFF,
    0x0A,0x1A,0x2A,0xFF,0x25,0x65,0x94,0xFF,0x25,0x65,0x94,0xFF,0x25,0x65,0x94,0xFF,
    0x00,0x00,0x00,0x00,0x00,0x00,0x00,0x00,0x00,0x00,0x00,0x00,0x00,0x00,0x00,0x00,
    0x00,0x00,0x00,0x00,0x00,0x00,0x00,0x00,0x00,0x00,0x00,0x00,0x00,0x00,0x00,0x00,
    0x00,0x00,0x00,0x00,0x00,0x00,0x00,0x00,0x00,0x00,0x00,0x00,0x00,0x00,0x00,0x00,
    0x00,0x00,0x00,0x00,0x00,0x00,0x00,0x00,0x00,0x00,0x00,0x00,0x00,0x00,0x00,0x00,
    0x00,0x00,0x00,0x00,0x00,0x00,0x00,0x00,0x00,0x00,0x00,0x00,0x25,0x65,0x94,0xFF,
    0x25,0x65,0x94,0xFF,0x25,0x65,0x94,0xFF,0x25,0x65,0x94,0xFF,0x25,0x65,0x94,0xFF,
    0x25,0x65,0x94,0xFF,0x25,0x65,0x94,0xFF,0x25,0x65,0x94,0xFF,0x25,0x65,0x94,0xFF,
    0x25,0x65,0x94,0xFF,0x25,0x65,0x94,0xFF,0x00,0x00,0x00,0x00,0x00,0x00,0x00,0x00,
    0x00,0x00,0x00,0x00,0x00,0x00,0x00,0x00,0x00,0x00,0x00,0x00,0x00,0x00,0x00,0x00,
    0x00,0x00,0x00,0x00,0x00,0x00,0x00,0x00,0x00,0x00,0x00,0x00,0x00,0x00,0x00,0x00,
    0x00,0x00,0x00,0x00,0x00,0x00,0x00,0x00,0x00,0x00,0x00,0x00,0x00,0x00,0x00,0x00,
    0x00,0x00,0x00,0x00,0x00,0x00,0x00,0x00,0x00,0x00,0x00,0x00,0x00,0x00,0x00,0x00,
    0x00,0x00,0x00,0x00,0x00,0x00,0x00,0x00,0x00,0x00,0x00,0x00,0x00,0x00,0x00,0x00,
    0x00,0x00,0x00,0x00,0x00,0x00,0x00,0x00,0x00,0x00,0x00,0x00,0x00,0x00,0x00,0x00,
    0x00,0x00,0x00,0x00,0x00,0x00,0x00,0x00,0x00,0x00,0x00,0x00,0x00,0x00,0x00,0x00,
    0x00,0x00,0x00,0x00,0x00,0x00,0x00,0x00,0x00,0x00,0x00,0x00,0x00,0x00,0x00,0x00,
    0x00,0x00,0x00,0x00,0x00,0x00,0x00,0x00,0x00,0x00,0x00,0x00,0x00,0x00,0x00,0x00,
    0x00,0x00,0x00,0x00,0x00,0x00,0x00,0x00,0x00,0x00,0x00,0x00,0x00,0x00,0x00,0x00,
    0x00,0x00,0x00,0x00,0x00,0x00,0x00,0x00,0x00,0x00,0x00,0x00,0x00,0x00,0x00,0x00,
    0x00,0x00,0x00,0x00,0x00,0x00,0x00,0x00,0x00,0x00,0x00,0x00,0x00,0x00,0x00,0x00,
    0x00,0x00,0x00,0x00,0x00,0x00,0x00,0x00,0x00,0x00,0x00,0x00,0x00,0x00,0x00,0x00,
    0x00,0x00,0x00,0x00,0x00,0x00,0x00,0x00,0x00,0x00,0x00,0x00,0x00,0x00,0x00,0x00,
    0x00,0x00,0x00,0x00,0x00,0x00,0x00,0x00,0x00,0x00,0x00,0x00,0x00,0x00,0x00,0x00,
    0x00,0x00,0x00,0x00,0x00,0x00,0x00,0x00,0x00,0x00,0x00,0x00,0x00,0x00,0x00,0x00,
    0x00,0x00,0x00,0x00,0x00,0x00,0x00,0x00,0x00,0x00,0x00,0x00,0x00,0x00,0x00,0x00,
    0x00,0x00,0x00,0x00,0x00,0x00,0x00,0x00,0x00,0x00,0x00,0x00,0x00,0x00,0x00,0x00,
};

static const uint8_t icon_data_draco_shield[] = {
    0x44,0x52,0x43,0x4F,0x20,0x00,0x20,0x00,0x20,0x00,0x00,0x00,0x00,0x00,0x00,0x00,
    0x00,0x00,0x00,0x00,0x00,0x00,0x00,0x00,0x00,0x00,0x00,0x00,0x00,0x00,0x00,0x00,
    0x00,0x00,0x00,0x00,0x00,0x00,0x00,0x00,0x00,0x00,0x00,0x00,0x00,0x00,0x00,0x00,
    0x00,0x00,0x00,0x00,0x00,0x00,0x00,0x00,0x00,0x00,0x00,0x00,0x00,0x00,0x00,0x00,
    0x00,0x00,0x00,0x00,0x00,0x00,0x00,0x00,0x00,0x00,0x00,0x00,0x00,0x00,0x00,0x00,
    0x00,0x00,0x00,0x00,0x00,0x00,0x00,0x00,0x00,0x00,0x00,0x00,0x00,0x00,0x00,0x00,
    0x00,0x00,0x00,0x00,0x00,0x00,0x00,0x00,0x00,0x00,0x00,0x00,0x00,0x00,0x00,0x00,
    0x00,0x00,0x00,0x00,0x00,0x00,0x00,0x00,0x00,0x00,0x00,0x00,0x00,0x00,0x00,0x00,
    0x00,0x00,0x00,0x00,0x00,0x00,0x00,0x00,0x00,0x00,0x00,0x00,0x00,0x00,0x00,0x00,
    0x00,0x00,0x00,0x00,0x00,0x00,0x00,0x00,0x00,0x00,0x00,0x00,0x00,0x00,0x00,0x00,
    0x00,0x00,0x00,0x00,0x00,0x00,0x00,0x00,0x00,0x00,0x00,0x00,0x00,0x00,0x00,0x00,
    0x00,0x00,0x00,0x00,0x00,0x00,0x00,0x00,0x00,0x00,0x00,0x00,0x00,0x00,0x00,0x00,
    0x00,0x00,0x00,0x00,0x00,0x00,0x00,0x00,0x00,0x00,0x00,0x00,0x00,0x00,0x00,0x00,
    0x00,0x00,0x00,0x00,0x00,0x00,0x00,0x00,0x00,0x00,0x00,0x00,0x00,0x00,0x00,0x00,
    0x00,0x00,0x00,0x00,0x00,0x00,0x00,0x00,0x00,0x00,0x00,0x00,0x00,0x00,0x00,0x00,
    0x00,0x00,0x00,0x00,0x00,0x00,0x00,0x00,0x00,0x00,0x00,0x00,0x00,0x00,0x00,0x00,
    0x00,0x00,0x00,0x00,0x00,0x00,0x00,0x00,0x00,0x00,0x00,0x00,0x00,0x00,0x00,0x00,
    0x00,0x00,0x00,0x00,0x00,0x00,0x00,0x00,0x00,0x00,0x00,0x00,0x00,0x00,0x00,0x00,
    0x00,0x00,0x00,0x00,0x00,0x00,0x00,0x00,0x00,0x00,0x00,0x00,0x00,0x00,0x00,0x00,
    0x00,0x00,0x00,0x00,0x00,0x00,0x00,0x00,0x00,0x00,0x00,0x00,0x00,0x00,0x00,0x00,
    0x00,0x00,0x00,0x00,0x00,0x00,0x00,0x00,0x00,0x00,0x00,0x00,0x00,0x00,0x00,0x00,
    0x00,0x00,0x00,0x00,0x00,0x00,0x00,0x00,0x00,0x00,0x00,0x00,0x00,0x00,0x00,0x00,
    0x00,0x00,0x00,0x00,0x00,0x00,0x00,0x00,0x00,0x00,0x00,0x00,0x00,0x00,0x00,0x00,
    0x00,0x00,0x00,0x00,0x00,0x00,0x00,0x00,0x00,0x00,0x00,0x00,0x00,0x00,0x00,0x00,
    0x00,0x00,0x00,0x00,0x00,0x00,0x00,0x00,0x00,0x00,0x00,0x00,0x00,0x00,0x00,0x00,
    0x00,0x00,0x00,0x00,0x00,0x00,0x00,0x00,0x00,0x00,0x00,0x00,0x00,0x00,0x00,0x00,
    0x00,0x00,0x00,0x00,0x00,0x00,0x00,0x00,0x00,0x00,0x00,0x00,0x00,0x00,0x00,0x00,
    0x00,0x00,0x00,0x00,0x00,0x00,0x00,0x00,0x00,0x00,0x00,0x00,0x25,0x25,0x8C,0xFF,
    0x25,0x25,0x8C,0xFF,0x25,0x25,0x8C,0xFF,0x25,0x25,0x8C,0xFF,0x25,0x25,0x8C,0xFF,
    0x25,0x25,0x8C,0xFF,0x25,0x25,0x8C,0xFF,0x25,0x25,0x8C,0xFF,0x25,0x25,0x8C,0xFF,
    0x25,0x25,0x8C,0xFF,0x25,0x25,0x8C,0xFF,0x00,0x00,0x00,0x00,0x00,0x00,0x00,0x00,
    0x00,0x00,0x00,0x00,0x00,0x00,0x00,0x00,0x00,0x00,0x00,0x00,0x00,0x00,0x00,0x00,
    0x00,0x00,0x00,0x00,0x00,0x00,0x00,0x00,0x00,0x00,0x00,0x00,0x00,0x00,0x00,0x00,
    0x00,0x00,0x00,0x00,0x00,0x00,0x00,0x00,0x00,0x00,0x00,0x00,0x00,0x00,0x00,0x00,
    0x00,0x00,0x00,0x00,0x00,0x00,0x00,0x00,0x00,0x00,0x00,0x00,0x00,0x00,0x00,0x00,
    0x00,0x00,0x00,0x00,0x25,0x25,0x8C,0xFF,0x25,0x25,0x8C,0xFF,0x25,0x25,0x8C,0xFF,
    0x0A,0x0A,0x1A,0xFF,0x0A,0x0A,0x1A,0xFF,0x0A,0x0A,0x1A,0xFF,0x0A,0x0A,0x1A,0xFF,
    0x0A,0x0A,0x1A,0xFF,0x0A,0x0A,0x1A,0xFF,0x0A,0x0A,0x1A,0xFF,0x0A,0x0A,0x1A,0xFF,
    0x0A,0x0A,0x1A,0xFF,0x25,0x25,0x8C,0xFF,0x25,0x25,0x8C,0xFF,0x25,0x25,0x8C,0xFF,
    0x00,0x00,0x00,0x00,0x00,0x00,0x00,0x00,0x00,0x00,0x00,0x00,0x00,0x00,0x00,0x00,
    0x00,0x00,0x00,0x00,0x00,0x00,0x00,0x00,0x00,0x00,0x00,0x00,0x00,0x00,0x00,0x00,
    0x00,0x00,0x00,0x00,0x00,0x00,0x00,0x00,0x00,0x00,0x00,0x00,0x00,0x00,0x00,0x00,
    0x00,0x00,0x00,0x00,0x00,0x00,0x00,0x00,0x00,0x00,0x00,0x00,0x00,0x00,0x00,0x00,
    0x25,0x25,0x8C,0xFF,0x25,0x25,0x8C,0xFF,0x0A,0x0A,0x1A,0xFF,0x0A,0x0A,0x1A,0xFF,
    0x0A,0x0A,0x1A,0xFF,0x0A,0x0A,0x1A,0xFF,0x0A,0x0A,0x1A,0xFF,0x0A,0x0A,0x1A,0xFF,
    0x0A,0x0A,0x1A,0xFF,0x0A,0x0A,0x1A,0xFF,0x0A,0x0A,0x1A,0xFF,0x0A,0x0A,0x1A,0xFF,
    0x0A,0x0A,0x1A,0xFF,0x0A,0x0A,0x1A,0xFF,0x0A,0x0A,0x1A,0xFF,0x25,0x25,0x8C,0xFF,
    0x25,0x25,0x8C,0xFF,0x00,0x00,0x00,0x00,0x00,0x00,0x00,0x00,0x00,0x00,0x00,0x00,
    0x00,0x00,0x00,0x00,0x00,0x00,0x00,0x00,0x00,0x00,0x00,0x00,0x00,0x00,0x00,0x00,
    0x00,0x00,0x00,0x00,0x00,0x00,0x00,0x00,0x00,0x00,0x00,0x00,0x00,0x00,0x00,0x00,
    0x00,0x00,0x00,0x00,0x00,0x00,0x00,0x00,0x00,0x00,0x00,0x00,0x25,0x25,0x8C,0xFF,
    0x0A,0x0A,0x1A,0xFF,0x0A,0x0A,0x1A,0xFF,0x0A,0x0A,0x1A,0xFF,0x0A,0x0A,0x1A,0xFF,
    0x0A,0x0A,0x1A,0xFF,0x0A,0x0A,0x1A,0xFF,0x0A,0x0A,0x1A,0xFF,0x0A,0x0A,0x1A,0xFF,
    0x0A,0x0A,0x1A,0xFF,0x0A,0x0A,0x1A,0xFF,0x0A,0x0A,0x1A,0xFF,0x0A,0x0A,0x1A,0xFF,
    0x0A,0x0A,0x1A,0xFF,0x0A,0x0A,0x1A,0xFF,0x0A,0x0A,0x1A,0xFF,0x0A,0x0A,0x1A,0xFF,
    0x0A,0x0A,0x1A,0xFF,0x25,0x25,0x8C,0xFF,0x00,0x00,0x00,0x00,0x00,0x00,0x00,0x00,
    0x00,0x00,0x00,0x00,0x00,0x00,0x00,0x00,0x00,0x00,0x00,0x00,0x00,0x00,0x00,0x00,
    0x00,0x00,0x00,0x00,0x00,0x00,0x00,0x00,0x00,0x00,0x00,0x00,0x00,0x00,0x00,0x00,
    0x00,0x00,0x00,0x00,0x00,0x00,0x00,0x00,0x25,0x25,0x8C,0xFF,0x0A,0x0A,0x1A,0xFF,
    0x0A,0x0A,0x1A,0xFF,0x0A,0x0A,0x1A,0xFF,0x0A,0x0A,0x1A,0xFF,0x0A,0x0A,0x1A,0xFF,
    0x0A,0x0A,0x1A,0xFF,0x0A,0x0A,0x1A,0xFF,0x0A,0x0A,0x1A,0xFF,0x0A,0x0A,0x1A,0xFF,
    0x0A,0x0A,0x1A,0xFF,0x0A,0x0A,0x1A,0xFF,0x0A,0x0A,0x1A,0xFF,0x0A,0x0A,0x1A,0xFF,
    0x0A,0x0A,0x1A,0xFF,0x0A,0x0A,0x1A,0xFF,0x0A,0x0A,0x1A,0xFF,0x0A,0x0A,0x1A,0xFF,
    0x0A,0x0A,0x1A,0xFF,0x0A,0x0A,0x1A,0xFF,0x25,0x25,0x8C,0xFF,0x00,0x00,0x00,0x00,
    0x00,0x00,0x00,0x00,0x00,0x00,0x00,0x00,0x00,0x00,0x00,0x00,0x00,0x00,0x00,0x00,
    0x00,0x00,0x00,0x00,0x00,0x00,0x00,0x00,0x00,0x00,0x00,0x00,0x00,0x00,0x00,0x00,
    0x00,0x00,0x00,0x00,0x25,0x25,0x8C,0xFF,0x0A,0x0A,0x1A,0xFF,0x0A,0x0A,0x1A,0xFF,
    0x0A,0x0A,0x1A,0xFF,0x0A,0x0A,0x1A,0xFF,0x0A,0x0A,0x1A,0xFF,0x0A,0x0A,0x1A,0xFF,
    0x0A,0x0A,0x1A,0xFF,0x0A,0x0A,0x1A,0xFF,0x0A,0x0A,0x1A,0xFF,0x0A,0x0A,0x1A,0xFF,
    0x0A,0x0A,0x1A,0xFF,0x0A,0x0A,0x1A,0xFF,0x0A,0x0A,0x1A,0xFF,0x0A,0x0A,0x1A,0xFF,
    0x0A,0x0A,0x1A,0xFF,0x0A,0x0A,0x1A,0xFF,0x0A,0x0A,0x1A,0xFF,0x0A,0x0A,0x1A,0xFF,
    0x0A,0x0A,0x1A,0xFF,0x0A,0x0A,0x1A,0xFF,0x0A,0x0A,0x1A,0xFF,0x25,0x25,0x8C,0xFF,
    0x00,0x00,0x00,0x00,0x00,0x00,0x00,0x00,0x00,0x00,0x00,0x00,0x00,0x00,0x00,0x00,
    0x00,0x00,0x00,0x00,0x00,0x00,0x00,0x00,0x00,0x00,0x00,0x00,0x00,0x00,0x00,0x00,
    0x25,0x25,0x8C,0xFF,0x25,0x25,0x8C,0xFF,0x0A,0x0A,0x1A,0xFF,0x0A,0x0A,0x1A,0xFF,
    0x0A,0x0A,0x1A,0xFF,0x0A,0x0A,0x1A,0xFF,0x0A,0x0A,0x1A,0xFF,0x0A,0x0A,0x1A,0xFF,
    0x0A,0x0A,0x1A,0xFF,0x0A,0x0A,0x1A,0xFF,0x0A,0x0A,0x1A,0xFF,0x0A,0x0A,0x1A,0xFF,
    0x0A,0x0A,0x1A,0xFF,0x0A,0x0A,0x1A,0xFF,0x0A,0x0A,0x1A,0xFF,0x0A,0x0A,0x1A,0xFF,
    0x0A,0x0A,0x1A,0xFF,0x0A,0x0A,0x1A,0xFF,0x0A,0x0A,0x1A,0xFF,0x0A,0x0A,0x1A,0xFF,
    0x0A,0x0A,0x1A,0xFF,0x0A,0x0A,0x1A,0xFF,0x0A,0x0A,0x1A,0xFF,0x25,0x25,0x8C,0xFF,
    0x25,0x25,0x8C,0xFF,0x00,0x00,0x00,0x00,0x00,0x00,0x00,0x00,0x00,0x00,0x00,0x00,
    0x00,0x00,0x00,0x00,0x00,0x00,0x00,0x00,0x00,0x00,0x00,0x00,0x00,0x00,0x00,0x00,
    0x25,0x25,0x8C,0xFF,0x0A,0x0A,0x1A,0xFF,0x0A,0x0A,0x1A,0xFF,0x0A,0x0A,0x1A,0xFF,
    0x0A,0x0A,0x1A,0xFF,0x0A,0x0A,0x1A,0xFF,0x0A,0x0A,0x1A,0xFF,0x0A,0x0A,0x1A,0xFF,
    0x0A,0x0A,0x1A,0xFF,0x0A,0x0A,0x1A,0xFF,0x0A,0x0A,0x1A,0xFF,0x0A,0x0A,0x1A,0xFF,
    0x0A,0x0A,0x1A,0xFF,0x0A,0x0A,0x1A,0xFF,0x0A,0x0A,0x1A,0xFF,0x0A,0x0A,0x1A,0xFF,
    0x0A,0x0A,0x1A,0xFF,0x0A,0x0A,0x1A,0xFF,0x0A,0x0A,0x1A,0xFF,0x0A,0x0A,0x1A,0xFF,
    0x0A,0x0A,0x1A,0xFF,0x0A,0x0A,0x1A,0xFF,0x0A,0x0A,0x1A,0xFF,0x0A,0x0A,0x1A,0xFF,
    0x25,0x25,0x8C,0xFF,0x00,0x00,0x00,0x00,0x00,0x00,0x00,0x00,0x00,0x00,0x00,0x00,
    0x00,0x00,0x00,0x00,0x00,0x00,0x00,0x00,0x00,0x00,0x00,0x00,0x25,0x25,0x8C,0xFF,
    0x25,0x25,0x8C,0xFF,0x0A,0x0A,0x1A,0xFF,0x0A,0x0A,0x1A,0xFF,0x0A,0x0A,0x1A,0xFF,
    0x0A,0x0A,0x1A,0xFF,0x0A,0x0A,0x1A,0xFF,0x0A,0x0A,0x1A,0xFF,0x0A,0x0A,0x1A,0xFF,
    0x0A,0x0A,0x1A,0xFF,0x0A,0x0A,0x1A,0xFF,0x0A,0x0A,0x1A,0xFF,0x0A,0x0A,0x1A,0xFF,
    0x0A,0x0A,0x1A,0xFF,0x0A,0x0A,0x1A,0xFF,0x0A,0x0A,0x1A,0xFF,0x0A,0x0A,0x1A,0xFF,
    0x0A,0x0A,0x1A,0xFF,0x0A,0x0A,0x1A,0xFF,0x0A,0x0A,0x1A,0xFF,0x0A,0x0A,0x1A,0xFF,
    0x0A,0x0A,0x1A,0xFF,0x0A,0x0A,0x1A,0xFF,0x0A,0x0A,0x1A,0xFF,0x0A,0x0A,0x1A,0xFF,
    0x25,0x25,0x8C,0xFF,0x25,0x25,0x8C,0xFF,0x00,0x00,0x00,0x00,0x00,0x00,0x00,0x00,
    0x00,0x00,0x00,0x00,0x00,0x00,0x00,0x00,0x00,0x00,0x00,0x00,0x25,0x25,0x8C,0xFF,
    0x0A,0x0A,0x1A,0xFF,0x0A,0x0A,0x1A,0xFF,0x0A,0x0A,0x1A,0xFF,0x0A,0x0A,0x1A,0xFF,
    0x0A,0x0A,0x1A,0xFF,0x0A,0x0A,0x1A,0xFF,0x0A,0x0A,0x1A,0xFF,0x0A,0x0A,0x1A,0xFF,
    0x0A,0x0A,0x1A,0xFF,0x0A,0x0A,0x1A,0xFF,0x0A,0x0A,0x1A,0xFF,0x0A,0x0A,0x1A,0xFF,
    0x0A,0x0A,0x1A,0xFF,0x0A,0x0A,0x1A,0xFF,0x0A,0x0A,0x1A,0xFF,0x0A,0x0A,0x1A,0xFF,
    0x0A,0x0A,0x1A,0xFF,0x0A,0x0A,0x1A,0xFF,0x0A,0x0A,0x1A,0xFF,0x0A,0x0A,0x1A,0xFF,
    0x0A,0x0A,0x1A,0xFF,0x0A,0x0A,0x1A,0xFF,0x0A,0x0A,0x1A,0xFF,0x0A,0x0A,0x1A,0xFF,
    0x0A,0x0A,0x1A,0xFF,0x25,0x25,0x8C,0xFF,0x00,0x00,0x00,0x00,0x00,0x00,0x00,0x00,
    0x00,0x00,0x00,0x00,0x00,0x00,0x00,0x00,0x00,0x00,0x00,0x00,0x25,0x25,0x8C,0xFF,
    0x0A,0x0A,0x1A,0xFF,0x0A,0x0A,0x1A,0xFF,0x0A,0x0A,0x1A,0xFF,0x0A,0x0A,0x1A,0xFF,
    0x0A,0x0A,0x1A,0xFF,0x0A,0x0A,0x1A,0xFF,0x0A,0x0A,0x1A,0xFF,0x0A,0x0A,0x1A,0xFF,
    0x0A,0x0A,0x1A,0xFF,0x0A,0x0A,0x1A,0xFF,0x0A,0x0A,0x1A,0xFF,0x0A,0x0A,0x1A,0xFF,
    0x0A,0x0A,0x1A,0xFF,0x0A,0x0A,0x1A,0xFF,0x0A,0x0A,0x1A,0xFF,0x0A,0x0A,0x1A,0xFF,
    0x0A,0x0A,0x1A,0xFF,0x0A,0x0A,0x1A,0xFF,0x0A,0x0A,0x1A,0xFF,0x0A,0x0A,0x1A,0xFF,
    0x0A,0x0A,0x1A,0xFF,0x0A,0x0A,0x1A,0xFF,0x0A,0x0A,0x1A,0xFF,0x0A,0x0A,0x1A,0xFF,
    0x0A,0x0A,0x1A,0xFF,0x25,0x25,0x8C,0xFF,0x00,0x00,0x00,0x00,0x00,0x00,0x00,0x00,
    0x00,0x00,0x00,0x00,0x00,0x00,0x00,0x00,0x00,0x00,0x00,0x00,0x25,0x25,0x8C,0xFF,
    0x0A,0x0A,0x1A,0xFF,0x0A,0x0A,0x1A,0xFF,0x0A,0x0A,0x1A,0xFF,0x0A,0x0A,0x1A,0xFF,
    0x0A,0x0A,0x1A,0xFF,0x0A,0x0A,0x1A,0xFF,0x0A,0x0A,0x1A,0xFF,0x0A,0x0A,0x1A,0xFF,
    0x0A,0x0A,0x1A,0xFF,0x0A,0x0A,0x1A,0xFF,0x0A,0x0A,0x1A,0xFF,0x0A,0x0A,0x1A,0xFF,
    0x0A,0x0A,0x1A,0xFF,0x0A,0x0A,0x1A,0xFF,0x0A,0x0A,0x1A,0xFF,0x0A,0x0A,0x1A,0xFF,
    0x0A,0x0A,0x1A,0xFF,0x0A,0x0A,0x1A,0xFF,0x0A,0x0A,0x1A,0xFF,0x0A,0x0A,0x1A,0xFF,
    0x0A,0x0A,0x1A,0xFF,0x0A,0x0A,0x1A,0xFF,0x0A,0x0A,0x1A,0xFF,0x0A,0x0A,0x1A,0xFF,
    0x0A,0x0A,0x1A,0xFF,0x25,0x25,0x8C,0xFF,0x00,0x00,0x00,0x00,0x00,0x00,0x00,0x00,
    0x00,0x00,0x00,0x00,0x00,0x00,0x00,0x00,0x00,0x00,0x00,0x00,0x25,0x25,0x8C,0xFF,
    0x0A,0x0A,0x1A,0xFF,0x0A,0x0A,0x1A,0xFF,0x0A,0x0A,0x1A,0xFF,0x0A,0x0A,0x1A,0xFF,
    0x0A,0x0A,0x1A,0xFF,0x0A,0x0A,0x1A,0xFF,0x0A,0x0A,0x1A,0xFF,0x0A,0x0A,0x1A,0xFF,
    0x0A,0x0A,0x1A,0xFF,0x0A,0x0A,0x1A,0xFF,0x0A,0x0A,0x1A,0xFF,0x0A,0x0A,0x1A,0xFF,
    0x0A,0x0A,0x1A,0xFF,0x0A,0x0A,0x1A,0xFF,0x0A,0x0A,0x1A,0xFF,0x0A,0x0A,0x1A,0xFF,
    0x0A,0x0A,0x1A,0xFF,0x0A,0x0A,0x1A,0xFF,0x0A,0x0A,0x1A,0xFF,0x0A,0x0A,0x1A,0xFF,
    0x0A,0x0A,0x1A,0xFF,0x0A,0x0A,0x1A,0xFF,0x0A,0x0A,0x1A,0xFF,0x0A,0x0A,0x1A,0xFF,
    0x0A,0x0A,0x1A,0xFF,0x25,0x25,0x8C,0xFF,0x00,0x00,0x00,0x00,0x00,0x00,0x00,0x00,
    0x00,0x00,0x00,0x00,0x00,0x00,0x00,0x00,0x00,0x00,0x00,0x00,0x25,0x25,0x8C,0xFF,
    0x0A,0x0A,0x1A,0xFF,0x0A,0x0A,0x1A,0xFF,0x0A,0x0A,0x1A,0xFF,0x0A,0x0A,0x1A,0xFF,
    0x0A,0x0A,0x1A,0xFF,0x0A,0x0A,0x1A,0xFF,0x0A,0x0A,0x1A,0xFF,0x0A,0x0A,0x1A,0xFF,
    0x0A,0x0A,0x1A,0xFF,0x0A,0x0A,0x1A,0xFF,0x0A,0x0A,0x1A,0xFF,0x0A,0x0A,0x1A,0xFF,
    0x0A,0x0A,0x1A,0xFF,0x0A,0x0A,0x1A,0xFF,0x0A,0x0A,0x1A,0xFF,0x0A,0x0A,0x1A,0xFF,
    0x0A,0x0A,0x1A,0xFF,0x0A,0x0A,0x1A,0xFF,0x0A,0x0A,0x1A,0xFF,0x0A,0x0A,0x1A,0xFF,
    0x0A,0x0A,0x1A,0xFF,0x0A,0x0A,0x1A,0xFF,0x0A,0x0A,0x1A,0xFF,0x0A,0x0A,0x1A,0xFF,
    0x0A,0x0A,0x1A,0xFF,0x25,0x25,0x8C,0xFF,0x00,0x00,0x00,0x00,0x00,0x00,0x00,0x00,
    0x00,0x00,0x00,0x00,0x00,0x00,0x00,0x00,0x00,0x00,0x00,0x00,0x25,0x25,0x8C,0xFF,
    0x0A,0x0A,0x1A,0xFF,0x0A,0x0A,0x1A,0xFF,0x0A,0x0A,0x1A,0xFF,0x0A,0x0A,0x1A,0xFF,
    0x0A,0x0A,0x1A,0xFF,0x0A,0x0A,0x1A,0xFF,0x0A,0x0A,0x1A,0xFF,0x0A,0x0A,0x1A,0xFF,
    0x0A,0x0A,0x1A,0xFF,0x0A,0x0A,0x1A,0xFF,0x0A,0x0A,0x1A,0xFF,0x0A,0x0A,0x1A,0xFF,
    0x0A,0x0A,0x1A,0xFF,0x0A,0x0A,0x1A,0xFF,0x0A,0x0A,0x1A,0xFF,0x0A,0x0A,0x1A,0xFF,
    0x0A,0x0A,0x1A,0xFF,0x0A,0x0A,0x1A,0xFF,0x0A,0x0A,0x1A,0xFF,0x0A,0x0A,0x1A,0xFF,
    0x0A,0x0A,0x1A,0xFF,0x0A,0x0A,0x1A,0xFF,0x0A,0x0A,0x1A,0xFF,0x0A,0x0A,0x1A,0xFF,
    0x0A,0x0A,0x1A,0xFF,0x25,0x25,0x8C,0xFF,0x00,0x00,0x00,0x00,0x00,0x00,0x00,0x00,
    0x00,0x00,0x00,0x00,0x00,0x00,0x00,0x00,0x00,0x00,0x00,0x00,0x25,0x25,0x8C,0xFF,
    0x0A,0x0A,0x1A,0xFF,0x0A,0x0A,0x1A,0xFF,0x0A,0x0A,0x1A,0xFF,0x0A,0x0A,0x1A,0xFF,
    0x0A,0x0A,0x1A,0xFF,0x0A,0x0A,0x1A,0xFF,0x0A,0x0A,0x1A,0xFF,0x0A,0x0A,0x1A,0xFF,
    0x0A,0x0A,0x1A,0xFF,0x0A,0x0A,0x1A,0xFF,0x0A,0x0A,0x1A,0xFF,0x0A,0x0A,0x1A,0xFF,
    0x0A,0x0A,0x1A,0xFF,0x0A,0x0A,0x1A,0xFF,0x0A,0x0A,0x1A,0xFF,0x0A,0x0A,0x1A,0xFF,
    0x0A,0x0A,0x1A,0xFF,0x0A,0x0A,0x1A,0xFF,0x0A,0x0A,0x1A,0xFF,0x0A,0x0A,0x1A,0xFF,
    0x0A,0x0A,0x1A,0xFF,0x0A,0x0A,0x1A,0xFF,0x0A,0x0A,0x1A,0xFF,0x0A,0x0A,0x1A,0xFF,
    0x0A,0x0A,0x1A,0xFF,0x25,0x25,0x8C,0xFF,0x00,0x00,0x00,0x00,0x00,0x00,0x00,0x00,
    0x00,0x00,0x00,0x00,0x00,0x00,0x00,0x00,0x00,0x00,0x00,0x00,0x25,0x25,0x8C,0xFF,
    0x0A,0x0A,0x1A,0xFF,0x0A,0x0A,0x1A,0xFF,0x0A,0x0A,0x1A,0xFF,0x0A,0x0A,0x1A,0xFF,
    0x0A,0x0A,0x1A,0xFF,0x0A,0x0A,0x1A,0xFF,0x0A,0x0A,0x1A,0xFF,0x0A,0x0A,0x1A,0xFF,
    0x0A,0x0A,0x1A,0xFF,0x0A,0x0A,0x1A,0xFF,0x0A,0x0A,0x1A,0xFF,0x0A,0x0A,0x1A,0xFF,
    0x0A,0x0A,0x1A,0xFF,0x0A,0x0A,0x1A,0xFF,0x0A,0x0A,0x1A,0xFF,0x0A,0x0A,0x1A,0xFF,
    0x0A,0x0A,0x1A,0xFF,0x0A,0x0A,0x1A,0xFF,0x0A,0x0A,0x1A,0xFF,0x0A,0x0A,0x1A,0xFF,
    0x0A,0x0A,0x1A,0xFF,0x0A,0x0A,0x1A,0xFF,0x0A,0x0A,0x1A,0xFF,0x0A,0x0A,0x1A,0xFF,
    0x0A,0x0A,0x1A,0xFF,0x25,0x25,0x8C,0xFF,0x00,0x00,0x00,0x00,0x00,0x00,0x00,0x00,
    0x00,0x00,0x00,0x00,0x00,0x00,0x00,0x00,0x00,0x00,0x00,0x00,0x25,0x25,0x8C,0xFF,
    0x0A,0x0A,0x1A,0xFF,0x0A,0x0A,0x1A,0xFF,0x0A,0x0A,0x1A,0xFF,0x0A,0x0A,0x1A,0xFF,
    0x0A,0x0A,0x1A,0xFF,0x0A,0x0A,0x1A,0xFF,0x0A,0x0A,0x1A,0xFF,0x0A,0x0A,0x1A,0xFF,
    0x0A,0x0A,0x1A,0xFF,0x0A,0x0A,0x1A,0xFF,0x0A,0x0A,0x1A,0xFF,0x0A,0x0A,0x1A,0xFF,
    0x0A,0x0A,0x1A,0xFF,0x0A,0x0A,0x1A,0xFF,0x0A,0x0A,0x1A,0xFF,0x0A,0x0A,0x1A,0xFF,
    0x0A,0x0A,0x1A,0xFF,0x0A,0x0A,0x1A,0xFF,0x0A,0x0A,0x1A,0xFF,0x0A,0x0A,0x1A,0xFF,
    0x0A,0x0A,0x1A,0xFF,0x0A,0x0A,0x1A,0xFF,0x0A,0x0A,0x1A,0xFF,0x0A,0x0A,0x1A,0xFF,
    0x0A,0x0A,0x1A,0xFF,0x25,0x25,0x8C,0xFF,0x00,0x00,0x00,0x00,0x00,0x00,0x00,0x00,
    0x00,0x00,0x00,0x00,0x00,0x00,0x00,0x00,0x00,0x00,0x00,0x00,0x25,0x25,0x8C,0xFF,
    0x25,0x25,0x8C,0xFF,0x0A,0x0A,0x1A,0xFF,0x0A,0x0A,0x1A,0xFF,0x0A,0x0A,0x1A,0xFF,
    0x0A,0x0A,0x1A,0xFF,0x0A,0x0A,0x1A,0xFF,0x0A,0x0A,0x1A,0xFF,0x0A,0x0A,0x1A,0xFF,
    0x0A,0x0A,0x1A,0xFF,0x0A,0x0A,0x1A,0xFF,0x0A,0x0A,0x1A,0xFF,0x0A,0x0A,0x1A,0xFF,
    0x0A,0x0A,0x1A,0xFF,0x0A,0x0A,0x1A,0xFF,0x0A,0x0A,0x1A,0xFF,0x0A,0x0A,0x1A,0xFF,
    0x0A,0x0A,0x1A,0xFF,0x0A,0x0A,0x1A,0xFF,0x0A,0x0A,0x1A,0xFF,0x0A,0x0A,0x1A,0xFF,
    0x0A,0x0A,0x1A,0xFF,0x0A,0x0A,0x1A,0xFF,0x0A,0x0A,0x1A,0xFF,0x0A,0x0A,0x1A,0xFF,
    0x25,0x25,0x8C,0xFF,0x25,0x25,0x8C,0xFF,0x00,0x00,0x00,0x00,0x00,0x00,0x00,0x00,
    0x00,0x00,0x00,0x00,0x00,0x00,0x00,0x00,0x00,0x00,0x00,0x00,0x00,0x00,0x00,0x00,
    0x25,0x25,0x8C,0xFF,0x0A,0x0A,0x1A,0xFF,0x0A,0x0A,0x1A,0xFF,0x0A,0x0A,0x1A,0xFF,
    0x0A,0x0A,0x1A,0xFF,0x0A,0x0A,0x1A,0xFF,0x0A,0x0A,0x1A,0xFF,0x0A,0x0A,0x1A,0xFF,
    0x0A,0x0A,0x1A,0xFF,0x0A,0x0A,0x1A,0xFF,0x0A,0x0A,0x1A,0xFF,0x0A,0x0A,0x1A,0xFF,
    0x0A,0x0A,0x1A,0xFF,0x0A,0x0A,0x1A,0xFF,0x0A,0x0A,0x1A,0xFF,0x0A,0x0A,0x1A,0xFF,
    0x0A,0x0A,0x1A,0xFF,0x0A,0x0A,0x1A,0xFF,0x0A,0x0A,0x1A,0xFF,0x0A,0x0A,0x1A,0xFF,
    0x0A,0x0A,0x1A,0xFF,0x0A,0x0A,0x1A,0xFF,0x0A,0x0A,0x1A,0xFF,0x0A,0x0A,0x1A,0xFF,
    0x25,0x25,0x8C,0xFF,0x00,0x00,0x00,0x00,0x00,0x00,0x00,0x00,0x00,0x00,0x00,0x00,
    0x00,0x00,0x00,0x00,0x00,0x00,0x00,0x00,0x00,0x00,0x00,0x00,0x00,0x00,0x00,0x00,
    0x25,0x25,0x8C,0xFF,0x25,0x25,0x8C,0xFF,0x0A,0x0A,0x1A,0xFF,0x0A,0x0A,0x1A,0xFF,
    0x0A,0x0A,0x1A,0xFF,0x0A,0x0A,0x1A,0xFF,0x0A,0x0A,0x1A,0xFF,0x0A,0x0A,0x1A,0xFF,
    0x0A,0x0A,0x1A,0xFF,0x0A,0x0A,0x1A,0xFF,0x0A,0x0A,0x1A,0xFF,0x0A,0x0A,0x1A,0xFF,
    0x0A,0x0A,0x1A,0xFF,0x0A,0x0A,0x1A,0xFF,0x0A,0x0A,0x1A,0xFF,0x0A,0x0A,0x1A,0xFF,
    0x0A,0x0A,0x1A,0xFF,0x0A,0x0A,0x1A,0xFF,0x0A,0x0A,0x1A,0xFF,0x0A,0x0A,0x1A,0xFF,
    0x0A,0x0A,0x1A,0xFF,0x0A,0x0A,0x1A,0xFF,0x0A,0x0A,0x1A,0xFF,0x25,0x25,0x8C,0xFF,
    0x25,0x25,0x8C,0xFF,0x00,0x00,0x00,0x00,0x00,0x00,0x00,0x00,0x00,0x00,0x00,0x00,
    0x00,0x00,0x00,0x00,0x00,0x00,0x00,0x00,0x00,0x00,0x00,0x00,0x00,0x00,0x00,0x00,
    0x00,0x00,0x00,0x00,0x25,0x25,0x8C,0xFF,0x0A,0x0A,0x1A,0xFF,0x0A,0x0A,0x1A,0xFF,
    0x0A,0x0A,0x1A,0xFF,0x0A,0x0A,0x1A,0xFF,0x0A,0x0A,0x1A,0xFF,0x0A,0x0A,0x1A,0xFF,
    0x0A,0x0A,0x1A,0xFF,0x0A,0x0A,0x1A,0xFF,0x0A,0x0A,0x1A,0xFF,0x0A,0x0A,0x1A,0xFF,
    0x0A,0x0A,0x1A,0xFF,0x0A,0x0A,0x1A,0xFF,0x0A,0x0A,0x1A,0xFF,0x0A,0x0A,0x1A,0xFF,
    0x0A,0x0A,0x1A,0xFF,0x0A,0x0A,0x1A,0xFF,0x0A,0x0A,0x1A,0xFF,0x0A,0x0A,0x1A,0xFF,
    0x0A,0x0A,0x1A,0xFF,0x0A,0x0A,0x1A,0xFF,0x0A,0x0A,0x1A,0xFF,0x25,0x25,0x8C,0xFF,
    0x00,0x00,0x00,0x00,0x00,0x00,0x00,0x00,0x00,0x00,0x00,0x00,0x00,0x00,0x00,0x00,
    0x00,0x00,0x00,0x00,0x00,0x00,0x00,0x00,0x00,0x00,0x00,0x00,0x00,0x00,0x00,0x00,
    0x00,0x00,0x00,0x00,0x00,0x00,0x00,0x00,0x25,0x25,0x8C,0xFF,0x0A,0x0A,0x1A,0xFF,
    0x0A,0x0A,0x1A,0xFF,0x0A,0x0A,0x1A,0xFF,0x0A,0x0A,0x1A,0xFF,0x0A,0x0A,0x1A,0xFF,
    0x0A,0x0A,0x1A,0xFF,0x0A,0x0A,0x1A,0xFF,0x0A,0x0A,0x1A,0xFF,0x0A,0x0A,0x1A,0xFF,
    0x0A,0x0A,0x1A,0xFF,0x0A,0x0A,0x1A,0xFF,0x0A,0x0A,0x1A,0xFF,0x0A,0x0A,0x1A,0xFF,
    0x0A,0x0A,0x1A,0xFF,0x0A,0x0A,0x1A,0xFF,0x0A,0x0A,0x1A,0xFF,0x0A,0x0A,0x1A,0xFF,
    0x0A,0x0A,0x1A,0xFF,0x0A,0x0A,0x1A,0xFF,0x25,0x25,0x8C,0xFF,0x00,0x00,0x00,0x00,
    0x00,0x00,0x00,0x00,0x00,0x00,0x00,0x00,0x00,0x00,0x00,0x00,0x00,0x00,0x00,0x00,
    0x00,0x00,0x00,0x00,0x00,0x00,0x00,0x00,0x00,0x00,0x00,0x00,0x00,0x00,0x00,0x00,
    0x00,0x00,0x00,0x00,0x00,0x00,0x00,0x00,0x00,0x00,0x00,0x00,0x25,0x25,0x8C,0xFF,
    0x0A,0x0A,0x1A,0xFF,0x0A,0x0A,0x1A,0xFF,0x0A,0x0A,0x1A,0xFF,0x0A,0x0A,0x1A,0xFF,
    0x0A,0x0A,0x1A,0xFF,0x0A,0x0A,0x1A,0xFF,0x0A,0x0A,0x1A,0xFF,0x0A,0x0A,0x1A,0xFF,
    0x0A,0x0A,0x1A,0xFF,0x0A,0x0A,0x1A,0xFF,0x0A,0x0A,0x1A,0xFF,0x0A,0x0A,0x1A,0xFF,
    0x0A,0x0A,0x1A,0xFF,0x0A,0x0A,0x1A,0xFF,0x0A,0x0A,0x1A,0xFF,0x0A,0x0A,0x1A,0xFF,
    0x0A,0x0A,0x1A,0xFF,0x25,0x25,0x8C,0xFF,0x00,0x00,0x00,0x00,0x00,0x00,0x00,0x00,
    0x00,0x00,0x00,0x00,0x00,0x00,0x00,0x00,0x00,0x00,0x00,0x00,0x00,0x00,0x00,0x00,
    0x00,0x00,0x00,0x00,0x00,0x00,0x00,0x00,0x00,0x00,0x00,0x00,0x00,0x00,0x00,0x00,
    0x00,0x00,0x00,0x00,0x00,0x00,0x00,0x00,0x00,0x00,0x00,0x00,0x00,0x00,0x00,0x00,
    0x25,0x25,0x8C,0xFF,0x25,0x25,0x8C,0xFF,0x0A,0x0A,0x1A,0xFF,0x0A,0x0A,0x1A,0xFF,
    0x0A,0x0A,0x1A,0xFF,0x0A,0x0A,0x1A,0xFF,0x0A,0x0A,0x1A,0xFF,0x0A,0x0A,0x1A,0xFF,
    0x0A,0x0A,0x1A,0xFF,0x0A,0x0A,0x1A,0xFF,0x0A,0x0A,0x1A,0xFF,0x0A,0x0A,0x1A,0xFF,
    0x0A,0x0A,0x1A,0xFF,0x0A,0x0A,0x1A,0xFF,0x0A,0x0A,0x1A,0xFF,0x25,0x25,0x8C,0xFF,
    0x25,0x25,0x8C,0xFF,0x00,0x00,0x00,0x00,0x00,0x00,0x00,0x00,0x00,0x00,0x00,0x00,
    0x00,0x00,0x00,0x00,0x00,0x00,0x00,0x00,0x00,0x00,0x00,0x00,0x00,0x00,0x00,0x00,
    0x00,0x00,0x00,0x00,0x00,0x00,0x00,0x00,0x00,0x00,0x00,0x00,0x00,0x00,0x00,0x00,
    0x00,0x00,0x00,0x00,0x00,0x00,0x00,0x00,0x00,0x00,0x00,0x00,0x00,0x00,0x00,0x00,
    0x00,0x00,0x00,0x00,0x25,0x25,0x8C,0xFF,0x25,0x25,0x8C,0xFF,0x25,0x25,0x8C,0xFF,
    0x0A,0x0A,0x1A,0xFF,0x0A,0x0A,0x1A,0xFF,0x0A,0x0A,0x1A,0xFF,0x0A,0x0A,0x1A,0xFF,
    0x0A,0x0A,0x1A,0xFF,0x0A,0x0A,0x1A,0xFF,0x0A,0x0A,0x1A,0xFF,0x0A,0x0A,0x1A,0xFF,
    0x0A,0x0A,0x1A,0xFF,0x25,0x25,0x8C,0xFF,0x25,0x25,0x8C,0xFF,0x25,0x25,0x8C,0xFF,
    0x00,0x00,0x00,0x00,0x00,0x00,0x00,0x00,0x00,0x00,0x00,0x00,0x00,0x00,0x00,0x00,
    0x00,0x00,0x00,0x00,0x00,0x00,0x00,0x00,0x00,0x00,0x00,0x00,0x00,0x00,0x00,0x00,
    0x00,0x00,0x00,0x00,0x00,0x00,0x00,0x00,0x00,0x00,0x00,0x00,0x00,0x00,0x00,0x00,
    0x00,0x00,0x00,0x00,0x00,0x00,0x00,0x00,0x00,0x00,0x00,0x00,0x00,0x00,0x00,0x00,
    0x00,0x00,0x00,0x00,0x00,0x00,0x00,0x00,0x00,0x00,0x00,0x00,0x25,0x25,0x8C,0xFF,
    0x25,0x25,0x8C,0xFF,0x25,0x25,0x8C,0xFF,0x25,0x25,0x8C,0xFF,0x25,0x25,0x8C,0xFF,
    0x25,0x25,0x8C,0xFF,0x25,0x25,0x8C,0xFF,0x25,0x25,0x8C,0xFF,0x25,0x25,0x8C,0xFF,
    0x25,0x25,0x8C,0xFF,0x25,0x25,0x8C,0xFF,0x00,0x00,0x00,0x00,0x00,0x00,0x00,0x00,
    0x00,0x00,0x00,0x00,0x00,0x00,0x00,0x00,0x00,0x00,0x00,0x00,0x00,0x00,0x00,0x00,
    0x00,0x00,0x00,0x00,0x00,0x00,0x00,0x00,0x00,0x00,0x00,0x00,0x00,0x00,0x00,0x00,
    0x00,0x00,0x00,0x00,0x00,0x00,0x00,0x00,0x00,0x00,0x00,0x00,0x00,0x00,0x00,0x00,
    0x00,0x00,0x00,0x00,0x00,0x00,0x00,0x00,0x00,0x00,0x00,0x00,0x00,0x00,0x00,0x00,
    0x00,0x00,0x00,0x00,0x00,0x00,0x00,0x00,0x00,0x00,0x00,0x00,0x00,0x00,0x00,0x00,
    0x00,0x00,0x00,0x00,0x00,0x00,0x00,0x00,0x00,0x00,0x00,0x00,0x00,0x00,0x00,0x00,
    0x00,0x00,0x00,0x00,0x00,0x00,0x00,0x00,0x00,0x00,0x00,0x00,0x00,0x00,0x00,0x00,
    0x00,0x00,0x00,0x00,0x00,0x00,0x00,0x00,0x00,0x00,0x00,0x00,0x00,0x00,0x00,0x00,
    0x00,0x00,0x00,0x00,0x00,0x00,0x00,0x00,0x00,0x00,0x00,0x00,0x00,0x00,0x00,0x00,
    0x00,0x00,0x00,0x00,0x00,0x00,0x00,0x00,0x00,0x00,0x00,0x00,0x00,0x00,0x00,0x00,
    0x00,0x00,0x00,0x00,0x00,0x00,0x00,0x00,0x00,0x00,0x00,0x00,0x00,0x00,0x00,0x00,
    0x00,0x00,0x00,0x00,0x00,0x00,0x00,0x00,0x00,0x00,0x00,0x00,0x00,0x00,0x00,0x00,
    0x00,0x00,0x00,0x00,0x00,0x00,0x00,0x00,0x00,0x00,0x00,0x00,0x00,0x00,0x00,0x00,
    0x00,0x00,0x00,0x00,0x00,0x00,0x00,0x00,0x00,0x00,0x00,0x00,0x00,0x00,0x00,0x00,
    0x00,0x00,0x00,0x00,0x00,0x00,0x00,0x00,0x00,0x00,0x00,0x00,0x00,0x00,0x00,0x00,
    0x00,0x00,0x00,0x00,0x00,0x00,0x00,0x00,0x00,0x00,0x00,0x00,0x00,0x00,0x00,0x00,
    0x00,0x00,0x00,0x00,0x00,0x00,0x00,0x00,0x00,0x00,0x00,0x00,0x00,0x00,0x00,0x00,
    0x00,0x00,0x00,0x00,0x00,0x00,0x00,0x00,0x00,0x00,0x00,0x00,0x00,0x00,0x00,0x00,
};

static const uint8_t icon_data_draco_manager[] = {
    0x44,0x52,0x43,0x4F,0x20,0x00,0x20,0x00,0x20,0x00,0x00,0x00,0x00,0x00,0x00,0x00,
    0x00,0x00,0x00,0x00,0x00,0x00,0x00,0x00,0x00,0x00,0x00,0x00,0x00,0x00,0x00,0x00,
    0x00,0x00,0x00,0x00,0x00,0x00,0x00,0x00,0x00,0x00,0x00,0x00,0x00,0x00,0x00,0x00,
    0x00,0x00,0x00,0x00,0x00,0x00,0x00,0x00,0x00,0x00,0x00,0x00,0x00,0x00,0x00,0x00,
    0x00,0x00,0x00,0x00,0x00,0x00,0x00,0x00,0x00,0x00,0x00,0x00,0x00,0x00,0x00,0x00,
    0x00,0x00,0x00,0x00,0x00,0x00,0x00,0x00,0x00,0x00,0x00,0x00,0x00,0x00,0x00,0x00,
    0x00,0x00,0x00,0x00,0x00,0x00,0x00,0x00,0x00,0x00,0x00,0x00,0x00,0x00,0x00,0x00,
    0x00,0x00,0x00,0x00,0x00,0x00,0x00,0x00,0x00,0x00,0x00,0x00,0x00,0x00,0x00,0x00,
    0x00,0x00,0x00,0x00,0x00,0x00,0x00,0x00,0x00,0x00,0x00,0x00,0x00,0x00,0x00,0x00,
    0x00,0x00,0x00,0x00,0x00,0x00,0x00,0x00,0x00,0x00,0x00,0x00,0x00,0x00,0x00,0x00,
    0x00,0x00,0x00,0x00,0x00,0x00,0x00,0x00,0x00,0x00,0x00,0x00,0x00,0x00,0x00,0x00,
    0x00,0x00,0x00,0x00,0x00,0x00,0x00,0x00,0x00,0x00,0x00,0x00,0x00,0x00,0x00,0x00,
    0x00,0x00,0x00,0x00,0x00,0x00,0x00,0x00,0x00,0x00,0x00,0x00,0x00,0x00,0x00,0x00,
    0x00,0x00,0x00,0x00,0x00,0x00,0x00,0x00,0x00,0x00,0x00,0x00,0x00,0x00,0x00,0x00,
    0x00,0x00,0x00,0x00,0x00,0x00,0x00,0x00,0x00,0x00,0x00,0x00,0x00,0x00,0x00,0x00,
    0x00,0x00,0x00,0x00,0x00,0x00,0x00,0x00,0x00,0x00,0x00,0x00,0x00,0x00,0x00,0x00,
    0x00,0x00,0x00,0x00,0x00,0x00,0x00,0x00,0x00,0x00,0x00,0x00,0x00,0x00,0x00,0x00,
    0x00,0x00,0x00,0x00,0x00,0x00,0x00,0x00,0x00,0x00,0x00,0x00,0x00,0x00,0x00,0x00,
    0x00,0x00,0x00,0x00,0x00,0x00,0x00,0x00,0x00,0x00,0x00,0x00,0x00,0x00,0x00,0x00,
    0x00,0x00,0x00,0x00,0x00,0x00,0x00,0x00,0x00,0x00,0x00,0x00,0x00,0x00,0x00,0x00,
    0x00,0x00,0x00,0x00,0x00,0x00,0x00,0x00,0x00,0x00,0x00,0x00,0x00,0x00,0x00,0x00,
    0x00,0x00,0x00,0x00,0x00,0x00,0x00,0x00,0x00,0x00,0x00,0x00,0x00,0x00,0x00,0x00,
    0x00,0x00,0x00,0x00,0x00,0x00,0x00,0x00,0x00,0x00,0x00,0x00,0x00,0x00,0x00,0x00,
    0x00,0x00,0x00,0x00,0x00,0x00,0x00,0x00,0x00,0x00,0x00,0x00,0x00,0x00,0x00,0x00,
    0x00,0x00,0x00,0x00,0x00,0x00,0x00,0x00,0x00,0x00,0x00,0x00,0x00,0x00,0x00,0x00,
    0x00,0x00,0x00,0x00,0x00,0x00,0x00,0x00,0x00,0x00,0x00,0x00,0x00,0x00,0x00,0x00,
    0x00,0x00,0x00,0x00,0x00,0x00,0x00,0x00,0x00,0x00,0x00,0x00,0x00,0x00,0x00,0x00,
    0x00,0x00,0x00,0x00,0x00,0x00,0x00,0x00,0x00,0x00,0x00,0x00,0x75,0x25,0x94,0xFF,
    0x75,0x25,0x94,0xFF,0x75,0x25,0x94,0xFF,0x75,0x25,0x94,0xFF,0x75,0x25,0x94,0xFF,
    0x75,0x25,0x94,0xFF,0x75,0x25,0x94,0xFF,0x75,0x25,0x94,0xFF,0x75,0x25,0x94,0xFF,
    0x75,0x25,0x94,0xFF,0x75,0x25,0x94,0xFF,0x00,0x00,0x00,0x00,0x00,0x00,0x00,0x00,
    0x00,0x00,0x00,0x00,0x00,0x00,0x00,0x00,0x00,0x00,0x00,0x00,0x00,0x00,0x00,0x00,
    0x00,0x00,0x00,0x00,0x00,0x00,0x00,0x00,0x00,0x00,0x00,0x00,0x00,0x00,0x00,0x00,
    0x00,0x00,0x00,0x00,0x00,0x00,0x00,0x00,0x00,0x00,0x00,0x00,0x00,0x00,0x00,0x00,
    0x00,0x00,0x00,0x00,0x00,0x00,0x00,0x00,0x00,0x00,0x00,0x00,0x00,0x00,0x00,0x00,
    0x00,0x00,0x00,0x00,0x75,0x25,0x94,0xFF,0x75,0x25,0x94,0xFF,0x75,0x25,0x94,0xFF,
    0x2A,0x0A,0x2A,0xFF,0x2A,0x0A,0x2A,0xFF,0x2A,0x0A,0x2A,0xFF,0x2A,0x0A,0x2A,0xFF,
    0x2A,0x0A,0x2A,0xFF,0x2A,0x0A,0x2A,0xFF,0x2A,0x0A,0x2A,0xFF,0x2A,0x0A,0x2A,0xFF,
    0x2A,0x0A,0x2A,0xFF,0x75,0x25,0x94,0xFF,0x75,0x25,0x94,0xFF,0x75,0x25,0x94,0xFF,
    0x00,0x00,0x00,0x00,0x00,0x00,0x00,0x00,0x00,0x00,0x00,0x00,0x00,0x00,0x00,0x00,
    0x00,0x00,0x00,0x00,0x00,0x00,0x00,0x00,0x00,0x00,0x00,0x00,0x00,0x00,0x00,0x00,
    0x00,0x00,0x00,0x00,0x00,0x00,0x00,0x00,0x00,0x00,0x00,0x00,0x00,0x00,0x00,0x00,
    0x00,0x00,0x00,0x00,0x00,0x00,0x00,0x00,0x00,0x00,0x00,0x00,0x00,0x00,0x00,0x00,
    0x75,0x25,0x94,0xFF,0x75,0x25,0x94,0xFF,0x2A,0x0A,0x2A,0xFF,0x2A,0x0A,0x2A,0xFF,
    0x2A,0x0A,0x2A,0xFF,0x2A,0x0A,0x2A,0xFF,0x2A,0x0A,0x2A,0xFF,0x2A,0x0A,0x2A,0xFF,
    0x2A,0x0A,0x2A,0xFF,0x2A,0x0A,0x2A,0xFF,0x2A,0x0A,0x2A,0xFF,0x2A,0x0A,0x2A,0xFF,
    0x2A,0x0A,0x2A,0xFF,0x2A,0x0A,0x2A,0xFF,0x2A,0x0A,0x2A,0xFF,0x75,0x25,0x94,0xFF,
    0x75,0x25,0x94,0xFF,0x00,0x00,0x00,0x00,0x00,0x00,0x00,0x00,0x00,0x00,0x00,0x00,
    0x00,0x00,0x00,0x00,0x00,0x00,0x00,0x00,0x00,0x00,0x00,0x00,0x00,0x00,0x00,0x00,
    0x00,0x00,0x00,0x00,0x00,0x00,0x00,0x00,0x00,0x00,0x00,0x00,0x00,0x00,0x00,0x00,
    0x00,0x00,0x00,0x00,0x00,0x00,0x00,0x00,0x00,0x00,0x00,0x00,0x75,0x25,0x94,0xFF,
    0x2A,0x0A,0x2A,0xFF,0x2A,0x0A,0x2A,0xFF,0x2A,0x0A,0x2A,0xFF,0x2A,0x0A,0x2A,0xFF,
    0x2A,0x0A,0x2A,0xFF,0x2A,0x0A,0x2A,0xFF,0x2A,0x0A,0x2A,0xFF,0x2A,0x0A,0x2A,0xFF,
    0x2A,0x0A,0x2A,0xFF,0x2A,0x0A,0x2A,0xFF,0x2A,0x0A,0x2A,0xFF,0x2A,0x0A,0x2A,0xFF,
    0x2A,0x0A,0x2A,0xFF,0x2A,0x0A,0x2A,0xFF,0x2A,0x0A,0x2A,0xFF,0x2A,0x0A,0x2A,0xFF,
    0x2A,0x0A,0x2A,0xFF,0x75,0x25,0x94,0xFF,0x00,0x00,0x00,0x00,0x00,0x00,0x00,0x00,
    0x00,0x00,0x00,0x00,0x00,0x00,0x00,0x00,0x00,0x00,0x00,0x00,0x00,0x00,0x00,0x00,
    0x00,0x00,0x00,0x00,0x00,0x00,0x00,0x00,0x00,0x00,0x00,0x00,0x00,0x00,0x00,0x00,
    0x00,0x00,0x00,0x00,0x00,0x00,0x00,0x00,0x75,0x25,0x94,0xFF,0x2A,0x0A,0x2A,0xFF,
    0x2A,0x0A,0x2A,0xFF,0x2A,0x0A,0x2A,0xFF,0x2A,0x0A,0x2A,0xFF,0x2A,0x0A,0x2A,0xFF,
    0x2A,0x0A,0x2A,0xFF,0x2A,0x0A,0x2A,0xFF,0x2A,0x0A,0x2A,0xFF,0x2A,0x0A,0x2A,0xFF,
    0x2A,0x0A,0x2A,0xFF,0x2A,0x0A,0x2A,0xFF,0x2A,0x0A,0x2A,0xFF,0x2A,0x0A,0x2A,0xFF,
    0x2A,0x0A,0x2A,0xFF,0x2A,0x0A,0x2A,0xFF,0x2A,0x0A,0x2A,0xFF,0x2A,0x0A,0x2A,0xFF,
    0x2A,0x0A,0x2A,0xFF,0x2A,0x0A,0x2A,0xFF,0x75,0x25,0x94,0xFF,0x00,0x00,0x00,0x00,
    0x00,0x00,0x00,0x00,0x00,0x00,0x00,0x00,0x00,0x00,0x00,0x00,0x00,0x00,0x00,0x00,
    0x00,0x00,0x00,0x00,0x00,0x00,0x00,0x00,0x00,0x00,0x00,0x00,0x00,0x00,0x00,0x00,
    0x00,0x00,0x00,0x00,0x75,0x25,0x94,0xFF,0x2A,0x0A,0x2A,0xFF,0x2A,0x0A,0x2A,0xFF,
    0x2A,0x0A,0x2A,0xFF,0x2A,0x0A,0x2A,0xFF,0x2A,0x0A,0x2A,0xFF,0x2A,0x0A,0x2A,0xFF,
    0x2A,0x0A,0x2A,0xFF,0x2A,0x0A,0x2A,0xFF,0x2A,0x0A,0x2A,0xFF,0x2A,0x0A,0x2A,0xFF,
    0x2A,0x0A,0x2A,0xFF,0x2A,0x0A,0x2A,0xFF,0x2A,0x0A,0x2A,0xFF,0x2A,0x0A,0x2A,0xFF,
    0x2A,0x0A,0x2A,0xFF,0x2A,0x0A,0x2A,0xFF,0x2A,0x0A,0x2A,0xFF,0x2A,0x0A,0x2A,0xFF,
    0x2A,0x0A,0x2A,0xFF,0x2A,0x0A,0x2A,0xFF,0x2A,0x0A,0x2A,0xFF,0x75,0x25,0x94,0xFF,
    0x00,0x00,0x00,0x00,0x00,0x00,0x00,0x00,0x00,0x00,0x00,0x00,0x00,0x00,0x00,0x00,
    0x00,0x00,0x00,0x00,0x00,0x00,0x00,0x00,0x00,0x00,0x00,0x00,0x00,0x00,0x00,0x00,
    0x75,0x25,0x94,0xFF,0x75,0x25,0x94,0xFF,0x2A,0x0A,0x2A,0xFF,0x2A,0x0A,0x2A,0xFF,
    0x2A,0x0A,0x2A,0xFF,0x2A,0x0A,0x2A,0xFF,0x2A,0x0A,0x2A,0xFF,0x2A,0x0A,0x2A,0xFF,
    0x2A,0x0A,0x2A,0xFF,0x2A,0x0A,0x2A,0xFF,0x2A,0x0A,0x2A,0xFF,0x2A,0x0A,0x2A,0xFF,
    0x2A,0x0A,0x2A,0xFF,0x2A,0x0A,0x2A,0xFF,0x2A,0x0A,0x2A,0xFF,0x2A,0x0A,0x2A,0xFF,
    0x2A,0x0A,0x2A,0xFF,0x2A,0x0A,0x2A,0xFF,0x2A,0x0A,0x2A,0xFF,0x2A,0x0A,0x2A,0xFF,
    0x2A,0x0A,0x2A,0xFF,0x2A,0x0A,0x2A,0xFF,0x2A,0x0A,0x2A,0xFF,0x75,0x25,0x94,0xFF,
    0x75,0x25,0x94,0xFF,0x00,0x00,0x00,0x00,0x00,0x00,0x00,0x00,0x00,0x00,0x00,0x00,
    0x00,0x00,0x00,0x00,0x00,0x00,0x00,0x00,0x00,0x00,0x00,0x00,0x00,0x00,0x00,0x00,
    0x75,0x25,0x94,0xFF,0x2A,0x0A,0x2A,0xFF,0x2A,0x0A,0x2A,0xFF,0x2A,0x0A,0x2A,0xFF,
    0x2A,0x0A,0x2A,0xFF,0x2A,0x0A,0x2A,0xFF,0x2A,0x0A,0x2A,0xFF,0x2A,0x0A,0x2A,0xFF,
    0x2A,0x0A,0x2A,0xFF,0x2A,0x0A,0x2A,0xFF,0x2A,0x0A,0x2A,0xFF,0x2A,0x0A,0x2A,0xFF,
    0x2A,0x0A,0x2A,0xFF,0x2A,0x0A,0x2A,0xFF,0x2A,0x0A,0x2A,0xFF,0x2A,0x0A,0x2A,0xFF,
    0x2A,0x0A,0x2A,0xFF,0x2A,0x0A,0x2A,0xFF,0x2A,0x0A,0x2A,0xFF,0x2A,0x0A,0x2A,0xFF,
    0x2A,0x0A,0x2A,0xFF,0x2A,0x0A,0x2A,0xFF,0x2A,0x0A,0x2A,0xFF,0x2A,0x0A,0x2A,0xFF,
    0x75,0x25,0x94,0xFF,0x00,0x00,0x00,0x00,0x00,0x00,0x00,0x00,0x00,0x00,0x00,0x00,
    0x00,0x00,0x00,0x00,0x00,0x00,0x00,0x00,0x00,0x00,0x00,0x00,0x75,0x25,0x94,0xFF,
    0x75,0x25,0x94,0xFF,0x2A,0x0A,0x2A,0xFF,0x2A,0x0A,0x2A,0xFF,0x2A,0x0A,0x2A,0xFF,
    0x2A,0x0A,0x2A,0xFF,0x2A,0x0A,0x2A,0xFF,0x2A,0x0A,0x2A,0xFF,0x2A,0x0A,0x2A,0xFF,
    0x2A,0x0A,0x2A,0xFF,0x2A,0x0A,0x2A,0xFF,0x2A,0x0A,0x2A,0xFF,0x2A,0x0A,0x2A,0xFF,
    0x2A,0x0A,0x2A,0xFF,0x2A,0x0A,0x2A,0xFF,0x2A,0x0A,0x2A,0xFF,0x2A,0x0A,0x2A,0xFF,
    0x2A,0x0A,0x2A,0xFF,0x2A,0x0A,0x2A,0xFF,0x2A,0x0A,0x2A,0xFF,0x2A,0x0A,0x2A,0xFF,
    0x2A,0x0A,0x2A,0xFF,0x2A,0x0A,0x2A,0xFF,0x2A,0x0A,0x2A,0xFF,0x2A,0x0A,0x2A,0xFF,
    0x75,0x25,0x94,0xFF,0x75,0x25,0x94,0xFF,0x00,0x00,0x00,0x00,0x00,0x00,0x00,0x00,
    0x00,0x00,0x00,0x00,0x00,0x00,0x00,0x00,0x00,0x00,0x00,0x00,0x75,0x25,0x94,0xFF,
    0x2A,0x0A,0x2A,0xFF,0x2A,0x0A,0x2A,0xFF,0x2A,0x0A,0x2A,0xFF,0x2A,0x0A,0x2A,0xFF,
    0x2A,0x0A,0x2A,0xFF,0x2A,0x0A,0x2A,0xFF,0x2A,0x0A,0x2A,0xFF,0x2A,0x0A,0x2A,0xFF,
    0x2A,0x0A,0x2A,0xFF,0x2A,0x0A,0x2A,0xFF,0x2A,0x0A,0x2A,0xFF,0x2A,0x0A,0x2A,0xFF,
    0x2A,0x0A,0x2A,0xFF,0x2A,0x0A,0x2A,0xFF,0x2A,0x0A,0x2A,0xFF,0x2A,0x0A,0x2A,0xFF,
    0x2A,0x0A,0x2A,0xFF,0x2A,0x0A,0x2A,0xFF,0x2A,0x0A,0x2A,0xFF,0x2A,0x0A,0x2A,0xFF,
    0x2A,0x0A,0x2A,0xFF,0x2A,0x0A,0x2A,0xFF,0x2A,0x0A,0x2A,0xFF,0x2A,0x0A,0x2A,0xFF,
    0x2A,0x0A,0x2A,0xFF,0x75,0x25,0x94,0xFF,0x00,0x00,0x00,0x00,0x00,0x00,0x00,0x00,
    0x00,0x00,0x00,0x00,0x00,0x00,0x00,0x00,0x00,0x00,0x00,0x00,0x75,0x25,0x94,0xFF,
    0x2A,0x0A,0x2A,0xFF,0x2A,0x0A,0x2A,0xFF,0x2A,0x0A,0x2A,0xFF,0x2A,0x0A,0x2A,0xFF,
    0x2A,0x0A,0x2A,0xFF,0x2A,0x0A,0x2A,0xFF,0x2A,0x0A,0x2A,0xFF,0x2A,0x0A,0x2A,0xFF,
    0x2A,0x0A,0x2A,0xFF,0x2A,0x0A,0x2A,0xFF,0x2A,0x0A,0x2A,0xFF,0x2A,0x0A,0x2A,0xFF,
    0x2A,0x0A,0x2A,0xFF,0x2A,0x0A,0x2A,0xFF,0x2A,0x0A,0x2A,0xFF,0x2A,0x0A,0x2A,0xFF,
    0x2A,0x0A,0x2A,0xFF,0x2A,0x0A,0x2A,0xFF,0x2A,0x0A,0x2A,0xFF,0x2A,0x0A,0x2A,0xFF,
    0x2A,0x0A,0x2A,0xFF,0x2A,0x0A,0x2A,0xFF,0x2A,0x0A,0x2A,0xFF,0x2A,0x0A,0x2A,0xFF,
    0x2A,0x0A,0x2A,0xFF,0x75,0x25,0x94,0xFF,0x00,0x00,0x00,0x00,0x00,0x00,0x00,0x00,
    0x00,0x00,0x00,0x00,0x00,0x00,0x00,0x00,0x00,0x00,0x00,0x00,0x75,0x25,0x94,0xFF,
    0x2A,0x0A,0x2A,0xFF,0x2A,0x0A,0x2A,0xFF,0x2A,0x0A,0x2A,0xFF,0x2A,0x0A,0x2A,0xFF,
    0x2A,0x0A,0x2A,0xFF,0x2A,0x0A,0x2A,0xFF,0x2A,0x0A,0x2A,0xFF,0x2A,0x0A,0x2A,0xFF,
    0x2A,0x0A,0x2A,0xFF,0x2A,0x0A,0x2A,0xFF,0x2A,0x0A,0x2A,0xFF,0x2A,0x0A,0x2A,0xFF,
    0x2A,0x0A,0x2A,0xFF,0x2A,0x0A,0x2A,0xFF,0x2A,0x0A,0x2A,0xFF,0x2A,0x0A,0x2A,0xFF,
    0x2A,0x0A,0x2A,0xFF,0x2A,0x0A,0x2A,0xFF,0x2A,0x0A,0x2A,0xFF,0x2A,0x0A,0x2A,0xFF,
    0x2A,0x0A,0x2A,0xFF,0x2A,0x0A,0x2A,0xFF,0x2A,0x0A,0x2A,0xFF,0x2A,0x0A,0x2A,0xFF,
    0x2A,0x0A,0x2A,0xFF,0x75,0x25,0x94,0xFF,0x00,0x00,0x00,0x00,0x00,0x00,0x00,0x00,
    0x00,0x00,0x00,0x00,0x00,0x00,0x00,0x00,0x00,0x00,0x00,0x00,0x75,0x25,0x94,0xFF,
    0x2A,0x0A,0x2A,0xFF,0x2A,0x0A,0x2A,0xFF,0x2A,0x0A,0x2A,0xFF,0x2A,0x0A,0x2A,0xFF,
    0x2A,0x0A,0x2A,0xFF,0x2A,0x0A,0x2A,0xFF,0x2A,0x0A,0x2A,0xFF,0x2A,0x0A,0x2A,0xFF,
    0x2A,0x0A,0x2A,0xFF,0x2A,0x0A,0x2A,0xFF,0x2A,0x0A,0x2A,0xFF,0x2A,0x0A,0x2A,0xFF,
    0x2A,0x0A,0x2A,0xFF,0x2A,0x0A,0x2A,0xFF,0x2A,0x0A,0x2A,0xFF,0x2A,0x0A,0x2A,0xFF,
    0x2A,0x0A,0x2A,0xFF,0x2A,0x0A,0x2A,0xFF,0x2A,0x0A,0x2A,0xFF,0x2A,0x0A,0x2A,0xFF,
    0x2A,0x0A,0x2A,0xFF,0x2A,0x0A,0x2A,0xFF,0x2A,0x0A,0x2A,0xFF,0x2A,0x0A,0x2A,0xFF,
    0x2A,0x0A,0x2A,0xFF,0x75,0x25,0x94,0xFF,0x00,0x00,0x00,0x00,0x00,0x00,0x00,0x00,
    0x00,0x00,0x00,0x00,0x00,0x00,0x00,0x00,0x00,0x00,0x00,0x00,0x75,0x25,0x94,0xFF,
    0x2A,0x0A,0x2A,0xFF,0x2A,0x0A,0x2A,0xFF,0x2A,0x0A,0x2A,0xFF,0x2A,0x0A,0x2A,0xFF,
    0x2A,0x0A,0x2A,0xFF,0x2A,0x0A,0x2A,0xFF,0x2A,0x0A,0x2A,0xFF,0x2A,0x0A,0x2A,0xFF,
    0x2A,0x0A,0x2A,0xFF,0x2A,0x0A,0x2A,0xFF,0x2A,0x0A,0x2A,0xFF,0x2A,0x0A,0x2A,0xFF,
    0x2A,0x0A,0x2A,0xFF,0x2A,0x0A,0x2A,0xFF,0x2A,0x0A,0x2A,0xFF,0x2A,0x0A,0x2A,0xFF,
    0x2A,0x0A,0x2A,0xFF,0x2A,0x0A,0x2A,0xFF,0x2A,0x0A,0x2A,0xFF,0x2A,0x0A,0x2A,0xFF,
    0x2A,0x0A,0x2A,0xFF,0x2A,0x0A,0x2A,0xFF,0x2A,0x0A,0x2A,0xFF,0x2A,0x0A,0x2A,0xFF,
    0x2A,0x0A,0x2A,0xFF,0x75,0x25,0x94,0xFF,0x00,0x00,0x00,0x00,0x00,0x00,0x00,0x00,
    0x00,0x00,0x00,0x00,0x00,0x00,0x00,0x00,0x00,0x00,0x00,0x00,0x75,0x25,0x94,0xFF,
    0x2A,0x0A,0x2A,0xFF,0x2A,0x0A,0x2A,0xFF,0x2A,0x0A,0x2A,0xFF,0x2A,0x0A,0x2A,0xFF,
    0x2A,0x0A,0x2A,0xFF,0x2A,0x0A,0x2A,0xFF,0x2A,0x0A,0x2A,0xFF,0x2A,0x0A,0x2A,0xFF,
    0x2A,0x0A,0x2A,0xFF,0x2A,0x0A,0x2A,0xFF,0x2A,0x0A,0x2A,0xFF,0x2A,0x0A,0x2A,0xFF,
    0x2A,0x0A,0x2A,0xFF,0x2A,0x0A,0x2A,0xFF,0x2A,0x0A,0x2A,0xFF,0x2A,0x0A,0x2A,0xFF,
    0x2A,0x0A,0x2A,0xFF,0x2A,0x0A,0x2A,0xFF,0x2A,0x0A,0x2A,0xFF,0x2A,0x0A,0x2A,0xFF,
    0x2A,0x0A,0x2A,0xFF,0x2A,0x0A,0x2A,0xFF,0x2A,0x0A,0x2A,0xFF,0x2A,0x0A,0x2A,0xFF,
    0x2A,0x0A,0x2A,0xFF,0x75,0x25,0x94,0xFF,0x00,0x00,0x00,0x00,0x00,0x00,0x00,0x00,
    0x00,0x00,0x00,0x00,0x00,0x00,0x00,0x00,0x00,0x00,0x00,0x00,0x75,0x25,0x94,0xFF,
    0x2A,0x0A,0x2A,0xFF,0x2A,0x0A,0x2A,0xFF,0x2A,0x0A,0x2A,0xFF,0x2A,0x0A,0x2A,0xFF,
    0x2A,0x0A,0x2A,0xFF,0x2A,0x0A,0x2A,0xFF,0x2A,0x0A,0x2A,0xFF,0x2A,0x0A,0x2A,0xFF,
    0x2A,0x0A,0x2A,0xFF,0x2A,0x0A,0x2A,0xFF,0x2A,0x0A,0x2A,0xFF,0x2A,0x0A,0x2A,0xFF,
    0x2A,0x0A,0x2A,0xFF,0x2A,0x0A,0x2A,0xFF,0x2A,0x0A,0x2A,0xFF,0x2A,0x0A,0x2A,0xFF,
    0x2A,0x0A,0x2A,0xFF,0x2A,0x0A,0x2A,0xFF,0x2A,0x0A,0x2A,0xFF,0x2A,0x0A,0x2A,0xFF,
    0x2A,0x0A,0x2A,0xFF,0x2A,0x0A,0x2A,0xFF,0x2A,0x0A,0x2A,0xFF,0x2A,0x0A,0x2A,0xFF,
    0x2A,0x0A,0x2A,0xFF,0x75,0x25,0x94,0xFF,0x00,0x00,0x00,0x00,0x00,0x00,0x00,0x00,
    0x00,0x00,0x00,0x00,0x00,0x00,0x00,0x00,0x00,0x00,0x00,0x00,0x75,0x25,0x94,0xFF,
    0x2A,0x0A,0x2A,0xFF,0x2A,0x0A,0x2A,0xFF,0x2A,0x0A,0x2A,0xFF,0x2A,0x0A,0x2A,0xFF,
    0x2A,0x0A,0x2A,0xFF,0x2A,0x0A,0x2A,0xFF,0x2A,0x0A,0x2A,0xFF,0x2A,0x0A,0x2A,0xFF,
    0x2A,0x0A,0x2A,0xFF,0x2A,0x0A,0x2A,0xFF,0x2A,0x0A,0x2A,0xFF,0x2A,0x0A,0x2A,0xFF,
    0x2A,0x0A,0x2A,0xFF,0x2A,0x0A,0x2A,0xFF,0x2A,0x0A,0x2A,0xFF,0x2A,0x0A,0x2A,0xFF,
    0x2A,0x0A,0x2A,0xFF,0x2A,0x0A,0x2A,0xFF,0x2A,0x0A,0x2A,0xFF,0x2A,0x0A,0x2A,0xFF,
    0x2A,0x0A,0x2A,0xFF,0x2A,0x0A,0x2A,0xFF,0x2A,0x0A,0x2A,0xFF,0x2A,0x0A,0x2A,0xFF,
    0x2A,0x0A,0x2A,0xFF,0x75,0x25,0x94,0xFF,0x00,0x00,0x00,0x00,0x00,0x00,0x00,0x00,
    0x00,0x00,0x00,0x00,0x00,0x00,0x00,0x00,0x00,0x00,0x00,0x00,0x75,0x25,0x94,0xFF,
    0x2A,0x0A,0x2A,0xFF,0x2A,0x0A,0x2A,0xFF,0x2A,0x0A,0x2A,0xFF,0x2A,0x0A,0x2A,0xFF,
    0x2A,0x0A,0x2A,0xFF,0x2A,0x0A,0x2A,0xFF,0x2A,0x0A,0x2A,0xFF,0x2A,0x0A,0x2A,0xFF,
    0x2A,0x0A,0x2A,0xFF,0x2A,0x0A,0x2A,0xFF,0x2A,0x0A,0x2A,0xFF,0x2A,0x0A,0x2A,0xFF,
    0x2A,0x0A,0x2A,0xFF,0x2A,0x0A,0x2A,0xFF,0x2A,0x0A,0x2A,0xFF,0x2A,0x0A,0x2A,0xFF,
    0x2A,0x0A,0x2A,0xFF,0x2A,0x0A,0x2A,0xFF,0x2A,0x0A,0x2A,0xFF,0x2A,0x0A,0x2A,0xFF,
    0x2A,0x0A,0x2A,0xFF,0x2A,0x0A,0x2A,0xFF,0x2A,0x0A,0x2A,0xFF,0x2A,0x0A,0x2A,0xFF,
    0x2A,0x0A,0x2A,0xFF,0x75,0x25,0x94,0xFF,0x00,0x00,0x00,0x00,0x00,0x00,0x00,0x00,
    0x00,0x00,0x00,0x00,0x00,0x00,0x00,0x00,0x00,0x00,0x00,0x00,0x75,0x25,0x94,0xFF,
    0x75,0x25,0x94,0xFF,0x2A,0x0A,0x2A,0xFF,0x2A,0x0A,0x2A,0xFF,0x2A,0x0A,0x2A,0xFF,
    0x2A,0x0A,0x2A,0xFF,0x2A,0x0A,0x2A,0xFF,0x2A,0x0A,0x2A,0xFF,0x2A,0x0A,0x2A,0xFF,
    0x2A,0x0A,0x2A,0xFF,0x2A,0x0A,0x2A,0xFF,0x2A,0x0A,0x2A,0xFF,0x2A,0x0A,0x2A,0xFF,
    0x2A,0x0A,0x2A,0xFF,0x2A,0x0A,0x2A,0xFF,0x2A,0x0A,0x2A,0xFF,0x2A,0x0A,0x2A,0xFF,
    0x2A,0x0A,0x2A,0xFF,0x2A,0x0A,0x2A,0xFF,0x2A,0x0A,0x2A,0xFF,0x2A,0x0A,0x2A,0xFF,
    0x2A,0x0A,0x2A,0xFF,0x2A,0x0A,0x2A,0xFF,0x2A,0x0A,0x2A,0xFF,0x2A,0x0A,0x2A,0xFF,
    0x75,0x25,0x94,0xFF,0x75,0x25,0x94,0xFF,0x00,0x00,0x00,0x00,0x00,0x00,0x00,0x00,
    0x00,0x00,0x00,0x00,0x00,0x00,0x00,0x00,0x00,0x00,0x00,0x00,0x00,0x00,0x00,0x00,
    0x75,0x25,0x94,0xFF,0x2A,0x0A,0x2A,0xFF,0x2A,0x0A,0x2A,0xFF,0x2A,0x0A,0x2A,0xFF,
    0x2A,0x0A,0x2A,0xFF,0x2A,0x0A,0x2A,0xFF,0x2A,0x0A,0x2A,0xFF,0x2A,0x0A,0x2A,0xFF,
    0x2A,0x0A,0x2A,0xFF,0x2A,0x0A,0x2A,0xFF,0x2A,0x0A,0x2A,0xFF,0x2A,0x0A,0x2A,0xFF,
    0x2A,0x0A,0x2A,0xFF,0x2A,0x0A,0x2A,0xFF,0x2A,0x0A,0x2A,0xFF,0x2A,0x0A,0x2A,0xFF,
    0x2A,0x0A,0x2A,0xFF,0x2A,0x0A,0x2A,0xFF,0x2A,0x0A,0x2A,0xFF,0x2A,0x0A,0x2A,0xFF,
    0x2A,0x0A,0x2A,0xFF,0x2A,0x0A,0x2A,0xFF,0x2A,0x0A,0x2A,0xFF,0x2A,0x0A,0x2A,0xFF,
    0x75,0x25,0x94,0xFF,0x00,0x00,0x00,0x00,0x00,0x00,0x00,0x00,0x00,0x00,0x00,0x00,
    0x00,0x00,0x00,0x00,0x00,0x00,0x00,0x00,0x00,0x00,0x00,0x00,0x00,0x00,0x00,0x00,
    0x75,0x25,0x94,0xFF,0x75,0x25,0x94,0xFF,0x2A,0x0A,0x2A,0xFF,0x2A,0x0A,0x2A,0xFF,
    0x2A,0x0A,0x2A,0xFF,0x2A,0x0A,0x2A,0xFF,0x2A,0x0A,0x2A,0xFF,0x2A,0x0A,0x2A,0xFF,
    0x2A,0x0A,0x2A,0xFF,0x2A,0x0A,0x2A,0xFF,0x2A,0x0A,0x2A,0xFF,0x2A,0x0A,0x2A,0xFF,
    0x2A,0x0A,0x2A,0xFF,0x2A,0x0A,0x2A,0xFF,0x2A,0x0A,0x2A,0xFF,0x2A,0x0A,0x2A,0xFF,
    0x2A,0x0A,0x2A,0xFF,0x2A,0x0A,0x2A,0xFF,0x2A,0x0A,0x2A,0xFF,0x2A,0x0A,0x2A,0xFF,
    0x2A,0x0A,0x2A,0xFF,0x2A,0x0A,0x2A,0xFF,0x2A,0x0A,0x2A,0xFF,0x75,0x25,0x94,0xFF,
    0x75,0x25,0x94,0xFF,0x00,0x00,0x00,0x00,0x00,0x00,0x00,0x00,0x00,0x00,0x00,0x00,
    0x00,0x00,0x00,0x00,0x00,0x00,0x00,0x00,0x00,0x00,0x00,0x00,0x00,0x00,0x00,0x00,
    0x00,0x00,0x00,0x00,0x75,0x25,0x94,0xFF,0x2A,0x0A,0x2A,0xFF,0x2A,0x0A,0x2A,0xFF,
    0x2A,0x0A,0x2A,0xFF,0x2A,0x0A,0x2A,0xFF,0x2A,0x0A,0x2A,0xFF,0x2A,0x0A,0x2A,0xFF,
    0x2A,0x0A,0x2A,0xFF,0x2A,0x0A,0x2A,0xFF,0x2A,0x0A,0x2A,0xFF,0x2A,0x0A,0x2A,0xFF,
    0x2A,0x0A,0x2A,0xFF,0x2A,0x0A,0x2A,0xFF,0x2A,0x0A,0x2A,0xFF,0x2A,0x0A,0x2A,0xFF,
    0x2A,0x0A,0x2A,0xFF,0x2A,0x0A,0x2A,0xFF,0x2A,0x0A,0x2A,0xFF,0x2A,0x0A,0x2A,0xFF,
    0x2A,0x0A,0x2A,0xFF,0x2A,0x0A,0x2A,0xFF,0x2A,0x0A,0x2A,0xFF,0x75,0x25,0x94,0xFF,
    0x00,0x00,0x00,0x00,0x00,0x00,0x00,0x00,0x00,0x00,0x00,0x00,0x00,0x00,0x00,0x00,
    0x00,0x00,0x00,0x00,0x00,0x00,0x00,0x00,0x00,0x00,0x00,0x00,0x00,0x00,0x00,0x00,
    0x00,0x00,0x00,0x00,0x00,0x00,0x00,0x00,0x75,0x25,0x94,0xFF,0x2A,0x0A,0x2A,0xFF,
    0x2A,0x0A,0x2A,0xFF,0x2A,0x0A,0x2A,0xFF,0x2A,0x0A,0x2A,0xFF,0x2A,0x0A,0x2A,0xFF,
    0x2A,0x0A,0x2A,0xFF,0x2A,0x0A,0x2A,0xFF,0x2A,0x0A,0x2A,0xFF,0x2A,0x0A,0x2A,0xFF,
    0x2A,0x0A,0x2A,0xFF,0x2A,0x0A,0x2A,0xFF,0x2A,0x0A,0x2A,0xFF,0x2A,0x0A,0x2A,0xFF,
    0x2A,0x0A,0x2A,0xFF,0x2A,0x0A,0x2A,0xFF,0x2A,0x0A,0x2A,0xFF,0x2A,0x0A,0x2A,0xFF,
    0x2A,0x0A,0x2A,0xFF,0x2A,0x0A,0x2A,0xFF,0x75,0x25,0x94,0xFF,0x00,0x00,0x00,0x00,
    0x00,0x00,0x00,0x00,0x00,0x00,0x00,0x00,0x00,0x00,0x00,0x00,0x00,0x00,0x00,0x00,
    0x00,0x00,0x00,0x00,0x00,0x00,0x00,0x00,0x00,0x00,0x00,0x00,0x00,0x00,0x00,0x00,
    0x00,0x00,0x00,0x00,0x00,0x00,0x00,0x00,0x00,0x00,0x00,0x00,0x75,0x25,0x94,0xFF,
    0x2A,0x0A,0x2A,0xFF,0x2A,0x0A,0x2A,0xFF,0x2A,0x0A,0x2A,0xFF,0x2A,0x0A,0x2A,0xFF,
    0x2A,0x0A,0x2A,0xFF,0x2A,0x0A,0x2A,0xFF,0x2A,0x0A,0x2A,0xFF,0x2A,0x0A,0x2A,0xFF,
    0x2A,0x0A,0x2A,0xFF,0x2A,0x0A,0x2A,0xFF,0x2A,0x0A,0x2A,0xFF,0x2A,0x0A,0x2A,0xFF,
    0x2A,0x0A,0x2A,0xFF,0x2A,0x0A,0x2A,0xFF,0x2A,0x0A,0x2A,0xFF,0x2A,0x0A,0x2A,0xFF,
    0x2A,0x0A,0x2A,0xFF,0x75,0x25,0x94,0xFF,0x00,0x00,0x00,0x00,0x00,0x00,0x00,0x00,
    0x00,0x00,0x00,0x00,0x00,0x00,0x00,0x00,0x00,0x00,0x00,0x00,0x00,0x00,0x00,0x00,
    0x00,0x00,0x00,0x00,0x00,0x00,0x00,0x00,0x00,0x00,0x00,0x00,0x00,0x00,0x00,0x00,
    0x00,0x00,0x00,0x00,0x00,0x00,0x00,0x00,0x00,0x00,0x00,0x00,0x00,0x00,0x00,0x00,
    0x75,0x25,0x94,0xFF,0x75,0x25,0x94,0xFF,0x2A,0x0A,0x2A,0xFF,0x2A,0x0A,0x2A,0xFF,
    0x2A,0x0A,0x2A,0xFF,0x2A,0x0A,0x2A,0xFF,0x2A,0x0A,0x2A,0xFF,0x2A,0x0A,0x2A,0xFF,
    0x2A,0x0A,0x2A,0xFF,0x2A,0x0A,0x2A,0xFF,0x2A,0x0A,0x2A,0xFF,0x2A,0x0A,0x2A,0xFF,
    0x2A,0x0A,0x2A,0xFF,0x2A,0x0A,0x2A,0xFF,0x2A,0x0A,0x2A,0xFF,0x75,0x25,0x94,0xFF,
    0x75,0x25,0x94,0xFF,0x00,0x00,0x00,0x00,0x00,0x00,0x00,0x00,0x00,0x00,0x00,0x00,
    0x00,0x00,0x00,0x00,0x00,0x00,0x00,0x00,0x00,0x00,0x00,0x00,0x00,0x00,0x00,0x00,
    0x00,0x00,0x00,0x00,0x00,0x00,0x00,0x00,0x00,0x00,0x00,0x00,0x00,0x00,0x00,0x00,
    0x00,0x00,0x00,0x00,0x00,0x00,0x00,0x00,0x00,0x00,0x00,0x00,0x00,0x00,0x00,0x00,
    0x00,0x00,0x00,0x00,0x75,0x25,0x94,0xFF,0x75,0x25,0x94,0xFF,0x75,0x25,0x94,0xFF,
    0x2A,0x0A,0x2A,0xFF,0x2A,0x0A,0x2A,0xFF,0x2A,0x0A,0x2A,0xFF,0x2A,0x0A,0x2A,0xFF,
    0x2A,0x0A,0x2A,0xFF,0x2A,0x0A,0x2A,0xFF,0x2A,0x0A,0x2A,0xFF,0x2A,0x0A,0x2A,0xFF,
    0x2A,0x0A,0x2A,0xFF,0x75,0x25,0x94,0xFF,0x75,0x25,0x94,0xFF,0x75,0x25,0x94,0xFF,
    0x00,0x00,0x00,0x00,0x00,0x00,0x00,0x00,0x00,0x00,0x00,0x00,0x00,0x00,0x00,0x00,
    0x00,0x00,0x00,0x00,0x00,0x00,0x00,0x00,0x00,0x00,0x00,0x00,0x00,0x00,0x00,0x00,
    0x00,0x00,0x00,0x00,0x00,0x00,0x00,0x00,0x00,0x00,0x00,0x00,0x00,0x00,0x00,0x00,
    0x00,0x00,0x00,0x00,0x00,0x00,0x00,0x00,0x00,0x00,0x00,0x00,0x00,0x00,0x00,0x00,
    0x00,0x00,0x00,0x00,0x00,0x00,0x00,0x00,0x00,0x00,0x00,0x00,0x75,0x25,0x94,0xFF,
    0x75,0x25,0x94,0xFF,0x75,0x25,0x94,0xFF,0x75,0x25,0x94,0xFF,0x75,0x25,0x94,0xFF,
    0x75,0x25,0x94,0xFF,0x75,0x25,0x94,0xFF,0x75,0x25,0x94,0xFF,0x75,0x25,0x94,0xFF,
    0x75,0x25,0x94,0xFF,0x75,0x25,0x94,0xFF,0x00,0x00,0x00,0x00,0x00,0x00,0x00,0x00,
    0x00,0x00,0x00,0x00,0x00,0x00,0x00,0x00,0x00,0x00,0x00,0x00,0x00,0x00,0x00,0x00,
    0x00,0x00,0x00,0x00,0x00,0x00,0x00,0x00,0x00,0x00,0x00,0x00,0x00,0x00,0x00,0x00,
    0x00,0x00,0x00,0x00,0x00,0x00,0x00,0x00,0x00,0x00,0x00,0x00,0x00,0x00,0x00,0x00,
    0x00,0x00,0x00,0x00,0x00,0x00,0x00,0x00,0x00,0x00,0x00,0x00,0x00,0x00,0x00,0x00,
    0x00,0x00,0x00,0x00,0x00,0x00,0x00,0x00,0x00,0x00,0x00,0x00,0x00,0x00,0x00,0x00,
    0x00,0x00,0x00,0x00,0x00,0x00,0x00,0x00,0x00,0x00,0x00,0x00,0x00,0x00,0x00,0x00,
    0x00,0x00,0x00,0x00,0x00,0x00,0x00,0x00,0x00,0x00,0x00,0x00,0x00,0x00,0x00,0x00,
    0x00,0x00,0x00,0x00,0x00,0x00,0x00,0x00,0x00,0x00,0x00,0x00,0x00,0x00,0x00,0x00,
    0x00,0x00,0x00,0x00,0x00,0x00,0x00,0x00,0x00,0x00,0x00,0x00,0x00,0x00,0x00,0x00,
    0x00,0x00,0x00,0x00,0x00,0x00,0x00,0x00,0x00,0x00,0x00,0x00,0x00,0x00,0x00,0x00,
    0x00,0x00,0x00,0x00,0x00,0x00,0x00,0x00,0x00,0x00,0x00,0x00,0x00,0x00,0x00,0x00,
    0x00,0x00,0x00,0x00,0x00,0x00,0x00,0x00,0x00,0x00,0x00,0x00,0x00,0x00,0x00,0x00,
    0x00,0x00,0x00,0x00,0x00,0x00,0x00,0x00,0x00,0x00,0x00,0x00,0x00,0x00,0x00,0x00,
    0x00,0x00,0x00,0x00,0x00,0x00,0x00,0x00,0x00,0x00,0x00,0x00,0x00,0x00,0x00,0x00,
    0x00,0x00,0x00,0x00,0x00,0x00,0x00,0x00,0x00,0x00,0x00,0x00,0x00,0x00,0x00,0x00,
    0x00,0x00,0x00,0x00,0x00,0x00,0x00,0x00,0x00,0x00,0x00,0x00,0x00,0x00,0x00,0x00,
    0x00,0x00,0x00,0x00,0x00,0x00,0x00,0x00,0x00,0x00,0x00,0x00,0x00,0x00,0x00,0x00,
    0x00,0x00,0x00,0x00,0x00,0x00,0x00,0x00,0x00,0x00,0x00,0x00,0x00,0x00,0x00,0x00,
};

static const uint8_t icon_data_login_manager[] = {
    0x44,0x52,0x43,0x4F,0x20,0x00,0x20,0x00,0x20,0x00,0x00,0x00,0x00,0x00,0x00,0x00,
    0x00,0x00,0x00,0x00,0x00,0x00,0x00,0x00,0x00,0x00,0x00,0x00,0x00,0x00,0x00,0x00,
    0x00,0x00,0x00,0x00,0x00,0x00,0x00,0x00,0x00,0x00,0x00,0x00,0x00,0x00,0x00,0x00,
    0x00,0x00,0x00,0x00,0x00,0x00,0x00,0x00,0x00,0x00,0x00,0x00,0x00,0x00,0x00,0x00,
    0x00,0x00,0x00,0x00,0x00,0x00,0x00,0x00,0x00,0x00,0x00,0x00,0x00,0x00,0x00,0x00,
    0x00,0x00,0x00,0x00,0x00,0x00,0x00,0x00,0x00,0x00,0x00,0x00,0x00,0x00,0x00,0x00,
    0x00,0x00,0x00,0x00,0x00,0x00,0x00,0x00,0x00,0x00,0x00,0x00,0x00,0x00,0x00,0x00,
    0x00,0x00,0x00,0x00,0x00,0x00,0x00,0x00,0x00,0x00,0x00,0x00,0x00,0x00,0x00,0x00,
    0x00,0x00,0x00,0x00,0x00,0x00,0x00,0x00,0x00,0x00,0x00,0x00,0x00,0x00,0x00,0x00,
    0x00,0x00,0x00,0x00,0x00,0x00,0x00,0x00,0x00,0x00,0x00,0x00,0x00,0x00,0x00,0x00,
    0x00,0x00,0x00,0x00,0x00,0x00,0x00,0x00,0x00,0x00,0x00,0x00,0x00,0x00,0x00,0x00,
    0x00,0x00,0x00,0x00,0x00,0x00,0x00,0x00,0x00,0x00,0x00,0x00,0x00,0x00,0x00,0x00,
    0x00,0x00,0x00,0x00,0x00,0x00,0x00,0x00,0x00,0x00,0x00,0x00,0x00,0x00,0x00,0x00,
    0x00,0x00,0x00,0x00,0x00,0x00,0x00,0x00,0x00,0x00,0x00,0x00,0x00,0x00,0x00,0x00,
    0x00,0x00,0x00,0x00,0x00,0x00,0x00,0x00,0x00,0x00,0x00,0x00,0x00,0x00,0x00,0x00,
    0x00,0x00,0x00,0x00,0x00,0x00,0x00,0x00,0x00,0x00,0x00,0x00,0x00,0x00,0x00,0x00,
    0x00,0x00,0x00,0x00,0x00,0x00,0x00,0x00,0x00,0x00,0x00,0x00,0x00,0x00,0x00,0x00,
    0x00,0x00,0x00,0x00,0x00,0x00,0x00,0x00,0x00,0x00,0x00,0x00,0x00,0x00,0x00,0x00,
    0x00,0x00,0x00,0x00,0x00,0x00,0x00,0x00,0x00,0x00,0x00,0x00,0x00,0x00,0x00,0x00,
    0x00,0x00,0x00,0x00,0x00,0x00,0x00,0x00,0x00,0x00,0x00,0x00,0x00,0x00,0x00,0x00,
    0x00,0x00,0x00,0x00,0x00,0x00,0x00,0x00,0x00,0x00,0x00,0x00,0x00,0x00,0x00,0x00,
    0x00,0x00,0x00,0x00,0x00,0x00,0x00,0x00,0x00,0x00,0x00,0x00,0x00,0x00,0x00,0x00,
    0x00,0x00,0x00,0x00,0x00,0x00,0x00,0x00,0x00,0x00,0x00,0x00,0x00,0x00,0x00,0x00,
    0x00,0x00,0x00,0x00,0x00,0x00,0x00,0x00,0x00,0x00,0x00,0x00,0x00,0x00,0x00,0x00,
    0x00,0x00,0x00,0x00,0x00,0x00,0x00,0x00,0x00,0x00,0x00,0x00,0x00,0x00,0x00,0x00,
    0x00,0x00,0x00,0x00,0x00,0x00,0x00,0x00,0x00,0x00,0x00,0x00,0x00,0x00,0x00,0x00,
    0x00,0x00,0x00,0x00,0x00,0x00,0x00,0x00,0x00,0x00,0x00,0x00,0x00,0x00,0x00,0x00,
    0x00,0x00,0x00,0x00,0x00,0x00,0x00,0x00,0x00,0x00,0x00,0x00,0x94,0x45,0x45,0xFF,
    0x94,0x45,0x45,0xFF,0x94,0x45,0x45,0xFF,0x94,0x45,0x45,0xFF,0x94,0x45,0x45,0xFF,
    0x94,0x45,0x45,0xFF,0x94,0x45,0x45,0xFF,0x94,0x45,0x45,0xFF,0x94,0x45,0x45,0xFF,
    0x94,0x45,0x45,0xFF,0x94,0x45,0x45,0xFF,0x00,0x00,0x00,0x00,0x00,0x00,0x00,0x00,
    0x00,0x00,0x00,0x00,0x00,0x00,0x00,0x00,0x00,0x00,0x00,0x00,0x00,0x00,0x00,0x00,
    0x00,0x00,0x00,0x00,0x00,0x00,0x00,0x00,0x00,0x00,0x00,0x00,0x00,0x00,0x00,0x00,
    0x00,0x00,0x00,0x00,0x00,0x00,0x00,0x00,0x00,0x00,0x00,0x00,0x00,0x00,0x00,0x00,
    0x00,0x00,0x00,0x00,0x00,0x00,0x00,0x00,0x00,0x00,0x00,0x00,0x00,0x00,0x00,0x00,
    0x00,0x00,0x00,0x00,0x94,0x45,0x45,0xFF,0x94,0x45,0x45,0xFF,0x94,0x45,0x45,0xFF,
    0x2A,0x0A,0x0A,0xFF,0x2A,0x0A,0x0A,0xFF,0x2A,0x0A,0x0A,0xFF,0x2A,0x0A,0x0A,0xFF,
    0x2A,0x0A,0x0A,0xFF,0x2A,0x0A,0x0A,0xFF,0x2A,0x0A,0x0A,0xFF,0x2A,0x0A,0x0A,0xFF,
    0x2A,0x0A,0x0A,0xFF,0x94,0x45,0x45,0xFF,0x94,0x45,0x45,0xFF,0x94,0x45,0x45,0xFF,
    0x00,0x00,0x00,0x00,0x00,0x00,0x00,0x00,0x00,0x00,0x00,0x00,0x00,0x00,0x00,0x00,
    0x00,0x00,0x00,0x00,0x00,0x00,0x00,0x00,0x00,0x00,0x00,0x00,0x00,0x00,0x00,0x00,
    0x00,0x00,0x00,0x00,0x00,0x00,0x00,0x00,0x00,0x00,0x00,0x00,0x00,0x00,0x00,0x00,
    0x00,0x00,0x00,0x00,0x00,0x00,0x00,0x00,0x00,0x00,0x00,0x00,0x00,0x00,0x00,0x00,
    0x94,0x45,0x45,0xFF,0x94,0x45,0x45,0xFF,0x2A,0x0A,0x0A,0xFF,0x2A,0x0A,0x0A,0xFF,
    0x2A,0x0A,0x0A,0xFF,0x2A,0x0A,0x0A,0xFF,0x2A,0x0A,0x0A,0xFF,0x2A,0x0A,0x0A,0xFF,
    0x2A,0x0A,0x0A,0xFF,0x2A,0x0A,0x0A,0xFF,0x2A,0x0A,0x0A,0xFF,0x2A,0x0A,0x0A,0xFF,
    0x2A,0x0A,0x0A,0xFF,0x2A,0x0A,0x0A,0xFF,0x2A,0x0A,0x0A,0xFF,0x94,0x45,0x45,0xFF,
    0x94,0x45,0x45,0xFF,0x00,0x00,0x00,0x00,0x00,0x00,0x00,0x00,0x00,0x00,0x00,0x00,
    0x00,0x00,0x00,0x00,0x00,0x00,0x00,0x00,0x00,0x00,0x00,0x00,0x00,0x00,0x00,0x00,
    0x00,0x00,0x00,0x00,0x00,0x00,0x00,0x00,0x00,0x00,0x00,0x00,0x00,0x00,0x00,0x00,
    0x00,0x00,0x00,0x00,0x00,0x00,0x00,0x00,0x00,0x00,0x00,0x00,0x94,0x45,0x45,0xFF,
    0x2A,0x0A,0x0A,0xFF,0x2A,0x0A,0x0A,0xFF,0x2A,0x0A,0x0A,0xFF,0x2A,0x0A,0x0A,0xFF,
    0x2A,0x0A,0x0A,0xFF,0x2A,0x0A,0x0A,0xFF,0x2A,0x0A,0x0A,0xFF,0x2A,0x0A,0x0A,0xFF,
    0x2A,0x0A,0x0A,0xFF,0x2A,0x0A,0x0A,0xFF,0x2A,0x0A,0x0A,0xFF,0x2A,0x0A,0x0A,0xFF,
    0x2A,0x0A,0x0A,0xFF,0x2A,0x0A,0x0A,0xFF,0x2A,0x0A,0x0A,0xFF,0x2A,0x0A,0x0A,0xFF,
    0x2A,0x0A,0x0A,0xFF,0x94,0x45,0x45,0xFF,0x00,0x00,0x00,0x00,0x00,0x00,0x00,0x00,
    0x00,0x00,0x00,0x00,0x00,0x00,0x00,0x00,0x00,0x00,0x00,0x00,0x00,0x00,0x00,0x00,
    0x00,0x00,0x00,0x00,0x00,0x00,0x00,0x00,0x00,0x00,0x00,0x00,0x00,0x00,0x00,0x00,
    0x00,0x00,0x00,0x00,0x00,0x00,0x00,0x00,0x94,0x45,0x45,0xFF,0x2A,0x0A,0x0A,0xFF,
    0x2A,0x0A,0x0A,0xFF,0x2A,0x0A,0x0A,0xFF,0x2A,0x0A,0x0A,0xFF,0x2A,0x0A,0x0A,0xFF,
    0x2A,0x0A,0x0A,0xFF,0x2A,0x0A,0x0A,0xFF,0x2A,0x0A,0x0A,0xFF,0x2A,0x0A,0x0A,0xFF,
    0x2A,0x0A,0x0A,0xFF,0x2A,0x0A,0x0A,0xFF,0x2A,0x0A,0x0A,0xFF,0x2A,0x0A,0x0A,0xFF,
    0x2A,0x0A,0x0A,0xFF,0x2A,0x0A,0x0A,0xFF,0x2A,0x0A,0x0A,0xFF,0x2A,0x0A,0x0A,0xFF,
    0x2A,0x0A,0x0A,0xFF,0x2A,0x0A,0x0A,0xFF,0x94,0x45,0x45,0xFF,0x00,0x00,0x00,0x00,
    0x00,0x00,0x00,0x00,0x00,0x00,0x00,0x00,0x00,0x00,0x00,0x00,0x00,0x00,0x00,0x00,
    0x00,0x00,0x00,0x00,0x00,0x00,0x00,0x00,0x00,0x00,0x00,0x00,0x00,0x00,0x00,0x00,
    0x00,0x00,0x00,0x00,0x94,0x45,0x45,0xFF,0x2A,0x0A,0x0A,0xFF,0x2A,0x0A,0x0A,0xFF,
    0x2A,0x0A,0x0A,0xFF,0x2A,0x0A,0x0A,0xFF,0x2A,0x0A,0x0A,0xFF,0x2A,0x0A,0x0A,0xFF,
    0x2A,0x0A,0x0A,0xFF,0x2A,0x0A,0x0A,0xFF,0x2A,0x0A,0x0A,0xFF,0x2A,0x0A,0x0A,0xFF,
    0x2A,0x0A,0x0A,0xFF,0x2A,0x0A,0x0A,0xFF,0x2A,0x0A,0x0A,0xFF,0x2A,0x0A,0x0A,0xFF,
    0x2A,0x0A,0x0A,0xFF,0x2A,0x0A,0x0A,0xFF,0x2A,0x0A,0x0A,0xFF,0x2A,0x0A,0x0A,0xFF,
    0x2A,0x0A,0x0A,0xFF,0x2A,0x0A,0x0A,0xFF,0x2A,0x0A,0x0A,0xFF,0x94,0x45,0x45,0xFF,
    0x00,0x00,0x00,0x00,0x00,0x00,0x00,0x00,0x00,0x00,0x00,0x00,0x00,0x00,0x00,0x00,
    0x00,0x00,0x00,0x00,0x00,0x00,0x00,0x00,0x00,0x00,0x00,0x00,0x00,0x00,0x00,0x00,
    0x94,0x45,0x45,0xFF,0x94,0x45,0x45,0xFF,0x2A,0x0A,0x0A,0xFF,0x2A,0x0A,0x0A,0xFF,
    0x2A,0x0A,0x0A,0xFF,0x2A,0x0A,0x0A,0xFF,0x2A,0x0A,0x0A,0xFF,0x2A,0x0A,0x0A,0xFF,
    0x2A,0x0A,0x0A,0xFF,0x2A,0x0A,0x0A,0xFF,0x2A,0x0A,0x0A,0xFF,0x2A,0x0A,0x0A,0xFF,
    0x2A,0x0A,0x0A,0xFF,0x2A,0x0A,0x0A,0xFF,0x2A,0x0A,0x0A,0xFF,0x2A,0x0A,0x0A,0xFF,
    0x2A,0x0A,0x0A,0xFF,0x2A,0x0A,0x0A,0xFF,0x2A,0x0A,0x0A,0xFF,0x2A,0x0A,0x0A,0xFF,
    0x2A,0x0A,0x0A,0xFF,0x2A,0x0A,0x0A,0xFF,0x2A,0x0A,0x0A,0xFF,0x94,0x45,0x45,0xFF,
    0x94,0x45,0x45,0xFF,0x00,0x00,0x00,0x00,0x00,0x00,0x00,0x00,0x00,0x00,0x00,0x00,
    0x00,0x00,0x00,0x00,0x00,0x00,0x00,0x00,0x00,0x00,0x00,0x00,0x00,0x00,0x00,0x00,
    0x94,0x45,0x45,0xFF,0x2A,0x0A,0x0A,0xFF,0x2A,0x0A,0x0A,0xFF,0x2A,0x0A,0x0A,0xFF,
    0x2A,0x0A,0x0A,0xFF,0x2A,0x0A,0x0A,0xFF,0x2A,0x0A,0x0A,0xFF,0x2A,0x0A,0x0A,0xFF,
    0x2A,0x0A,0x0A,0xFF,0x2A,0x0A,0x0A,0xFF,0x2A,0x0A,0x0A,0xFF,0x2A,0x0A,0x0A,0xFF,
    0x2A,0x0A,0x0A,0xFF,0x2A,0x0A,0x0A,0xFF,0x2A,0x0A,0x0A,0xFF,0x2A,0x0A,0x0A,0xFF,
    0x2A,0x0A,0x0A,0xFF,0x2A,0x0A,0x0A,0xFF,0x2A,0x0A,0x0A,0xFF,0x2A,0x0A,0x0A,0xFF,
    0x2A,0x0A,0x0A,0xFF,0x2A,0x0A,0x0A,0xFF,0x2A,0x0A,0x0A,0xFF,0x2A,0x0A,0x0A,0xFF,
    0x94,0x45,0x45,0xFF,0x00,0x00,0x00,0x00,0x00,0x00,0x00,0x00,0x00,0x00,0x00,0x00,
    0x00,0x00,0x00,0x00,0x00,0x00,0x00,0x00,0x00,0x00,0x00,0x00,0x94,0x45,0x45,0xFF,
    0x94,0x45,0x45,0xFF,0x2A,0x0A,0x0A,0xFF,0x2A,0x0A,0x0A,0xFF,0x2A,0x0A,0x0A,0xFF,
    0x2A,0x0A,0x0A,0xFF,0x2A,0x0A,0x0A,0xFF,0x2A,0x0A,0x0A,0xFF,0x2A,0x0A,0x0A,0xFF,
    0x2A,0x0A,0x0A,0xFF,0x2A,0x0A,0x0A,0xFF,0x2A,0x0A,0x0A,0xFF,0x2A,0x0A,0x0A,0xFF,
    0x2A,0x0A,0x0A,0xFF,0x2A,0x0A,0x0A,0xFF,0x2A,0x0A,0x0A,0xFF,0x2A,0x0A,0x0A,0xFF,
    0x2A,0x0A,0x0A,0xFF,0x2A,0x0A,0x0A,0xFF,0x2A,0x0A,0x0A,0xFF,0x2A,0x0A,0x0A,0xFF,
    0x2A,0x0A,0x0A,0xFF,0x2A,0x0A,0x0A,0xFF,0x2A,0x0A,0x0A,0xFF,0x2A,0x0A,0x0A,0xFF,
    0x94,0x45,0x45,0xFF,0x94,0x45,0x45,0xFF,0x00,0x00,0x00,0x00,0x00,0x00,0x00,0x00,
    0x00,0x00,0x00,0x00,0x00,0x00,0x00,0x00,0x00,0x00,0x00,0x00,0x94,0x45,0x45,0xFF,
    0x2A,0x0A,0x0A,0xFF,0x2A,0x0A,0x0A,0xFF,0x2A,0x0A,0x0A,0xFF,0x2A,0x0A,0x0A,0xFF,
    0x2A,0x0A,0x0A,0xFF,0x2A,0x0A,0x0A,0xFF,0x2A,0x0A,0x0A,0xFF,0x2A,0x0A,0x0A,0xFF,
    0x2A,0x0A,0x0A,0xFF,0x2A,0x0A,0x0A,0xFF,0x2A,0x0A,0x0A,0xFF,0x2A,0x0A,0x0A,0xFF,
    0x2A,0x0A,0x0A,0xFF,0x2A,0x0A,0x0A,0xFF,0x2A,0x0A,0x0A,0xFF,0x2A,0x0A,0x0A,0xFF,
    0x2A,0x0A,0x0A,0xFF,0x2A,0x0A,0x0A,0xFF,0x2A,0x0A,0x0A,0xFF,0x2A,0x0A,0x0A,0xFF,
    0x2A,0x0A,0x0A,0xFF,0x2A,0x0A,0x0A,0xFF,0x2A,0x0A,0x0A,0xFF,0x2A,0x0A,0x0A,0xFF,
    0x2A,0x0A,0x0A,0xFF,0x94,0x45,0x45,0xFF,0x00,0x00,0x00,0x00,0x00,0x00,0x00,0x00,
    0x00,0x00,0x00,0x00,0x00,0x00,0x00,0x00,0x00,0x00,0x00,0x00,0x94,0x45,0x45,0xFF,
    0x2A,0x0A,0x0A,0xFF,0x2A,0x0A,0x0A,0xFF,0x2A,0x0A,0x0A,0xFF,0x2A,0x0A,0x0A,0xFF,
    0x2A,0x0A,0x0A,0xFF,0x2A,0x0A,0x0A,0xFF,0x2A,0x0A,0x0A,0xFF,0x2A,0x0A,0x0A,0xFF,
    0x2A,0x0A,0x0A,0xFF,0x2A,0x0A,0x0A,0xFF,0x2A,0x0A,0x0A,0xFF,0x2A,0x0A,0x0A,0xFF,
    0x2A,0x0A,0x0A,0xFF,0x2A,0x0A,0x0A,0xFF,0x2A,0x0A,0x0A,0xFF,0x2A,0x0A,0x0A,0xFF,
    0x2A,0x0A,0x0A,0xFF,0x2A,0x0A,0x0A,0xFF,0x2A,0x0A,0x0A,0xFF,0x2A,0x0A,0x0A,0xFF,
    0x2A,0x0A,0x0A,0xFF,0x2A,0x0A,0x0A,0xFF,0x2A,0x0A,0x0A,0xFF,0x2A,0x0A,0x0A,0xFF,
    0x2A,0x0A,0x0A,0xFF,0x94,0x45,0x45,0xFF,0x00,0x00,0x00,0x00,0x00,0x00,0x00,0x00,
    0x00,0x00,0x00,0x00,0x00,0x00,0x00,0x00,0x00,0x00,0x00,0x00,0x94,0x45,0x45,0xFF,
    0x2A,0x0A,0x0A,0xFF,0x2A,0x0A,0x0A,0xFF,0x2A,0x0A,0x0A,0xFF,0x2A,0x0A,0x0A,0xFF,
    0x2A,0x0A,0x0A,0xFF,0x2A,0x0A,0x0A,0xFF,0x2A,0x0A,0x0A,0xFF,0x2A,0x0A,0x0A,0xFF,
    0x2A,0x0A,0x0A,0xFF,0x2A,0x0A,0x0A,0xFF,0x2A,0x0A,0x0A,0xFF,0x2A,0x0A,0x0A,0xFF,
    0x2A,0x0A,0x0A,0xFF,0x2A,0x0A,0x0A,0xFF,0x2A,0x0A,0x0A,0xFF,0x2A,0x0A,0x0A,0xFF,
    0x2A,0x0A,0x0A,0xFF,0x2A,0x0A,0x0A,0xFF,0x2A,0x0A,0x0A,0xFF,0x2A,0x0A,0x0A,0xFF,
    0x2A,0x0A,0x0A,0xFF,0x2A,0x0A,0x0A,0xFF,0x2A,0x0A,0x0A,0xFF,0x2A,0x0A,0x0A,0xFF,
    0x2A,0x0A,0x0A,0xFF,0x94,0x45,0x45,0xFF,0x00,0x00,0x00,0x00,0x00,0x00,0x00,0x00,
    0x00,0x00,0x00,0x00,0x00,0x00,0x00,0x00,0x00,0x00,0x00,0x00,0x94,0x45,0x45,0xFF,
    0x2A,0x0A,0x0A,0xFF,0x2A,0x0A,0x0A,0xFF,0x2A,0x0A,0x0A,0xFF,0x2A,0x0A,0x0A,0xFF,
    0x2A,0x0A,0x0A,0xFF,0x2A,0x0A,0x0A,0xFF,0x2A,0x0A,0x0A,0xFF,0x2A,0x0A,0x0A,0xFF,
    0x2A,0x0A,0x0A,0xFF,0x2A,0x0A,0x0A,0xFF,0x2A,0x0A,0x0A,0xFF,0x2A,0x0A,0x0A,0xFF,
    0x2A,0x0A,0x0A,0xFF,0x2A,0x0A,0x0A,0xFF,0x2A,0x0A,0x0A,0xFF,0x2A,0x0A,0x0A,0xFF,
    0x2A,0x0A,0x0A,0xFF,0x2A,0x0A,0x0A,0xFF,0x2A,0x0A,0x0A,0xFF,0x2A,0x0A,0x0A,0xFF,
    0x2A,0x0A,0x0A,0xFF,0x2A,0x0A,0x0A,0xFF,0x2A,0x0A,0x0A,0xFF,0x2A,0x0A,0x0A,0xFF,
    0x2A,0x0A,0x0A,0xFF,0x94,0x45,0x45,0xFF,0x00,0x00,0x00,0x00,0x00,0x00,0x00,0x00,
    0x00,0x00,0x00,0x00,0x00,0x00,0x00,0x00,0x00,0x00,0x00,0x00,0x94,0x45,0x45,0xFF,
    0x2A,0x0A,0x0A,0xFF,0x2A,0x0A,0x0A,0xFF,0x2A,0x0A,0x0A,0xFF,0x2A,0x0A,0x0A,0xFF,
    0x2A,0x0A,0x0A,0xFF,0x2A,0x0A,0x0A,0xFF,0x2A,0x0A,0x0A,0xFF,0x2A,0x0A,0x0A,0xFF,
    0x2A,0x0A,0x0A,0xFF,0x2A,0x0A,0x0A,0xFF,0x2A,0x0A,0x0A,0xFF,0x2A,0x0A,0x0A,0xFF,
    0x2A,0x0A,0x0A,0xFF,0x2A,0x0A,0x0A,0xFF,0x2A,0x0A,0x0A,0xFF,0x2A,0x0A,0x0A,0xFF,
    0x2A,0x0A,0x0A,0xFF,0x2A,0x0A,0x0A,0xFF,0x2A,0x0A,0x0A,0xFF,0x2A,0x0A,0x0A,0xFF,
    0x2A,0x0A,0x0A,0xFF,0x2A,0x0A,0x0A,0xFF,0x2A,0x0A,0x0A,0xFF,0x2A,0x0A,0x0A,0xFF,
    0x2A,0x0A,0x0A,0xFF,0x94,0x45,0x45,0xFF,0x00,0x00,0x00,0x00,0x00,0x00,0x00,0x00,
    0x00,0x00,0x00,0x00,0x00,0x00,0x00,0x00,0x00,0x00,0x00,0x00,0x94,0x45,0x45,0xFF,
    0x2A,0x0A,0x0A,0xFF,0x2A,0x0A,0x0A,0xFF,0x2A,0x0A,0x0A,0xFF,0x2A,0x0A,0x0A,0xFF,
    0x2A,0x0A,0x0A,0xFF,0x2A,0x0A,0x0A,0xFF,0x2A,0x0A,0x0A,0xFF,0x2A,0x0A,0x0A,0xFF,
    0x2A,0x0A,0x0A,0xFF,0x2A,0x0A,0x0A,0xFF,0x2A,0x0A,0x0A,0xFF,0x2A,0x0A,0x0A,0xFF,
    0x2A,0x0A,0x0A,0xFF,0x2A,0x0A,0x0A,0xFF,0x2A,0x0A,0x0A,0xFF,0x2A,0x0A,0x0A,0xFF,
    0x2A,0x0A,0x0A,0xFF,0x2A,0x0A,0x0A,0xFF,0x2A,0x0A,0x0A,0xFF,0x2A,0x0A,0x0A,0xFF,
    0x2A,0x0A,0x0A,0xFF,0x2A,0x0A,0x0A,0xFF,0x2A,0x0A,0x0A,0xFF,0x2A,0x0A,0x0A,0xFF,
    0x2A,0x0A,0x0A,0xFF,0x94,0x45,0x45,0xFF,0x00,0x00,0x00,0x00,0x00,0x00,0x00,0x00,
    0x00,0x00,0x00,0x00,0x00,0x00,0x00,0x00,0x00,0x00,0x00,0x00,0x94,0x45,0x45,0xFF,
    0x2A,0x0A,0x0A,0xFF,0x2A,0x0A,0x0A,0xFF,0x2A,0x0A,0x0A,0xFF,0x2A,0x0A,0x0A,0xFF,
    0x2A,0x0A,0x0A,0xFF,0x2A,0x0A,0x0A,0xFF,0x2A,0x0A,0x0A,0xFF,0x2A,0x0A,0x0A,0xFF,
    0x2A,0x0A,0x0A,0xFF,0x2A,0x0A,0x0A,0xFF,0x2A,0x0A,0x0A,0xFF,0x2A,0x0A,0x0A,0xFF,
    0x2A,0x0A,0x0A,0xFF,0x2A,0x0A,0x0A,0xFF,0x2A,0x0A,0x0A,0xFF,0x2A,0x0A,0x0A,0xFF,
    0x2A,0x0A,0x0A,0xFF,0x2A,0x0A,0x0A,0xFF,0x2A,0x0A,0x0A,0xFF,0x2A,0x0A,0x0A,0xFF,
    0x2A,0x0A,0x0A,0xFF,0x2A,0x0A,0x0A,0xFF,0x2A,0x0A,0x0A,0xFF,0x2A,0x0A,0x0A,0xFF,
    0x2A,0x0A,0x0A,0xFF,0x94,0x45,0x45,0xFF,0x00,0x00,0x00,0x00,0x00,0x00,0x00,0x00,
    0x00,0x00,0x00,0x00,0x00,0x00,0x00,0x00,0x00,0x00,0x00,0x00,0x94,0x45,0x45,0xFF,
    0x2A,0x0A,0x0A,0xFF,0x2A,0x0A,0x0A,0xFF,0x2A,0x0A,0x0A,0xFF,0x2A,0x0A,0x0A,0xFF,
    0x2A,0x0A,0x0A,0xFF,0x2A,0x0A,0x0A,0xFF,0x2A,0x0A,0x0A,0xFF,0x2A,0x0A,0x0A,0xFF,
    0x2A,0x0A,0x0A,0xFF,0x2A,0x0A,0x0A,0xFF,0x2A,0x0A,0x0A,0xFF,0x2A,0x0A,0x0A,0xFF,
    0x2A,0x0A,0x0A,0xFF,0x2A,0x0A,0x0A,0xFF,0x2A,0x0A,0x0A,0xFF,0x2A,0x0A,0x0A,0xFF,
    0x2A,0x0A,0x0A,0xFF,0x2A,0x0A,0x0A,0xFF,0x2A,0x0A,0x0A,0xFF,0x2A,0x0A,0x0A,0xFF,
    0x2A,0x0A,0x0A,0xFF,0x2A,0x0A,0x0A,0xFF,0x2A,0x0A,0x0A,0xFF,0x2A,0x0A,0x0A,0xFF,
    0x2A,0x0A,0x0A,0xFF,0x94,0x45,0x45,0xFF,0x00,0x00,0x00,0x00,0x00,0x00,0x00,0x00,
    0x00,0x00,0x00,0x00,0x00,0x00,0x00,0x00,0x00,0x00,0x00,0x00,0x94,0x45,0x45,0xFF,
    0x2A,0x0A,0x0A,0xFF,0x2A,0x0A,0x0A,0xFF,0x2A,0x0A,0x0A,0xFF,0x2A,0x0A,0x0A,0xFF,
    0x2A,0x0A,0x0A,0xFF,0x2A,0x0A,0x0A,0xFF,0x2A,0x0A,0x0A,0xFF,0x2A,0x0A,0x0A,0xFF,
    0x2A,0x0A,0x0A,0xFF,0x2A,0x0A,0x0A,0xFF,0x2A,0x0A,0x0A,0xFF,0x2A,0x0A,0x0A,0xFF,
    0x2A,0x0A,0x0A,0xFF,0x2A,0x0A,0x0A,0xFF,0x2A,0x0A,0x0A,0xFF,0x2A,0x0A,0x0A,0xFF,
    0x2A,0x0A,0x0A,0xFF,0x2A,0x0A,0x0A,0xFF,0x2A,0x0A,0x0A,0xFF,0x2A,0x0A,0x0A,0xFF,
    0x2A,0x0A,0x0A,0xFF,0x2A,0x0A,0x0A,0xFF,0x2A,0x0A,0x0A,0xFF,0x2A,0x0A,0x0A,0xFF,
    0x2A,0x0A,0x0A,0xFF,0x94,0x45,0x45,0xFF,0x00,0x00,0x00,0x00,0x00,0x00,0x00,0x00,
    0x00,0x00,0x00,0x00,0x00,0x00,0x00,0x00,0x00,0x00,0x00,0x00,0x94,0x45,0x45,0xFF,
    0x94,0x45,0x45,0xFF,0x2A,0x0A,0x0A,0xFF,0x2A,0x0A,0x0A,0xFF,0x2A,0x0A,0x0A,0xFF,
    0x2A,0x0A,0x0A,0xFF,0x2A,0x0A,0x0A,0xFF,0x2A,0x0A,0x0A,0xFF,0x2A,0x0A,0x0A,0xFF,
    0x2A,0x0A,0x0A,0xFF,0x2A,0x0A,0x0A,0xFF,0x2A,0x0A,0x0A,0xFF,0x2A,0x0A,0x0A,0xFF,
    0x2A,0x0A,0x0A,0xFF,0x2A,0x0A,0x0A,0xFF,0x2A,0x0A,0x0A,0xFF,0x2A,0x0A,0x0A,0xFF,
    0x2A,0x0A,0x0A,0xFF,0x2A,0x0A,0x0A,0xFF,0x2A,0x0A,0x0A,0xFF,0x2A,0x0A,0x0A,0xFF,
    0x2A,0x0A,0x0A,0xFF,0x2A,0x0A,0x0A,0xFF,0x2A,0x0A,0x0A,0xFF,0x2A,0x0A,0x0A,0xFF,
    0x94,0x45,0x45,0xFF,0x94,0x45,0x45,0xFF,0x00,0x00,0x00,0x00,0x00,0x00,0x00,0x00,
    0x00,0x00,0x00,0x00,0x00,0x00,0x00,0x00,0x00,0x00,0x00,0x00,0x00,0x00,0x00,0x00,
    0x94,0x45,0x45,0xFF,0x2A,0x0A,0x0A,0xFF,0x2A,0x0A,0x0A,0xFF,0x2A,0x0A,0x0A,0xFF,
    0x2A,0x0A,0x0A,0xFF,0x2A,0x0A,0x0A,0xFF,0x2A,0x0A,0x0A,0xFF,0x2A,0x0A,0x0A,0xFF,
    0x2A,0x0A,0x0A,0xFF,0x2A,0x0A,0x0A,0xFF,0x2A,0x0A,0x0A,0xFF,0x2A,0x0A,0x0A,0xFF,
    0x2A,0x0A,0x0A,0xFF,0x2A,0x0A,0x0A,0xFF,0x2A,0x0A,0x0A,0xFF,0x2A,0x0A,0x0A,0xFF,
    0x2A,0x0A,0x0A,0xFF,0x2A,0x0A,0x0A,0xFF,0x2A,0x0A,0x0A,0xFF,0x2A,0x0A,0x0A,0xFF,
    0x2A,0x0A,0x0A,0xFF,0x2A,0x0A,0x0A,0xFF,0x2A,0x0A,0x0A,0xFF,0x2A,0x0A,0x0A,0xFF,
    0x94,0x45,0x45,0xFF,0x00,0x00,0x00,0x00,0x00,0x00,0x00,0x00,0x00,0x00,0x00,0x00,
    0x00,0x00,0x00,0x00,0x00,0x00,0x00,0x00,0x00,0x00,0x00,0x00,0x00,0x00,0x00,0x00,
    0x94,0x45,0x45,0xFF,0x94,0x45,0x45,0xFF,0x2A,0x0A,0x0A,0xFF,0x2A,0x0A,0x0A,0xFF,
    0x2A,0x0A,0x0A,0xFF,0x2A,0x0A,0x0A,0xFF,0x2A,0x0A,0x0A,0xFF,0x2A,0x0A,0x0A,0xFF,
    0x2A,0x0A,0x0A,0xFF,0x2A,0x0A,0x0A,0xFF,0x2A,0x0A,0x0A,0xFF,0x2A,0x0A,0x0A,0xFF,
    0x2A,0x0A,0x0A,0xFF,0x2A,0x0A,0x0A,0xFF,0x2A,0x0A,0x0A,0xFF,0x2A,0x0A,0x0A,0xFF,
    0x2A,0x0A,0x0A,0xFF,0x2A,0x0A,0x0A,0xFF,0x2A,0x0A,0x0A,0xFF,0x2A,0x0A,0x0A,0xFF,
    0x2A,0x0A,0x0A,0xFF,0x2A,0x0A,0x0A,0xFF,0x2A,0x0A,0x0A,0xFF,0x94,0x45,0x45,0xFF,
    0x94,0x45,0x45,0xFF,0x00,0x00,0x00,0x00,0x00,0x00,0x00,0x00,0x00,0x00,0x00,0x00,
    0x00,0x00,0x00,0x00,0x00,0x00,0x00,0x00,0x00,0x00,0x00,0x00,0x00,0x00,0x00,0x00,
    0x00,0x00,0x00,0x00,0x94,0x45,0x45,0xFF,0x2A,0x0A,0x0A,0xFF,0x2A,0x0A,0x0A,0xFF,
    0x2A,0x0A,0x0A,0xFF,0x2A,0x0A,0x0A,0xFF,0x2A,0x0A,0x0A,0xFF,0x2A,0x0A,0x0A,0xFF,
    0x2A,0x0A,0x0A,0xFF,0x2A,0x0A,0x0A,0xFF,0x2A,0x0A,0x0A,0xFF,0x2A,0x0A,0x0A,0xFF,
    0x2A,0x0A,0x0A,0xFF,0x2A,0x0A,0x0A,0xFF,0x2A,0x0A,0x0A,0xFF,0x2A,0x0A,0x0A,0xFF,
    0x2A,0x0A,0x0A,0xFF,0x2A,0x0A,0x0A,0xFF,0x2A,0x0A,0x0A,0xFF,0x2A,0x0A,0x0A,0xFF,
    0x2A,0x0A,0x0A,0xFF,0x2A,0x0A,0x0A,0xFF,0x2A,0x0A,0x0A,0xFF,0x94,0x45,0x45,0xFF,
    0x00,0x00,0x00,0x00,0x00,0x00,0x00,0x00,0x00,0x00,0x00,0x00,0x00,0x00,0x00,0x00,
    0x00,0x00,0x00,0x00,0x00,0x00,0x00,0x00,0x00,0x00,0x00,0x00,0x00,0x00,0x00,0x00,
    0x00,0x00,0x00,0x00,0x00,0x00,0x00,0x00,0x94,0x45,0x45,0xFF,0x2A,0x0A,0x0A,0xFF,
    0x2A,0x0A,0x0A,0xFF,0x2A,0x0A,0x0A,0xFF,0x2A,0x0A,0x0A,0xFF,0x2A,0x0A,0x0A,0xFF,
    0x2A,0x0A,0x0A,0xFF,0x2A,0x0A,0x0A,0xFF,0x2A,0x0A,0x0A,0xFF,0x2A,0x0A,0x0A,0xFF,
    0x2A,0x0A,0x0A,0xFF,0x2A,0x0A,0x0A,0xFF,0x2A,0x0A,0x0A,0xFF,0x2A,0x0A,0x0A,0xFF,
    0x2A,0x0A,0x0A,0xFF,0x2A,0x0A,0x0A,0xFF,0x2A,0x0A,0x0A,0xFF,0x2A,0x0A,0x0A,0xFF,
    0x2A,0x0A,0x0A,0xFF,0x2A,0x0A,0x0A,0xFF,0x94,0x45,0x45,0xFF,0x00,0x00,0x00,0x00,
    0x00,0x00,0x00,0x00,0x00,0x00,0x00,0x00,0x00,0x00,0x00,0x00,0x00,0x00,0x00,0x00,
    0x00,0x00,0x00,0x00,0x00,0x00,0x00,0x00,0x00,0x00,0x00,0x00,0x00,0x00,0x00,0x00,
    0x00,0x00,0x00,0x00,0x00,0x00,0x00,0x00,0x00,0x00,0x00,0x00,0x94,0x45,0x45,0xFF,
    0x2A,0x0A,0x0A,0xFF,0x2A,0x0A,0x0A,0xFF,0x2A,0x0A,0x0A,0xFF,0x2A,0x0A,0x0A,0xFF,
    0x2A,0x0A,0x0A,0xFF,0x2A,0x0A,0x0A,0xFF,0x2A,0x0A,0x0A,0xFF,0x2A,0x0A,0x0A,0xFF,
    0x2A,0x0A,0x0A,0xFF,0x2A,0x0A,0x0A,0xFF,0x2A,0x0A,0x0A,0xFF,0x2A,0x0A,0x0A,0xFF,
    0x2A,0x0A,0x0A,0xFF,0x2A,0x0A,0x0A,0xFF,0x2A,0x0A,0x0A,0xFF,0x2A,0x0A,0x0A,0xFF,
    0x2A,0x0A,0x0A,0xFF,0x94,0x45,0x45,0xFF,0x00,0x00,0x00,0x00,0x00,0x00,0x00,0x00,
    0x00,0x00,0x00,0x00,0x00,0x00,0x00,0x00,0x00,0x00,0x00,0x00,0x00,0x00,0x00,0x00,
    0x00,0x00,0x00,0x00,0x00,0x00,0x00,0x00,0x00,0x00,0x00,0x00,0x00,0x00,0x00,0x00,
    0x00,0x00,0x00,0x00,0x00,0x00,0x00,0x00,0x00,0x00,0x00,0x00,0x00,0x00,0x00,0x00,
    0x94,0x45,0x45,0xFF,0x94,0x45,0x45,0xFF,0x2A,0x0A,0x0A,0xFF,0x2A,0x0A,0x0A,0xFF,
    0x2A,0x0A,0x0A,0xFF,0x2A,0x0A,0x0A,0xFF,0x2A,0x0A,0x0A,0xFF,0x2A,0x0A,0x0A,0xFF,
    0x2A,0x0A,0x0A,0xFF,0x2A,0x0A,0x0A,0xFF,0x2A,0x0A,0x0A,0xFF,0x2A,0x0A,0x0A,0xFF,
    0x2A,0x0A,0x0A,0xFF,0x2A,0x0A,0x0A,0xFF,0x2A,0x0A,0x0A,0xFF,0x94,0x45,0x45,0xFF,
    0x94,0x45,0x45,0xFF,0x00,0x00,0x00,0x00,0x00,0x00,0x00,0x00,0x00,0x00,0x00,0x00,
    0x00,0x00,0x00,0x00,0x00,0x00,0x00,0x00,0x00,0x00,0x00,0x00,0x00,0x00,0x00,0x00,
    0x00,0x00,0x00,0x00,0x00,0x00,0x00,0x00,0x00,0x00,0x00,0x00,0x00,0x00,0x00,0x00,
    0x00,0x00,0x00,0x00,0x00,0x00,0x00,0x00,0x00,0x00,0x00,0x00,0x00,0x00,0x00,0x00,
    0x00,0x00,0x00,0x00,0x94,0x45,0x45,0xFF,0x94,0x45,0x45,0xFF,0x94,0x45,0x45,0xFF,
    0x2A,0x0A,0x0A,0xFF,0x2A,0x0A,0x0A,0xFF,0x2A,0x0A,0x0A,0xFF,0x2A,0x0A,0x0A,0xFF,
    0x2A,0x0A,0x0A,0xFF,0x2A,0x0A,0x0A,0xFF,0x2A,0x0A,0x0A,0xFF,0x2A,0x0A,0x0A,0xFF,
    0x2A,0x0A,0x0A,0xFF,0x94,0x45,0x45,0xFF,0x94,0x45,0x45,0xFF,0x94,0x45,0x45,0xFF,
    0x00,0x00,0x00,0x00,0x00,0x00,0x00,0x00,0x00,0x00,0x00,0x00,0x00,0x00,0x00,0x00,
    0x00,0x00,0x00,0x00,0x00,0x00,0x00,0x00,0x00,0x00,0x00,0x00,0x00,0x00,0x00,0x00,
    0x00,0x00,0x00,0x00,0x00,0x00,0x00,0x00,0x00,0x00,0x00,0x00,0x00,0x00,0x00,0x00,
    0x00,0x00,0x00,0x00,0x00,0x00,0x00,0x00,0x00,0x00,0x00,0x00,0x00,0x00,0x00,0x00,
    0x00,0x00,0x00,0x00,0x00,0x00,0x00,0x00,0x00,0x00,0x00,0x00,0x94,0x45,0x45,0xFF,
    0x94,0x45,0x45,0xFF,0x94,0x45,0x45,0xFF,0x94,0x45,0x45,0xFF,0x94,0x45,0x45,0xFF,
    0x94,0x45,0x45,0xFF,0x94,0x45,0x45,0xFF,0x94,0x45,0x45,0xFF,0x94,0x45,0x45,0xFF,
    0x94,0x45,0x45,0xFF,0x94,0x45,0x45,0xFF,0x00,0x00,0x00,0x00,0x00,0x00,0x00,0x00,
    0x00,0x00,0x00,0x00,0x00,0x00,0x00,0x00,0x00,0x00,0x00,0x00,0x00,0x00,0x00,0x00,
    0x00,0x00,0x00,0x00,0x00,0x00,0x00,0x00,0x00,0x00,0x00,0x00,0x00,0x00,0x00,0x00,
    0x00,0x00,0x00,0x00,0x00,0x00,0x00,0x00,0x00,0x00,0x00,0x00,0x00,0x00,0x00,0x00,
    0x00,0x00,0x00,0x00,0x00,0x00,0x00,0x00,0x00,0x00,0x00,0x00,0x00,0x00,0x00,0x00,
    0x00,0x00,0x00,0x00,0x00,0x00,0x00,0x00,0x00,0x00,0x00,0x00,0x00,0x00,0x00,0x00,
    0x00,0x00,0x00,0x00,0x00,0x00,0x00,0x00,0x00,0x00,0x00,0x00,0x00,0x00,0x00,0x00,
    0x00,0x00,0x00,0x00,0x00,0x00,0x00,0x00,0x00,0x00,0x00,0x00,0x00,0x00,0x00,0x00,
    0x00,0x00,0x00,0x00,0x00,0x00,0x00,0x00,0x00,0x00,0x00,0x00,0x00,0x00,0x00,0x00,
    0x00,0x00,0x00,0x00,0x00,0x00,0x00,0x00,0x00,0x00,0x00,0x00,0x00,0x00,0x00,0x00,
    0x00,0x00,0x00,0x00,0x00,0x00,0x00,0x00,0x00,0x00,0x00,0x00,0x00,0x00,0x00,0x00,
    0x00,0x00,0x00,0x00,0x00,0x00,0x00,0x00,0x00,0x00,0x00,0x00,0x00,0x00,0x00,0x00,
    0x00,0x00,0x00,0x00,0x00,0x00,0x00,0x00,0x00,0x00,0x00,0x00,0x00,0x00,0x00,0x00,
    0x00,0x00,0x00,0x00,0x00,0x00,0x00,0x00,0x00,0x00,0x00,0x00,0x00,0x00,0x00,0x00,
    0x00,0x00,0x00,0x00,0x00,0x00,0x00,0x00,0x00,0x00,0x00,0x00,0x00,0x00,0x00,0x00,
    0x00,0x00,0x00,0x00,0x00,0x00,0x00,0x00,0x00,0x00,0x00,0x00,0x00,0x00,0x00,0x00,
    0x00,0x00,0x00,0x00,0x00,0x00,0x00,0x00,0x00,0x00,0x00,0x00,0x00,0x00,0x00,0x00,
    0x00,0x00,0x00,0x00,0x00,0x00,0x00,0x00,0x00,0x00,0x00,0x00,0x00,0x00,0x00,0x00,
    0x00,0x00,0x00,0x00,0x00,0x00,0x00,0x00,0x00,0x00,0x00,0x00,0x00,0x00,0x00,0x00,
};

static const uint8_t icon_data_paint[] = {
    0x44,0x52,0x43,0x4F,0x20,0x00,0x20,0x00,0x20,0x00,0x00,0x00,0x00,0x00,0x00,0x00,
    0x00,0x00,0x00,0x00,0x00,0x00,0x00,0x00,0x00,0x00,0x00,0x00,0x00,0x00,0x00,0x00,
    0x00,0x00,0x00,0x00,0x00,0x00,0x00,0x00,0x00,0x00,0x00,0x00,0x00,0x00,0x00,0x00,
    0x00,0x00,0x00,0x00,0x00,0x00,0x00,0x00,0x00,0x00,0x00,0x00,0x00,0x00,0x00,0x00,
    0x00,0x00,0x00,0x00,0x00,0x00,0x00,0x00,0x00,0x00,0x00,0x00,0x00,0x00,0x00,0x00,
    0x00,0x00,0x00,0x00,0x00,0x00,0x00,0x00,0x00,0x00,0x00,0x00,0x00,0x00,0x00,0x00,
    0x00,0x00,0x00,0x00,0x00,0x00,0x00,0x00,0x00,0x00,0x00,0x00,0x00,0x00,0x00,0x00,
    0x00,0x00,0x00,0x00,0x00,0x00,0x00,0x00,0x00,0x00,0x00,0x00,0x00,0x00,0x00,0x00,
    0x00,0x00,0x00,0x00,0x00,0x00,0x00,0x00,0x00,0x00,0x00,0x00,0x00,0x00,0x00,0x00,
    0x00,0x00,0x00,0x00,0x00,0x00,0x00,0x00,0x00,0x00,0x00,0x00,0x00,0x00,0x00,0x00,
    0x00,0x00,0x00,0x00,0x00,0x00,0x00,0x00,0x00,0x00,0x00,0x00,0x00,0x00,0x00,0x00,
    0x00,0x00,0x00,0x00,0x00,0x00,0x00,0x00,0x00,0x00,0x00,0x00,0x00,0x00,0x00,0x00,
    0x00,0x00,0x00,0x00,0x00,0x00,0x00,0x00,0x00,0x00,0x00,0x00,0x00,0x00,0x00,0x00,
    0x00,0x00,0x00,0x00,0x00,0x00,0x00,0x00,0x00,0x00,0x00,0x00,0x00,0x00,0x00,0x00,
    0x00,0x00,0x00,0x00,0x00,0x00,0x00,0x00,0x00,0x00,0x00,0x00,0x00,0x00,0x00,0x00,
    0x00,0x00,0x00,0x00,0x00,0x00,0x00,0x00,0x00,0x00,0x00,0x00,0x00,0x00,0x00,0x00,
    0x00,0x00,0x00,0x00,0x00,0x00,0x00,0x00,0x00,0x00,0x00,0x00,0x00,0x00,0x00,0x00,
    0x00,0x00,0x00,0x00,0x00,0x00,0x00,0x00,0x00,0x00,0x00,0x00,0x00,0x00,0x00,0x00,
    0x00,0x00,0x00,0x00,0x00,0x00,0x00,0x00,0x00,0x00,0x00,0x00,0x00,0x00,0x00,0x00,
    0x00,0x00,0x00,0x00,0x00,0x00,0x00,0x00,0x00,0x00,0x00,0x00,0x00,0x00,0x00,0x00,
    0x00,0x00,0x00,0x00,0x00,0x00,0x00,0x00,0x00,0x00,0x00,0x00,0x00,0x00,0x00,0x00,
    0x00,0x00,0x00,0x00,0x00,0x00,0x00,0x00,0x00,0x00,0x00,0x00,0x00,0x00,0x00,0x00,
    0x00,0x00,0x00,0x00,0x00,0x00,0x00,0x00,0x00,0x00,0x00,0x00,0x00,0x00,0x00,0x00,
    0x00,0x00,0x00,0x00,0x00,0x00,0x00,0x00,0x00,0x00,0x00,0x00,0x00,0x00,0x00,0x00,
    0x00,0x00,0x00,0x00,0x00,0x00,0x00,0x00,0x00,0x00,0x00,0x00,0x00,0x00,0x00,0x00,
    0x00,0x00,0x00,0x00,0x00,0x00,0x00,0x00,0x00,0x00,0x00,0x00,0x00,0x00,0x00,0x00,
    0x00,0x00,0x00,0x00,0x00,0x00,0x00,0x00,0x00,0x00,0x00,0x00,0x00,0x00,0x00,0x00,
    0x00,0x00,0x00,0x00,0x00,0x00,0x00,0x00,0x00,0x00,0x00,0x00,0x25,0x73,0x94,0xFF,
    0x25,0x73,0x94,0xFF,0x25,0x73,0x94,0xFF,0x25,0x73,0x94,0xFF,0x25,0x73,0x94,0xFF,
    0x25,0x73,0x94,0xFF,0x25,0x73,0x94,0xFF,0x25,0x73,0x94,0xFF,0x25,0x73,0x94,0xFF,
    0x25,0x73,0x94,0xFF,0x25,0x73,0x94,0xFF,0x00,0x00,0x00,0x00,0x00,0x00,0x00,0x00,
    0x00,0x00,0x00,0x00,0x00,0x00,0x00,0x00,0x00,0x00,0x00,0x00,0x00,0x00,0x00,0x00,
    0x00,0x00,0x00,0x00,0x00,0x00,0x00,0x00,0x00,0x00,0x00,0x00,0x00,0x00,0x00,0x00,
    0x00,0x00,0x00,0x00,0x00,0x00,0x00,0x00,0x00,0x00,0x00,0x00,0x00,0x00,0x00,0x00,
    0x00,0x00,0x00,0x00,0x00,0x00,0x00,0x00,0x00,0x00,0x00,0x00,0x00,0x00,0x00,0x00,
    0x00,0x00,0x00,0x00,0x25,0x73,0x94,0xFF,0x25,0x73,0x94,0xFF,0x25,0x73,0x94,0xFF,
    0x0A,0x1A,0x2A,0xFF,0x0A,0x1A,0x2A,0xFF,0x0A,0x1A,0x2A,0xFF,0x0A,0x1A,0x2A,0xFF,
    0x0A,0x1A,0x2A,0xFF,0x0A,0x1A,0x2A,0xFF,0x0A,0x1A,0x2A,0xFF,0x0A,0x1A,0x2A,0xFF,
    0x0A,0x1A,0x2A,0xFF,0x25,0x73,0x94,0xFF,0x25,0x73,0x94,0xFF,0x25,0x73,0x94,0xFF,
    0x00,0x00,0x00,0x00,0x00,0x00,0x00,0x00,0x00,0x00,0x00,0x00,0x00,0x00,0x00,0x00,
    0x00,0x00,0x00,0x00,0x00,0x00,0x00,0x00,0x00,0x00,0x00,0x00,0x00,0x00,0x00,0x00,
    0x00,0x00,0x00,0x00,0x00,0x00,0x00,0x00,0x00,0x00,0x00,0x00,0x00,0x00,0x00,0x00,
    0x00,0x00,0x00,0x00,0x00,0x00,0x00,0x00,0x00,0x00,0x00,0x00,0x00,0x00,0x00,0x00,
    0x25,0x73,0x94,0xFF,0x25,0x73,0x94,0xFF,0x0A,0x1A,0x2A,0xFF,0x0A,0x1A,0x2A,0xFF,
    0x0A,0x1A,0x2A,0xFF,0x0A,0x1A,0x2A,0xFF,0x0A,0x1A,0x2A,0xFF,0x0A,0x1A,0x2A,0xFF,
    0x0A,0x1A,0x2A,0xFF,0x0A,0x1A,0x2A,0xFF,0x0A,0x1A,0x2A,0xFF,0x0A,0x1A,0x2A,0xFF,
    0x0A,0x1A,0x2A,0xFF,0x0A,0x1A,0x2A,0xFF,0x0A,0x1A,0x2A,0xFF,0x25,0x73,0x94,0xFF,
    0x25,0x73,0x94,0xFF,0x00,0x00,0x00,0x00,0x00,0x00,0x00,0x00,0x00,0x00,0x00,0x00,
    0x00,0x00,0x00,0x00,0x00,0x00,0x00,0x00,0x00,0x00,0x00,0x00,0x00,0x00,0x00,0x00,
    0x00,0x00,0x00,0x00,0x00,0x00,0x00,0x00,0x00,0x00,0x00,0x00,0x00,0x00,0x00,0x00,
    0x00,0x00,0x00,0x00,0x00,0x00,0x00,0x00,0x00,0x00,0x00,0x00,0x25,0x73,0x94,0xFF,
    0x0A,0x1A,0x2A,0xFF,0x0A,0x1A,0x2A,0xFF,0x0A,0x1A,0x2A,0xFF,0x0A,0x1A,0x2A,0xFF,
    0x0A,0x1A,0x2A,0xFF,0x0A,0x1A,0x2A,0xFF,0x0A,0x1A,0x2A,0xFF,0x0A,0x1A,0x2A,0xFF,
    0x0A,0x1A,0x2A,0xFF,0x0A,0x1A,0x2A,0xFF,0x0A,0x1A,0x2A,0xFF,0x0A,0x1A,0x2A,0xFF,
    0x0A,0x1A,0x2A,0xFF,0x0A,0x1A,0x2A,0xFF,0x0A,0x1A,0x2A,0xFF,0x0A,0x1A,0x2A,0xFF,
    0x0A,0x1A,0x2A,0xFF,0x25,0x73,0x94,0xFF,0x00,0x00,0x00,0x00,0x00,0x00,0x00,0x00,
    0x00,0x00,0x00,0x00,0x00,0x00,0x00,0x00,0x00,0x00,0x00,0x00,0x00,0x00,0x00,0x00,
    0x00,0x00,0x00,0x00,0x00,0x00,0x00,0x00,0x00,0x00,0x00,0x00,0x00,0x00,0x00,0x00,
    0x00,0x00,0x00,0x00,0x00,0x00,0x00,0x00,0x25,0x73,0x94,0xFF,0x0A,0x1A,0x2A,0xFF,
    0x0A,0x1A,0x2A,0xFF,0x0A,0x1A,0x2A,0xFF,0x0A,0x1A,0x2A,0xFF,0x0A,0x1A,0x2A,0xFF,
    0x0A,0x1A,0x2A,0xFF,0x0A,0x1A,0x2A,0xFF,0x0A,0x1A,0x2A,0xFF,0x0A,0x1A,0x2A,0xFF,
    0x0A,0x1A,0x2A,0xFF,0x0A,0x1A,0x2A,0xFF,0x0A,0x1A,0x2A,0xFF,0x0A,0x1A,0x2A,0xFF,
    0x0A,0x1A,0x2A,0xFF,0x0A,0x1A,0x2A,0xFF,0x0A,0x1A,0x2A,0xFF,0x0A,0x1A,0x2A,0xFF,
    0x0A,0x1A,0x2A,0xFF,0x0A,0x1A,0x2A,0xFF,0x25,0x73,0x94,0xFF,0x00,0x00,0x00,0x00,
    0x00,0x00,0x00,0x00,0x00,0x00,0x00,0x00,0x00,0x00,0x00,0x00,0x00,0x00,0x00,0x00,
    0x00,0x00,0x00,0x00,0x00,0x00,0x00,0x00,0x00,0x00,0x00,0x00,0x00,0x00,0x00,0x00,
    0x00,0x00,0x00,0x00,0x25,0x73,0x94,0xFF,0x0A,0x1A,0x2A,0xFF,0x0A,0x1A,0x2A,0xFF,
    0x0A,0x1A,0x2A,0xFF,0x0A,0x1A,0x2A,0xFF,0x0A,0x1A,0x2A,0xFF,0x0A,0x1A,0x2A,0xFF,
    0x0A,0x1A,0x2A,0xFF,0x0A,0x1A,0x2A,0xFF,0x0A,0x1A,0x2A,0xFF,0x0A,0x1A,0x2A,0xFF,
    0x0A,0x1A,0x2A,0xFF,0x0A,0x1A,0x2A,0xFF,0x0A,0x1A,0x2A,0xFF,0x0A,0x1A,0x2A,0xFF,
    0x0A,0x1A,0x2A,0xFF,0x0A,0x1A,0x2A,0xFF,0x0A,0x1A,0x2A,0xFF,0x0A,0x1A,0x2A,0xFF,
    0x0A,0x1A,0x2A,0xFF,0x0A,0x1A,0x2A,0xFF,0x0A,0x1A,0x2A,0xFF,0x25,0x73,0x94,0xFF,
    0x00,0x00,0x00,0x00,0x00,0x00,0x00,0x00,0x00,0x00,0x00,0x00,0x00,0x00,0x00,0x00,
    0x00,0x00,0x00,0x00,0x00,0x00,0x00,0x00,0x00,0x00,0x00,0x00,0x00,0x00,0x00,0x00,
    0x25,0x73,0x94,0xFF,0x25,0x73,0x94,0xFF,0x0A,0x1A,0x2A,0xFF,0x0A,0x1A,0x2A,0xFF,
    0x0A,0x1A,0x2A,0xFF,0x0A,0x1A,0x2A,0xFF,0x0A,0x1A,0x2A,0xFF,0x0A,0x1A,0x2A,0xFF,
    0x0A,0x1A,0x2A,0xFF,0x0A,0x1A,0x2A,0xFF,0x0A,0x1A,0x2A,0xFF,0x0A,0x1A,0x2A,0xFF,
    0x0A,0x1A,0x2A,0xFF,0x0A,0x1A,0x2A,0xFF,0x0A,0x1A,0x2A,0xFF,0x0A,0x1A,0x2A,0xFF,
    0x0A,0x1A,0x2A,0xFF,0x0A,0x1A,0x2A,0xFF,0x0A,0x1A,0x2A,0xFF,0x0A,0x1A,0x2A,0xFF,
    0x0A,0x1A,0x2A,0xFF,0x0A,0x1A,0x2A,0xFF,0x0A,0x1A,0x2A,0xFF,0x25,0x73,0x94,0xFF,
    0x25,0x73,0x94,0xFF,0x00,0x00,0x00,0x00,0x00,0x00,0x00,0x00,0x00,0x00,0x00,0x00,
    0x00,0x00,0x00,0x00,0x00,0x00,0x00,0x00,0x00,0x00,0x00,0x00,0x00,0x00,0x00,0x00,
    0x25,0x73,0x94,0xFF,0x0A,0x1A,0x2A,0xFF,0x0A,0x1A,0x2A,0xFF,0x0A,0x1A,0x2A,0xFF,
    0x0A,0x1A,0x2A,0xFF,0x0A,0x1A,0x2A,0xFF,0x0A,0x1A,0x2A,0xFF,0x0A,0x1A,0x2A,0xFF,
    0x0A,0x1A,0x2A,0xFF,0x0A,0x1A,0x2A,0xFF,0x0A,0x1A,0x2A,0xFF,0x0A,0x1A,0x2A,0xFF,
    0x0A,0x1A,0x2A,0xFF,0x0A,0x1A,0x2A,0xFF,0x0A,0x1A,0x2A,0xFF,0x0A,0x1A,0x2A,0xFF,
    0x0A,0x1A,0x2A,0xFF,0x0A,0x1A,0x2A,0xFF,0x0A,0x1A,0x2A,0xFF,0x0A,0x1A,0x2A,0xFF,
    0x0A,0x1A,0x2A,0xFF,0x0A,0x1A,0x2A,0xFF,0x0A,0x1A,0x2A,0xFF,0x0A,0x1A,0x2A,0xFF,
    0x25,0x73,0x94,0xFF,0x00,0x00,0x00,0x00,0x00,0x00,0x00,0x00,0x00,0x00,0x00,0x00,
    0x00,0x00,0x00,0x00,0x00,0x00,0x00,0x00,0x00,0x00,0x00,0x00,0x25,0x73,0x94,0xFF,
    0x25,0x73,0x94,0xFF,0x0A,0x1A,0x2A,0xFF,0x0A,0x1A,0x2A,0xFF,0x0A,0x1A,0x2A,0xFF,
    0x0A,0x1A,0x2A,0xFF,0x0A,0x1A,0x2A,0xFF,0x0A,0x1A,0x2A,0xFF,0x0A,0x1A,0x2A,0xFF,
    0x0A,0x1A,0x2A,0xFF,0x0A,0x1A,0x2A,0xFF,0x0A,0x1A,0x2A,0xFF,0x0A,0x1A,0x2A,0xFF,
    0x0A,0x1A,0x2A,0xFF,0x0A,0x1A,0x2A,0xFF,0x0A,0x1A,0x2A,0xFF,0x0A,0x1A,0x2A,0xFF,
    0x0A,0x1A,0x2A,0xFF,0x0A,0x1A,0x2A,0xFF,0x0A,0x1A,0x2A,0xFF,0x0A,0x1A,0x2A,0xFF,
    0x0A,0x1A,0x2A,0xFF,0x0A,0x1A,0x2A,0xFF,0x0A,0x1A,0x2A,0xFF,0x0A,0x1A,0x2A,0xFF,
    0x25,0x73,0x94,0xFF,0x25,0x73,0x94,0xFF,0x00,0x00,0x00,0x00,0x00,0x00,0x00,0x00,
    0x00,0x00,0x00,0x00,0x00,0x00,0x00,0x00,0x00,0x00,0x00,0x00,0x25,0x73,0x94,0xFF,
    0x0A,0x1A,0x2A,0xFF,0x0A,0x1A,0x2A,0xFF,0x0A,0x1A,0x2A,0xFF,0x0A,0x1A,0x2A,0xFF,
    0x0A,0x1A,0x2A,0xFF,0x0A,0x1A,0x2A,0xFF,0x0A,0x1A,0x2A,0xFF,0x0A,0x1A,0x2A,0xFF,
    0x0A,0x1A,0x2A,0xFF,0x0A,0x1A,0x2A,0xFF,0x0A,0x1A,0x2A,0xFF,0x0A,0x1A,0x2A,0xFF,
    0x0A,0x1A,0x2A,0xFF,0x0A,0x1A,0x2A,0xFF,0x0A,0x1A,0x2A,0xFF,0x0A,0x1A,0x2A,0xFF,
    0x0A,0x1A,0x2A,0xFF,0x0A,0x1A,0x2A,0xFF,0x0A,0x1A,0x2A,0xFF,0x0A,0x1A,0x2A,0xFF,
    0x0A,0x1A,0x2A,0xFF,0x0A,0x1A,0x2A,0xFF,0x0A,0x1A,0x2A,0xFF,0x0A,0x1A,0x2A,0xFF,
    0x0A,0x1A,0x2A,0xFF,0x25,0x73,0x94,0xFF,0x00,0x00,0x00,0x00,0x00,0x00,0x00,0x00,
    0x00,0x00,0x00,0x00,0x00,0x00,0x00,0x00,0x00,0x00,0x00,0x00,0x25,0x73,0x94,0xFF,
    0x0A,0x1A,0x2A,0xFF,0x0A,0x1A,0x2A,0xFF,0x0A,0x1A,0x2A,0xFF,0x0A,0x1A,0x2A,0xFF,
    0x0A,0x1A,0x2A,0xFF,0x0A,0x1A,0x2A,0xFF,0x0A,0x1A,0x2A,0xFF,0x0A,0x1A,0x2A,0xFF,
    0x0A,0x1A,0x2A,0xFF,0x0A,0x1A,0x2A,0xFF,0x0A,0x1A,0x2A,0xFF,0x0A,0x1A,0x2A,0xFF,
    0x0A,0x1A,0x2A,0xFF,0x0A,0x1A,0x2A,0xFF,0x0A,0x1A,0x2A,0xFF,0x0A,0x1A,0x2A,0xFF,
    0x0A,0x1A,0x2A,0xFF,0x0A,0x1A,0x2A,0xFF,0x0A,0x1A,0x2A,0xFF,0x0A,0x1A,0x2A,0xFF,
    0x0A,0x1A,0x2A,0xFF,0x0A,0x1A,0x2A,0xFF,0x0A,0x1A,0x2A,0xFF,0x0A,0x1A,0x2A,0xFF,
    0x0A,0x1A,0x2A,0xFF,0x25,0x73,0x94,0xFF,0x00,0x00,0x00,0x00,0x00,0x00,0x00,0x00,
    0x00,0x00,0x00,0x00,0x00,0x00,0x00,0x00,0x00,0x00,0x00,0x00,0x25,0x73,0x94,0xFF,
    0x0A,0x1A,0x2A,0xFF,0x0A,0x1A,0x2A,0xFF,0x0A,0x1A,0x2A,0xFF,0x0A,0x1A,0x2A,0xFF,
    0x0A,0x1A,0x2A,0xFF,0x0A,0x1A,0x2A,0xFF,0x0A,0x1A,0x2A,0xFF,0x0A,0x1A,0x2A,0xFF,
    0x0A,0x1A,0x2A,0xFF,0x0A,0x1A,0x2A,0xFF,0x0A,0x1A,0x2A,0xFF,0x0A,0x1A,0x2A,0xFF,
    0x0A,0x1A,0x2A,0xFF,0x0A,0x1A,0x2A,0xFF,0x0A,0x1A,0x2A,0xFF,0x0A,0x1A,0x2A,0xFF,
    0x0A,0x1A,0x2A,0xFF,0x0A,0x1A,0x2A,0xFF,0x0A,0x1A,0x2A,0xFF,0x0A,0x1A,0x2A,0xFF,
    0x0A,0x1A,0x2A,0xFF,0x0A,0x1A,0x2A,0xFF,0x0A,0x1A,0x2A,0xFF,0x0A,0x1A,0x2A,0xFF,
    0x0A,0x1A,0x2A,0xFF,0x25,0x73,0x94,0xFF,0x00,0x00,0x00,0x00,0x00,0x00,0x00,0x00,
    0x00,0x00,0x00,0x00,0x00,0x00,0x00,0x00,0x00,0x00,0x00,0x00,0x25,0x73,0x94,0xFF,
    0x0A,0x1A,0x2A,0xFF,0x0A,0x1A,0x2A,0xFF,0x0A,0x1A,0x2A,0xFF,0x0A,0x1A,0x2A,0xFF,
    0x0A,0x1A,0x2A,0xFF,0x0A,0x1A,0x2A,0xFF,0x0A,0x1A,0x2A,0xFF,0x0A,0x1A,0x2A,0xFF,
    0x0A,0x1A,0x2A,0xFF,0x0A,0x1A,0x2A,0xFF,0x0A,0x1A,0x2A,0xFF,0x0A,0x1A,0x2A,0xFF,
    0x0A,0x1A,0x2A,0xFF,0x0A,0x1A,0x2A,0xFF,0x0A,0x1A,0x2A,0xFF,0x0A,0x1A,0x2A,0xFF,
    0x0A,0x1A,0x2A,0xFF,0x0A,0x1A,0x2A,0xFF,0x0A,0x1A,0x2A,0xFF,0x0A,0x1A,0x2A,0xFF,
    0x0A,0x1A,0x2A,0xFF,0x0A,0x1A,0x2A,0xFF,0x0A,0x1A,0x2A,0xFF,0x0A,0x1A,0x2A,0xFF,
    0x0A,0x1A,0x2A,0xFF,0x25,0x73,0x94,0xFF,0x00,0x00,0x00,0x00,0x00,0x00,0x00,0x00,
    0x00,0x00,0x00,0x00,0x00,0x00,0x00,0x00,0x00,0x00,0x00,0x00,0x25,0x73,0x94,0xFF,
    0x0A,0x1A,0x2A,0xFF,0x0A,0x1A,0x2A,0xFF,0x0A,0x1A,0x2A,0xFF,0x0A,0x1A,0x2A,0xFF,
    0x0A,0x1A,0x2A,0xFF,0x0A,0x1A,0x2A,0xFF,0x0A,0x1A,0x2A,0xFF,0x0A,0x1A,0x2A,0xFF,
    0x0A,0x1A,0x2A,0xFF,0x0A,0x1A,0x2A,0xFF,0x0A,0x1A,0x2A,0xFF,0x0A,0x1A,0x2A,0xFF,
    0x0A,0x1A,0x2A,0xFF,0x0A,0x1A,0x2A,0xFF,0x0A,0x1A,0x2A,0xFF,0x0A,0x1A,0x2A,0xFF,
    0x0A,0x1A,0x2A,0xFF,0x0A,0x1A,0x2A,0xFF,0x0A,0x1A,0x2A,0xFF,0x0A,0x1A,0x2A,0xFF,
    0x0A,0x1A,0x2A,0xFF,0x0A,0x1A,0x2A,0xFF,0x0A,0x1A,0x2A,0xFF,0x0A,0x1A,0x2A,0xFF,
    0x0A,0x1A,0x2A,0xFF,0x25,0x73,0x94,0xFF,0x00,0x00,0x00,0x00,0x00,0x00,0x00,0x00,
    0x00,0x00,0x00,0x00,0x00,0x00,0x00,0x00,0x00,0x00,0x00,0x00,0x25,0x73,0x94,0xFF,
    0x0A,0x1A,0x2A,0xFF,0x0A,0x1A,0x2A,0xFF,0x0A,0x1A,0x2A,0xFF,0x0A,0x1A,0x2A,0xFF,
    0x0A,0x1A,0x2A,0xFF,0x0A,0x1A,0x2A,0xFF,0x0A,0x1A,0x2A,0xFF,0x0A,0x1A,0x2A,0xFF,
    0x0A,0x1A,0x2A,0xFF,0x0A,0x1A,0x2A,0xFF,0x0A,0x1A,0x2A,0xFF,0x0A,0x1A,0x2A,0xFF,
    0x0A,0x1A,0x2A,0xFF,0x0A,0x1A,0x2A,0xFF,0x0A,0x1A,0x2A,0xFF,0x0A,0x1A,0x2A,0xFF,
    0x0A,0x1A,0x2A,0xFF,0x0A,0x1A,0x2A,0xFF,0x0A,0x1A,0x2A,0xFF,0x0A,0x1A,0x2A,0xFF,
    0x0A,0x1A,0x2A,0xFF,0x0A,0x1A,0x2A,0xFF,0x0A,0x1A,0x2A,0xFF,0x0A,0x1A,0x2A,0xFF,
    0x0A,0x1A,0x2A,0xFF,0x25,0x73,0x94,0xFF,0x00,0x00,0x00,0x00,0x00,0x00,0x00,0x00,
    0x00,0x00,0x00,0x00,0x00,0x00,0x00,0x00,0x00,0x00,0x00,0x00,0x25,0x73,0x94,0xFF,
    0x0A,0x1A,0x2A,0xFF,0x0A,0x1A,0x2A,0xFF,0x0A,0x1A,0x2A,0xFF,0x0A,0x1A,0x2A,0xFF,
    0x0A,0x1A,0x2A,0xFF,0x0A,0x1A,0x2A,0xFF,0x0A,0x1A,0x2A,0xFF,0x0A,0x1A,0x2A,0xFF,
    0x0A,0x1A,0x2A,0xFF,0x0A,0x1A,0x2A,0xFF,0x0A,0x1A,0x2A,0xFF,0x0A,0x1A,0x2A,0xFF,
    0x0A,0x1A,0x2A,0xFF,0x0A,0x1A,0x2A,0xFF,0x0A,0x1A,0x2A,0xFF,0x0A,0x1A,0x2A,0xFF,
    0x0A,0x1A,0x2A,0xFF,0x0A,0x1A,0x2A,0xFF,0x0A,0x1A,0x2A,0xFF,0x0A,0x1A,0x2A,0xFF,
    0x0A,0x1A,0x2A,0xFF,0x0A,0x1A,0x2A,0xFF,0x0A,0x1A,0x2A,0xFF,0x0A,0x1A,0x2A,0xFF,
    0x0A,0x1A,0x2A,0xFF,0x25,0x73,0x94,0xFF,0x00,0x00,0x00,0x00,0x00,0x00,0x00,0x00,
    0x00,0x00,0x00,0x00,0x00,0x00,0x00,0x00,0x00,0x00,0x00,0x00,0x25,0x73,0x94,0xFF,
    0x0A,0x1A,0x2A,0xFF,0x0A,0x1A,0x2A,0xFF,0x0A,0x1A,0x2A,0xFF,0x0A,0x1A,0x2A,0xFF,
    0x0A,0x1A,0x2A,0xFF,0x0A,0x1A,0x2A,0xFF,0x0A,0x1A,0x2A,0xFF,0x0A,0x1A,0x2A,0xFF,
    0x0A,0x1A,0x2A,0xFF,0x0A,0x1A,0x2A,0xFF,0x0A,0x1A,0x2A,0xFF,0x0A,0x1A,0x2A,0xFF,
    0x0A,0x1A,0x2A,0xFF,0x0A,0x1A,0x2A,0xFF,0x0A,0x1A,0x2A,0xFF,0x0A,0x1A,0x2A,0xFF,
    0x0A,0x1A,0x2A,0xFF,0x0A,0x1A,0x2A,0xFF,0x0A,0x1A,0x2A,0xFF,0x0A,0x1A,0x2A,0xFF,
    0x0A,0x1A,0x2A,0xFF,0x0A,0x1A,0x2A,0xFF,0x0A,0x1A,0x2A,0xFF,0x0A,0x1A,0x2A,0xFF,
    0x0A,0x1A,0x2A,0xFF,0x25,0x73,0x94,0xFF,0x00,0x00,0x00,0x00,0x00,0x00,0x00,0x00,
    0x00,0x00,0x00,0x00,0x00,0x00,0x00,0x00,0x00,0x00,0x00,0x00,0x25,0x73,0x94,0xFF,
    0x0A,0x1A,0x2A,0xFF,0x0A,0x1A,0x2A,0xFF,0x0A,0x1A,0x2A,0xFF,0x0A,0x1A,0x2A,0xFF,
    0x0A,0x1A,0x2A,0xFF,0x0A,0x1A,0x2A,0xFF,0x0A,0x1A,0x2A,0xFF,0x0A,0x1A,0x2A,0xFF,
    0x0A,0x1A,0x2A,0xFF,0x0A,0x1A,0x2A,0xFF,0x0A,0x1A,0x2A,0xFF,0x0A,0x1A,0x2A,0xFF,
    0x0A,0x1A,0x2A,0xFF,0x0A,0x1A,0x2A,0xFF,0x0A,0x1A,0x2A,0xFF,0x0A,0x1A,0x2A,0xFF,
    0x0A,0x1A,0x2A,0xFF,0x0A,0x1A,0x2A,0xFF,0x0A,0x1A,0x2A,0xFF,0x0A,0x1A,0x2A,0xFF,
    0x0A,0x1A,0x2A,0xFF,0x0A,0x1A,0x2A,0xFF,0x0A,0x1A,0x2A,0xFF,0x0A,0x1A,0x2A,0xFF,
    0x0A,0x1A,0x2A,0xFF,0x25,0x73,0x94,0xFF,0x00,0x00,0x00,0x00,0x00,0x00,0x00,0x00,
    0x00,0x00,0x00,0x00,0x00,0x00,0x00,0x00,0x00,0x00,0x00,0x00,0x25,0x73,0x94,0xFF,
    0x25,0x73,0x94,0xFF,0x0A,0x1A,0x2A,0xFF,0x0A,0x1A,0x2A,0xFF,0x0A,0x1A,0x2A,0xFF,
    0x0A,0x1A,0x2A,0xFF,0x0A,0x1A,0x2A,0xFF,0x0A,0x1A,0x2A,0xFF,0x0A,0x1A,0x2A,0xFF,
    0x0A,0x1A,0x2A,0xFF,0x0A,0x1A,0x2A,0xFF,0x0A,0x1A,0x2A,0xFF,0x0A,0x1A,0x2A,0xFF,
    0x0A,0x1A,0x2A,0xFF,0x0A,0x1A,0x2A,0xFF,0x0A,0x1A,0x2A,0xFF,0x0A,0x1A,0x2A,0xFF,
    0x0A,0x1A,0x2A,0xFF,0x0A,0x1A,0x2A,0xFF,0x0A,0x1A,0x2A,0xFF,0x0A,0x1A,0x2A,0xFF,
    0x0A,0x1A,0x2A,0xFF,0x0A,0x1A,0x2A,0xFF,0x0A,0x1A,0x2A,0xFF,0x0A,0x1A,0x2A,0xFF,
    0x25,0x73,0x94,0xFF,0x25,0x73,0x94,0xFF,0x00,0x00,0x00,0x00,0x00,0x00,0x00,0x00,
    0x00,0x00,0x00,0x00,0x00,0x00,0x00,0x00,0x00,0x00,0x00,0x00,0x00,0x00,0x00,0x00,
    0x25,0x73,0x94,0xFF,0x0A,0x1A,0x2A,0xFF,0x0A,0x1A,0x2A,0xFF,0x0A,0x1A,0x2A,0xFF,
    0x0A,0x1A,0x2A,0xFF,0x0A,0x1A,0x2A,0xFF,0x0A,0x1A,0x2A,0xFF,0x0A,0x1A,0x2A,0xFF,
    0x0A,0x1A,0x2A,0xFF,0x0A,0x1A,0x2A,0xFF,0x0A,0x1A,0x2A,0xFF,0x0A,0x1A,0x2A,0xFF,
    0x0A,0x1A,0x2A,0xFF,0x0A,0x1A,0x2A,0xFF,0x0A,0x1A,0x2A,0xFF,0x0A,0x1A,0x2A,0xFF,
    0x0A,0x1A,0x2A,0xFF,0x0A,0x1A,0x2A,0xFF,0x0A,0x1A,0x2A,0xFF,0x0A,0x1A,0x2A,0xFF,
    0x0A,0x1A,0x2A,0xFF,0x0A,0x1A,0x2A,0xFF,0x0A,0x1A,0x2A,0xFF,0x0A,0x1A,0x2A,0xFF,
    0x25,0x73,0x94,0xFF,0x00,0x00,0x00,0x00,0x00,0x00,0x00,0x00,0x00,0x00,0x00,0x00,
    0x00,0x00,0x00,0x00,0x00,0x00,0x00,0x00,0x00,0x00,0x00,0x00,0x00,0x00,0x00,0x00,
    0x25,0x73,0x94,0xFF,0x25,0x73,0x94,0xFF,0x0A,0x1A,0x2A,0xFF,0x0A,0x1A,0x2A,0xFF,
    0x0A,0x1A,0x2A,0xFF,0x0A,0x1A,0x2A,0xFF,0x0A,0x1A,0x2A,0xFF,0x0A,0x1A,0x2A,0xFF,
    0x0A,0x1A,0x2A,0xFF,0x0A,0x1A,0x2A,0xFF,0x0A,0x1A,0x2A,0xFF,0x0A,0x1A,0x2A,0xFF,
    0x0A,0x1A,0x2A,0xFF,0x0A,0x1A,0x2A,0xFF,0x0A,0x1A,0x2A,0xFF,0x0A,0x1A,0x2A,0xFF,
    0x0A,0x1A,0x2A,0xFF,0x0A,0x1A,0x2A,0xFF,0x0A,0x1A,0x2A,0xFF,0x0A,0x1A,0x2A,0xFF,
    0x0A,0x1A,0x2A,0xFF,0x0A,0x1A,0x2A,0xFF,0x0A,0x1A,0x2A,0xFF,0x25,0x73,0x94,0xFF,
    0x25,0x73,0x94,0xFF,0x00,0x00,0x00,0x00,0x00,0x00,0x00,0x00,0x00,0x00,0x00,0x00,
    0x00,0x00,0x00,0x00,0x00,0x00,0x00,0x00,0x00,0x00,0x00,0x00,0x00,0x00,0x00,0x00,
    0x00,0x00,0x00,0x00,0x25,0x73,0x94,0xFF,0x0A,0x1A,0x2A,0xFF,0x0A,0x1A,0x2A,0xFF,
    0x0A,0x1A,0x2A,0xFF,0x0A,0x1A,0x2A,0xFF,0x0A,0x1A,0x2A,0xFF,0x0A,0x1A,0x2A,0xFF,
    0x0A,0x1A,0x2A,0xFF,0x0A,0x1A,0x2A,0xFF,0x0A,0x1A,0x2A,0xFF,0x0A,0x1A,0x2A,0xFF,
    0x0A,0x1A,0x2A,0xFF,0x0A,0x1A,0x2A,0xFF,0x0A,0x1A,0x2A,0xFF,0x0A,0x1A,0x2A,0xFF,
    0x0A,0x1A,0x2A,0xFF,0x0A,0x1A,0x2A,0xFF,0x0A,0x1A,0x2A,0xFF,0x0A,0x1A,0x2A,0xFF,
    0x0A,0x1A,0x2A,0xFF,0x0A,0x1A,0x2A,0xFF,0x0A,0x1A,0x2A,0xFF,0x25,0x73,0x94,0xFF,
    0x00,0x00,0x00,0x00,0x00,0x00,0x00,0x00,0x00,0x00,0x00,0x00,0x00,0x00,0x00,0x00,
    0x00,0x00,0x00,0x00,0x00,0x00,0x00,0x00,0x00,0x00,0x00,0x00,0x00,0x00,0x00,0x00,
    0x00,0x00,0x00,0x00,0x00,0x00,0x00,0x00,0x25,0x73,0x94,0xFF,0x0A,0x1A,0x2A,0xFF,
    0x0A,0x1A,0x2A,0xFF,0x0A,0x1A,0x2A,0xFF,0x0A,0x1A,0x2A,0xFF,0x0A,0x1A,0x2A,0xFF,
    0x0A,0x1A,0x2A,0xFF,0x0A,0x1A,0x2A,0xFF,0x0A,0x1A,0x2A,0xFF,0x0A,0x1A,0x2A,0xFF,
    0x0A,0x1A,0x2A,0xFF,0x0A,0x1A,0x2A,0xFF,0x0A,0x1A,0x2A,0xFF,0x0A,0x1A,0x2A,0xFF,
    0x0A,0x1A,0x2A,0xFF,0x0A,0x1A,0x2A,0xFF,0x0A,0x1A,0x2A,0xFF,0x0A,0x1A,0x2A,0xFF,
    0x0A,0x1A,0x2A,0xFF,0x0A,0x1A,0x2A,0xFF,0x25,0x73,0x94,0xFF,0x00,0x00,0x00,0x00,
    0x00,0x00,0x00,0x00,0x00,0x00,0x00,0x00,0x00,0x00,0x00,0x00,0x00,0x00,0x00,0x00,
    0x00,0x00,0x00,0x00,0x00,0x00,0x00,0x00,0x00,0x00,0x00,0x00,0x00,0x00,0x00,0x00,
    0x00,0x00,0x00,0x00,0x00,0x00,0x00,0x00,0x00,0x00,0x00,0x00,0x25,0x73,0x94,0xFF,
    0x0A,0x1A,0x2A,0xFF,0x0A,0x1A,0x2A,0xFF,0x0A,0x1A,0x2A,0xFF,0x0A,0x1A,0x2A,0xFF,
    0x0A,0x1A,0x2A,0xFF,0x0A,0x1A,0x2A,0xFF,0x0A,0x1A,0x2A,0xFF,0x0A,0x1A,0x2A,0xFF,
    0x0A,0x1A,0x2A,0xFF,0x0A,0x1A,0x2A,0xFF,0x0A,0x1A,0x2A,0xFF,0x0A,0x1A,0x2A,0xFF,
    0x0A,0x1A,0x2A,0xFF,0x0A,0x1A,0x2A,0xFF,0x0A,0x1A,0x2A,0xFF,0x0A,0x1A,0x2A,0xFF,
    0x0A,0x1A,0x2A,0xFF,0x25,0x73,0x94,0xFF,0x00,0x00,0x00,0x00,0x00,0x00,0x00,0x00,
    0x00,0x00,0x00,0x00,0x00,0x00,0x00,0x00,0x00,0x00,0x00,0x00,0x00,0x00,0x00,0x00,
    0x00,0x00,0x00,0x00,0x00,0x00,0x00,0x00,0x00,0x00,0x00,0x00,0x00,0x00,0x00,0x00,
    0x00,0x00,0x00,0x00,0x00,0x00,0x00,0x00,0x00,0x00,0x00,0x00,0x00,0x00,0x00,0x00,
    0x25,0x73,0x94,0xFF,0x25,0x73,0x94,0xFF,0x0A,0x1A,0x2A,0xFF,0x0A,0x1A,0x2A,0xFF,
    0x0A,0x1A,0x2A,0xFF,0x0A,0x1A,0x2A,0xFF,0x0A,0x1A,0x2A,0xFF,0x0A,0x1A,0x2A,0xFF,
    0x0A,0x1A,0x2A,0xFF,0x0A,0x1A,0x2A,0xFF,0x0A,0x1A,0x2A,0xFF,0x0A,0x1A,0x2A,0xFF,
    0x0A,0x1A,0x2A,0xFF,0x0A,0x1A,0x2A,0xFF,0x0A,0x1A,0x2A,0xFF,0x25,0x73,0x94,0xFF,
    0x25,0x73,0x94,0xFF,0x00,0x00,0x00,0x00,0x00,0x00,0x00,0x00,0x00,0x00,0x00,0x00,
    0x00,0x00,0x00,0x00,0x00,0x00,0x00,0x00,0x00,0x00,0x00,0x00,0x00,0x00,0x00,0x00,
    0x00,0x00,0x00,0x00,0x00,0x00,0x00,0x00,0x00,0x00,0x00,0x00,0x00,0x00,0x00,0x00,
    0x00,0x00,0x00,0x00,0x00,0x00,0x00,0x00,0x00,0x00,0x00,0x00,0x00,0x00,0x00,0x00,
    0x00,0x00,0x00,0x00,0x25,0x73,0x94,0xFF,0x25,0x73,0x94,0xFF,0x25,0x73,0x94,0xFF,
    0x0A,0x1A,0x2A,0xFF,0x0A,0x1A,0x2A,0xFF,0x0A,0x1A,0x2A,0xFF,0x0A,0x1A,0x2A,0xFF,
    0x0A,0x1A,0x2A,0xFF,0x0A,0x1A,0x2A,0xFF,0x0A,0x1A,0x2A,0xFF,0x0A,0x1A,0x2A,0xFF,
    0x0A,0x1A,0x2A,0xFF,0x25,0x73,0x94,0xFF,0x25,0x73,0x94,0xFF,0x25,0x73,0x94,0xFF,
    0x00,0x00,0x00,0x00,0x00,0x00,0x00,0x00,0x00,0x00,0x00,0x00,0x00,0x00,0x00,0x00,
    0x00,0x00,0x00,0x00,0x00,0x00,0x00,0x00,0x00,0x00,0x00,0x00,0x00,0x00,0x00,0x00,
    0x00,0x00,0x00,0x00,0x00,0x00,0x00,0x00,0x00,0x00,0x00,0x00,0x00,0x00,0x00,0x00,
    0x00,0x00,0x00,0x00,0x00,0x00,0x00,0x00,0x00,0x00,0x00,0x00,0x00,0x00,0x00,0x00,
    0x00,0x00,0x00,0x00,0x00,0x00,0x00,0x00,0x00,0x00,0x00,0x00,0x25,0x73,0x94,0xFF,
    0x25,0x73,0x94,0xFF,0x25,0x73,0x94,0xFF,0x25,0x73,0x94,0xFF,0x25,0x73,0x94,0xFF,
    0x25,0x73,0x94,0xFF,0x25,0x73,0x94,0xFF,0x25,0x73,0x94,0xFF,0x25,0x73,0x94,0xFF,
    0x25,0x73,0x94,0xFF,0x25,0x73,0x94,0xFF,0x00,0x00,0x00,0x00,0x00,0x00,0x00,0x00,
    0x00,0x00,0x00,0x00,0x00,0x00,0x00,0x00,0x00,0x00,0x00,0x00,0x00,0x00,0x00,0x00,
    0x00,0x00,0x00,0x00,0x00,0x00,0x00,0x00,0x00,0x00,0x00,0x00,0x00,0x00,0x00,0x00,
    0x00,0x00,0x00,0x00,0x00,0x00,0x00,0x00,0x00,0x00,0x00,0x00,0x00,0x00,0x00,0x00,
    0x00,0x00,0x00,0x00,0x00,0x00,0x00,0x00,0x00,0x00,0x00,0x00,0x00,0x00,0x00,0x00,
    0x00,0x00,0x00,0x00,0x00,0x00,0x00,0x00,0x00,0x00,0x00,0x00,0x00,0x00,0x00,0x00,
    0x00,0x00,0x00,0x00,0x00,0x00,0x00,0x00,0x00,0x00,0x00,0x00,0x00,0x00,0x00,0x00,
    0x00,0x00,0x00,0x00,0x00,0x00,0x00,0x00,0x00,0x00,0x00,0x00,0x00,0x00,0x00,0x00,
    0x00,0x00,0x00,0x00,0x00,0x00,0x00,0x00,0x00,0x00,0x00,0x00,0x00,0x00,0x00,0x00,
    0x00,0x00,0x00,0x00,0x00,0x00,0x00,0x00,0x00,0x00,0x00,0x00,0x00,0x00,0x00,0x00,
    0x00,0x00,0x00,0x00,0x00,0x00,0x00,0x00,0x00,0x00,0x00,0x00,0x00,0x00,0x00,0x00,
    0x00,0x00,0x00,0x00,0x00,0x00,0x00,0x00,0x00,0x00,0x00,0x00,0x00,0x00,0x00,0x00,
    0x00,0x00,0x00,0x00,0x00,0x00,0x00,0x00,0x00,0x00,0x00,0x00,0x00,0x00,0x00,0x00,
    0x00,0x00,0x00,0x00,0x00,0x00,0x00,0x00,0x00,0x00,0x00,0x00,0x00,0x00,0x00,0x00,
    0x00,0x00,0x00,0x00,0x00,0x00,0x00,0x00,0x00,0x00,0x00,0x00,0x00,0x00,0x00,0x00,
    0x00,0x00,0x00,0x00,0x00,0x00,0x00,0x00,0x00,0x00,0x00,0x00,0x00,0x00,0x00,0x00,
    0x00,0x00,0x00,0x00,0x00,0x00,0x00,0x00,0x00,0x00,0x00,0x00,0x00,0x00,0x00,0x00,
    0x00,0x00,0x00,0x00,0x00,0x00,0x00,0x00,0x00,0x00,0x00,0x00,0x00,0x00,0x00,0x00,
    0x00,0x00,0x00,0x00,0x00,0x00,0x00,0x00,0x00,0x00,0x00,0x00,0x00,0x00,0x00,0x00,
};

static const uint8_t icon_data_image_viewer[] = {
    0x44,0x52,0x43,0x4F,0x20,0x00,0x20,0x00,0x20,0x00,0x00,0x00,0x00,0x00,0x00,0x00,
    0x00,0x00,0x00,0x00,0x00,0x00,0x00,0x00,0x00,0x00,0x00,0x00,0x00,0x00,0x00,0x00,
    0x00,0x00,0x00,0x00,0x00,0x00,0x00,0x00,0x00,0x00,0x00,0x00,0x00,0x00,0x00,0x00,
    0x00,0x00,0x00,0x00,0x00,0x00,0x00,0x00,0x00,0x00,0x00,0x00,0x00,0x00,0x00,0x00,
    0x00,0x00,0x00,0x00,0x00,0x00,0x00,0x00,0x00,0x00,0x00,0x00,0x00,0x00,0x00,0x00,
    0x00,0x00,0x00,0x00,0x00,0x00,0x00,0x00,0x00,0x00,0x00,0x00,0x00,0x00,0x00,0x00,
    0x00,0x00,0x00,0x00,0x00,0x00,0x00,0x00,0x00,0x00,0x00,0x00,0x00,0x00,0x00,0x00,
    0x00,0x00,0x00,0x00,0x00,0x00,0x00,0x00,0x00,0x00,0x00,0x00,0x00,0x00,0x00,0x00,
    0x00,0x00,0x00,0x00,0x00,0x00,0x00,0x00,0x00,0x00,0x00,0x00,0x00,0x00,0x00,0x00,
    0x00,0x00,0x00,0x00,0x00,0x00,0x00,0x00,0x00,0x00,0x00,0x00,0x00,0x00,0x00,0x00,
    0x00,0x00,0x00,0x00,0x00,0x00,0x00,0x00,0x00,0x00,0x00,0x00,0x00,0x00,0x00,0x00,
    0x00,0x00,0x00,0x00,0x00,0x00,0x00,0x00,0x00,0x00,0x00,0x00,0x00,0x00,0x00,0x00,
    0x00,0x00,0x00,0x00,0x00,0x00,0x00,0x00,0x00,0x00,0x00,0x00,0x00,0x00,0x00,0x00,
    0x00,0x00,0x00,0x00,0x00,0x00,0x00,0x00,0x00,0x00,0x00,0x00,0x00,0x00,0x00,0x00,
    0x00,0x00,0x00,0x00,0x00,0x00,0x00,0x00,0x00,0x00,0x00,0x00,0x00,0x00,0x00,0x00,
    0x00,0x00,0x00,0x00,0x00,0x00,0x00,0x00,0x00,0x00,0x00,0x00,0x00,0x00,0x00,0x00,
    0x00,0x00,0x00,0x00,0x00,0x00,0x00,0x00,0x00,0x00,0x00,0x00,0x00,0x00,0x00,0x00,
    0x00,0x00,0x00,0x00,0x00,0x00,0x00,0x00,0x00,0x00,0x00,0x00,0x00,0x00,0x00,0x00,
    0x00,0x00,0x00,0x00,0x00,0x00,0x00,0x00,0x00,0x00,0x00,0x00,0x00,0x00,0x00,0x00,
    0x00,0x00,0x00,0x00,0x00,0x00,0x00,0x00,0x00,0x00,0x00,0x00,0x00,0x00,0x00,0x00,
    0x00,0x00,0x00,0x00,0x00,0x00,0x00,0x00,0x00,0x00,0x00,0x00,0x00,0x00,0x00,0x00,
    0x00,0x00,0x00,0x00,0x00,0x00,0x00,0x00,0x00,0x00,0x00,0x00,0x00,0x00,0x00,0x00,
    0x00,0x00,0x00,0x00,0x00,0x00,0x00,0x00,0x00,0x00,0x00,0x00,0x00,0x00,0x00,0x00,
    0x00,0x00,0x00,0x00,0x00,0x00,0x00,0x00,0x00,0x00,0x00,0x00,0x00,0x00,0x00,0x00,
    0x00,0x00,0x00,0x00,0x00,0x00,0x00,0x00,0x00,0x00,0x00,0x00,0x00,0x00,0x00,0x00,
    0x00,0x00,0x00,0x00,0x00,0x00,0x00,0x00,0x00,0x00,0x00,0x00,0x00,0x00,0x00,0x00,
    0x00,0x00,0x00,0x00,0x00,0x00,0x00,0x00,0x00,0x00,0x00,0x00,0x00,0x00,0x00,0x00,
    0x00,0x00,0x00,0x00,0x00,0x00,0x00,0x00,0x00,0x00,0x00,0x00,0x8C,0x94,0x25,0xFF,
    0x8C,0x94,0x25,0xFF,0x8C,0x94,0x25,0xFF,0x8C,0x94,0x25,0xFF,0x8C,0x94,0x25,0xFF,
    0x8C,0x94,0x25,0xFF,0x8C,0x94,0x25,0xFF,0x8C,0x94,0x25,0xFF,0x8C,0x94,0x25,0xFF,
    0x8C,0x94,0x25,0xFF,0x8C,0x94,0x25,0xFF,0x00,0x00,0x00,0x00,0x00,0x00,0x00,0x00,
    0x00,0x00,0x00,0x00,0x00,0x00,0x00,0x00,0x00,0x00,0x00,0x00,0x00,0x00,0x00,0x00,
    0x00,0x00,0x00,0x00,0x00,0x00,0x00,0x00,0x00,0x00,0x00,0x00,0x00,0x00,0x00,0x00,
    0x00,0x00,0x00,0x00,0x00,0x00,0x00,0x00,0x00,0x00,0x00,0x00,0x00,0x00,0x00,0x00,
    0x00,0x00,0x00,0x00,0x00,0x00,0x00,0x00,0x00,0x00,0x00,0x00,0x00,0x00,0x00,0x00,
    0x00,0x00,0x00,0x00,0x8C,0x94,0x25,0xFF,0x8C,0x94,0x25,0xFF,0x8C,0x94,0x25,0xFF,
    0x2A,0x2A,0x0A,0xFF,0x2A,0x2A,0x0A,0xFF,0x2A,0x2A,0x0A,0xFF,0x2A,0x2A,0x0A,0xFF,
    0x2A,0x2A,0x0A,0xFF,0x2A,0x2A,0x0A,0xFF,0x2A,0x2A,0x0A,0xFF,0x2A,0x2A,0x0A,0xFF,
    0x2A,0x2A,0x0A,0xFF,0x8C,0x94,0x25,0xFF,0x8C,0x94,0x25,0xFF,0x8C,0x94,0x25,0xFF,
    0x00,0x00,0x00,0x00,0x00,0x00,0x00,0x00,0x00,0x00,0x00,0x00,0x00,0x00,0x00,0x00,
    0x00,0x00,0x00,0x00,0x00,0x00,0x00,0x00,0x00,0x00,0x00,0x00,0x00,0x00,0x00,0x00,
    0x00,0x00,0x00,0x00,0x00,0x00,0x00,0x00,0x00,0x00,0x00,0x00,0x00,0x00,0x00,0x00,
    0x00,0x00,0x00,0x00,0x00,0x00,0x00,0x00,0x00,0x00,0x00,0x00,0x00,0x00,0x00,0x00,
    0x8C,0x94,0x25,0xFF,0x8C,0x94,0x25,0xFF,0x2A,0x2A,0x0A,0xFF,0x2A,0x2A,0x0A,0xFF,
    0x2A,0x2A,0x0A,0xFF,0x2A,0x2A,0x0A,0xFF,0x2A,0x2A,0x0A,0xFF,0x2A,0x2A,0x0A,0xFF,
    0x2A,0x2A,0x0A,0xFF,0x2A,0x2A,0x0A,0xFF,0x2A,0x2A,0x0A,0xFF,0x2A,0x2A,0x0A,0xFF,
    0x2A,0x2A,0x0A,0xFF,0x2A,0x2A,0x0A,0xFF,0x2A,0x2A,0x0A,0xFF,0x8C,0x94,0x25,0xFF,
    0x8C,0x94,0x25,0xFF,0x00,0x00,0x00,0x00,0x00,0x00,0x00,0x00,0x00,0x00,0x00,0x00,
    0x00,0x00,0x00,0x00,0x00,0x00,0x00,0x00,0x00,0x00,0x00,0x00,0x00,0x00,0x00,0x00,
    0x00,0x00,0x00,0x00,0x00,0x00,0x00,0x00,0x00,0x00,0x00,0x00,0x00,0x00,0x00,0x00,
    0x00,0x00,0x00,0x00,0x00,0x00,0x00,0x00,0x00,0x00,0x00,0x00,0x8C,0x94,0x25,0xFF,
    0x2A,0x2A,0x0A,0xFF,0x2A,0x2A,0x0A,0xFF,0x2A,0x2A,0x0A,0xFF,0x2A,0x2A,0x0A,0xFF,
    0x2A,0x2A,0x0A,0xFF,0x2A,0x2A,0x0A,0xFF,0x2A,0x2A,0x0A,0xFF,0x2A,0x2A,0x0A,0xFF,
    0x2A,0x2A,0x0A,0xFF,0x2A,0x2A,0x0A,0xFF,0x2A,0x2A,0x0A,0xFF,0x2A,0x2A,0x0A,0xFF,
    0x2A,0x2A,0x0A,0xFF,0x2A,0x2A,0x0A,0xFF,0x2A,0x2A,0x0A,0xFF,0x2A,0x2A,0x0A,0xFF,
    0x2A,0x2A,0x0A,0xFF,0x8C,0x94,0x25,0xFF,0x00,0x00,0x00,0x00,0x00,0x00,0x00,0x00,
    0x00,0x00,0x00,0x00,0x00,0x00,0x00,0x00,0x00,0x00,0x00,0x00,0x00,0x00,0x00,0x00,
    0x00,0x00,0x00,0x00,0x00,0x00,0x00,0x00,0x00,0x00,0x00,0x00,0x00,0x00,0x00,0x00,
    0x00,0x00,0x00,0x00,0x00,0x00,0x00,0x00,0x8C,0x94,0x25,0xFF,0x2A,0x2A,0x0A,0xFF,
    0x2A,0x2A,0x0A,0xFF,0x2A,0x2A,0x0A,0xFF,0x2A,0x2A,0x0A,0xFF,0x2A,0x2A,0x0A,0xFF,
    0x2A,0x2A,0x0A,0xFF,0x2A,0x2A,0x0A,0xFF,0x2A,0x2A,0x0A,0xFF,0x2A,0x2A,0x0A,0xFF,
    0x2A,0x2A,0x0A,0xFF,0x2A,0x2A,0x0A,0xFF,0x2A,0x2A,0x0A,0xFF,0x2A,0x2A,0x0A,0xFF,
    0x2A,0x2A,0x0A,0xFF,0x2A,0x2A,0x0A,0xFF,0x2A,0x2A,0x0A,0xFF,0x2A,0x2A,0x0A,0xFF,
    0x2A,0x2A,0x0A,0xFF,0x2A,0x2A,0x0A,0xFF,0x8C,0x94,0x25,0xFF,0x00,0x00,0x00,0x00,
    0x00,0x00,0x00,0x00,0x00,0x00,0x00,0x00,0x00,0x00,0x00,0x00,0x00,0x00,0x00,0x00,
    0x00,0x00,0x00,0x00,0x00,0x00,0x00,0x00,0x00,0x00,0x00,0x00,0x00,0x00,0x00,0x00,
    0x00,0x00,0x00,0x00,0x8C,0x94,0x25,0xFF,0x2A,0x2A,0x0A,0xFF,0x2A,0x2A,0x0A,0xFF,
    0x2A,0x2A,0x0A,0xFF,0x2A,0x2A,0x0A,0xFF,0x2A,0x2A,0x0A,0xFF,0x2A,0x2A,0x0A,0xFF,
    0x2A,0x2A,0x0A,0xFF,0x2A,0x2A,0x0A,0xFF,0x2A,0x2A,0x0A,0xFF,0x2A,0x2A,0x0A,0xFF,
    0x2A,0x2A,0x0A,0xFF,0x2A,0x2A,0x0A,0xFF,0x2A,0x2A,0x0A,0xFF,0x2A,0x2A,0x0A,0xFF,
    0x2A,0x2A,0x0A,0xFF,0x2A,0x2A,0x0A,0xFF,0x2A,0x2A,0x0A,0xFF,0x2A,0x2A,0x0A,0xFF,
    0x2A,0x2A,0x0A,0xFF,0x2A,0x2A,0x0A,0xFF,0x2A,0x2A,0x0A,0xFF,0x8C,0x94,0x25,0xFF,
    0x00,0x00,0x00,0x00,0x00,0x00,0x00,0x00,0x00,0x00,0x00,0x00,0x00,0x00,0x00,0x00,
    0x00,0x00,0x00,0x00,0x00,0x00,0x00,0x00,0x00,0x00,0x00,0x00,0x00,0x00,0x00,0x00,
    0x8C,0x94,0x25,0xFF,0x8C,0x94,0x25,0xFF,0x2A,0x2A,0x0A,0xFF,0x2A,0x2A,0x0A,0xFF,
    0x2A,0x2A,0x0A,0xFF,0x2A,0x2A,0x0A,0xFF,0x2A,0x2A,0x0A,0xFF,0x2A,0x2A,0x0A,0xFF,
    0x2A,0x2A,0x0A,0xFF,0x2A,0x2A,0x0A,0xFF,0x2A,0x2A,0x0A,0xFF,0x2A,0x2A,0x0A,0xFF,
    0x2A,0x2A,0x0A,0xFF,0x2A,0x2A,0x0A,0xFF,0x2A,0x2A,0x0A,0xFF,0x2A,0x2A,0x0A,0xFF,
    0x2A,0x2A,0x0A,0xFF,0x2A,0x2A,0x0A,0xFF,0x2A,0x2A,0x0A,0xFF,0x2A,0x2A,0x0A,0xFF,
    0x2A,0x2A,0x0A,0xFF,0x2A,0x2A,0x0A,0xFF,0x2A,0x2A,0x0A,0xFF,0x8C,0x94,0x25,0xFF,
    0x8C,0x94,0x25,0xFF,0x00,0x00,0x00,0x00,0x00,0x00,0x00,0x00,0x00,0x00,0x00,0x00,
    0x00,0x00,0x00,0x00,0x00,0x00,0x00,0x00,0x00,0x00,0x00,0x00,0x00,0x00,0x00,0x00,
    0x8C,0x94,0x25,0xFF,0x2A,0x2A,0x0A,0xFF,0x2A,0x2A,0x0A,0xFF,0x2A,0x2A,0x0A,0xFF,
    0x2A,0x2A,0x0A,0xFF,0x2A,0x2A,0x0A,0xFF,0x2A,0x2A,0x0A,0xFF,0x2A,0x2A,0x0A,0xFF,
    0x2A,0x2A,0x0A,0xFF,0x2A,0x2A,0x0A,0xFF,0x2A,0x2A,0x0A,0xFF,0x2A,0x2A,0x0A,0xFF,
    0x2A,0x2A,0x0A,0xFF,0x2A,0x2A,0x0A,0xFF,0x2A,0x2A,0x0A,0xFF,0x2A,0x2A,0x0A,0xFF,
    0x2A,0x2A,0x0A,0xFF,0x2A,0x2A,0x0A,0xFF,0x2A,0x2A,0x0A,0xFF,0x2A,0x2A,0x0A,0xFF,
    0x2A,0x2A,0x0A,0xFF,0x2A,0x2A,0x0A,0xFF,0x2A,0x2A,0x0A,0xFF,0x2A,0x2A,0x0A,0xFF,
    0x8C,0x94,0x25,0xFF,0x00,0x00,0x00,0x00,0x00,0x00,0x00,0x00,0x00,0x00,0x00,0x00,
    0x00,0x00,0x00,0x00,0x00,0x00,0x00,0x00,0x00,0x00,0x00,0x00,0x8C,0x94,0x25,0xFF,
    0x8C,0x94,0x25,0xFF,0x2A,0x2A,0x0A,0xFF,0x2A,0x2A,0x0A,0xFF,0x2A,0x2A,0x0A,0xFF,
    0x2A,0x2A,0x0A,0xFF,0x2A,0x2A,0x0A,0xFF,0x2A,0x2A,0x0A,0xFF,0x2A,0x2A,0x0A,0xFF,
    0x2A,0x2A,0x0A,0xFF,0x2A,0x2A,0x0A,0xFF,0x2A,0x2A,0x0A,0xFF,0x2A,0x2A,0x0A,0xFF,
    0x2A,0x2A,0x0A,0xFF,0x2A,0x2A,0x0A,0xFF,0x2A,0x2A,0x0A,0xFF,0x2A,0x2A,0x0A,0xFF,
    0x2A,0x2A,0x0A,0xFF,0x2A,0x2A,0x0A,0xFF,0x2A,0x2A,0x0A,0xFF,0x2A,0x2A,0x0A,0xFF,
    0x2A,0x2A,0x0A,0xFF,0x2A,0x2A,0x0A,0xFF,0x2A,0x2A,0x0A,0xFF,0x2A,0x2A,0x0A,0xFF,
    0x8C,0x94,0x25,0xFF,0x8C,0x94,0x25,0xFF,0x00,0x00,0x00,0x00,0x00,0x00,0x00,0x00,
    0x00,0x00,0x00,0x00,0x00,0x00,0x00,0x00,0x00,0x00,0x00,0x00,0x8C,0x94,0x25,0xFF,
    0x2A,0x2A,0x0A,0xFF,0x2A,0x2A,0x0A,0xFF,0x2A,0x2A,0x0A,0xFF,0x2A,0x2A,0x0A,0xFF,
    0x2A,0x2A,0x0A,0xFF,0x2A,0x2A,0x0A,0xFF,0x2A,0x2A,0x0A,0xFF,0x2A,0x2A,0x0A,0xFF,
    0x2A,0x2A,0x0A,0xFF,0x2A,0x2A,0x0A,0xFF,0x2A,0x2A,0x0A,0xFF,0x2A,0x2A,0x0A,0xFF,
    0x2A,0x2A,0x0A,0xFF,0x2A,0x2A,0x0A,0xFF,0x2A,0x2A,0x0A,0xFF,0x2A,0x2A,0x0A,0xFF,
    0x2A,0x2A,0x0A,0xFF,0x2A,0x2A,0x0A,0xFF,0x2A,0x2A,0x0A,0xFF,0x2A,0x2A,0x0A,0xFF,
    0x2A,0x2A,0x0A,0xFF,0x2A,0x2A,0x0A,0xFF,0x2A,0x2A,0x0A,0xFF,0x2A,0x2A,0x0A,0xFF,
    0x2A,0x2A,0x0A,0xFF,0x8C,0x94,0x25,0xFF,0x00,0x00,0x00,0x00,0x00,0x00,0x00,0x00,
    0x00,0x00,0x00,0x00,0x00,0x00,0x00,0x00,0x00,0x00,0x00,0x00,0x8C,0x94,0x25,0xFF,
    0x2A,0x2A,0x0A,0xFF,0x2A,0x2A,0x0A,0xFF,0x2A,0x2A,0x0A,0xFF,0x2A,0x2A,0x0A,0xFF,
    0x2A,0x2A,0x0A,0xFF,0x2A,0x2A,0x0A,0xFF,0x2A,0x2A,0x0A,0xFF,0x2A,0x2A,0x0A,0xFF,
    0x2A,0x2A,0x0A,0xFF,0x2A,0x2A,0x0A,0xFF,0x2A,0x2A,0x0A,0xFF,0x2A,0x2A,0x0A,0xFF,
    0x2A,0x2A,0x0A,0xFF,0x2A,0x2A,0x0A,0xFF,0x2A,0x2A,0x0A,0xFF,0x2A,0x2A,0x0A,0xFF,
    0x2A,0x2A,0x0A,0xFF,0x2A,0x2A,0x0A,0xFF,0x2A,0x2A,0x0A,0xFF,0x2A,0x2A,0x0A,0xFF,
    0x2A,0x2A,0x0A,0xFF,0x2A,0x2A,0x0A,0xFF,0x2A,0x2A,0x0A,0xFF,0x2A,0x2A,0x0A,0xFF,
    0x2A,0x2A,0x0A,0xFF,0x8C,0x94,0x25,0xFF,0x00,0x00,0x00,0x00,0x00,0x00,0x00,0x00,
    0x00,0x00,0x00,0x00,0x00,0x00,0x00,0x00,0x00,0x00,0x00,0x00,0x8C,0x94,0x25,0xFF,
    0x2A,0x2A,0x0A,0xFF,0x2A,0x2A,0x0A,0xFF,0x2A,0x2A,0x0A,0xFF,0x2A,0x2A,0x0A,0xFF,
    0x2A,0x2A,0x0A,0xFF,0x2A,0x2A,0x0A,0xFF,0x2A,0x2A,0x0A,0xFF,0x2A,0x2A,0x0A,0xFF,
    0x2A,0x2A,0x0A,0xFF,0x2A,0x2A,0x0A,0xFF,0x2A,0x2A,0x0A,0xFF,0x2A,0x2A,0x0A,0xFF,
    0x2A,0x2A,0x0A,0xFF,0x2A,0x2A,0x0A,0xFF,0x2A,0x2A,0x0A,0xFF,0x2A,0x2A,0x0A,0xFF,
    0x2A,0x2A,0x0A,0xFF,0x2A,0x2A,0x0A,0xFF,0x2A,0x2A,0x0A,0xFF,0x2A,0x2A,0x0A,0xFF,
    0x2A,0x2A,0x0A,0xFF,0x2A,0x2A,0x0A,0xFF,0x2A,0x2A,0x0A,0xFF,0x2A,0x2A,0x0A,0xFF,
    0x2A,0x2A,0x0A,0xFF,0x8C,0x94,0x25,0xFF,0x00,0x00,0x00,0x00,0x00,0x00,0x00,0x00,
    0x00,0x00,0x00,0x00,0x00,0x00,0x00,0x00,0x00,0x00,0x00,0x00,0x8C,0x94,0x25,0xFF,
    0x2A,0x2A,0x0A,0xFF,0x2A,0x2A,0x0A,0xFF,0x2A,0x2A,0x0A,0xFF,0x2A,0x2A,0x0A,0xFF,
    0x2A,0x2A,0x0A,0xFF,0x2A,0x2A,0x0A,0xFF,0x2A,0x2A,0x0A,0xFF,0x2A,0x2A,0x0A,0xFF,
    0x2A,0x2A,0x0A,0xFF,0x2A,0x2A,0x0A,0xFF,0x2A,0x2A,0x0A,0xFF,0x2A,0x2A,0x0A,0xFF,
    0x2A,0x2A,0x0A,0xFF,0x2A,0x2A,0x0A,0xFF,0x2A,0x2A,0x0A,0xFF,0x2A,0x2A,0x0A,0xFF,
    0x2A,0x2A,0x0A,0xFF,0x2A,0x2A,0x0A,0xFF,0x2A,0x2A,0x0A,0xFF,0x2A,0x2A,0x0A,0xFF,
    0x2A,0x2A,0x0A,0xFF,0x2A,0x2A,0x0A,0xFF,0x2A,0x2A,0x0A,0xFF,0x2A,0x2A,0x0A,0xFF,
    0x2A,0x2A,0x0A,0xFF,0x8C,0x94,0x25,0xFF,0x00,0x00,0x00,0x00,0x00,0x00,0x00,0x00,
    0x00,0x00,0x00,0x00,0x00,0x00,0x00,0x00,0x00,0x00,0x00,0x00,0x8C,0x94,0x25,0xFF,
    0x2A,0x2A,0x0A,0xFF,0x2A,0x2A,0x0A,0xFF,0x2A,0x2A,0x0A,0xFF,0x2A,0x2A,0x0A,0xFF,
    0x2A,0x2A,0x0A,0xFF,0x2A,0x2A,0x0A,0xFF,0x2A,0x2A,0x0A,0xFF,0x2A,0x2A,0x0A,0xFF,
    0x2A,0x2A,0x0A,0xFF,0x2A,0x2A,0x0A,0xFF,0x2A,0x2A,0x0A,0xFF,0x2A,0x2A,0x0A,0xFF,
    0x2A,0x2A,0x0A,0xFF,0x2A,0x2A,0x0A,0xFF,0x2A,0x2A,0x0A,0xFF,0x2A,0x2A,0x0A,0xFF,
    0x2A,0x2A,0x0A,0xFF,0x2A,0x2A,0x0A,0xFF,0x2A,0x2A,0x0A,0xFF,0x2A,0x2A,0x0A,0xFF,
    0x2A,0x2A,0x0A,0xFF,0x2A,0x2A,0x0A,0xFF,0x2A,0x2A,0x0A,0xFF,0x2A,0x2A,0x0A,0xFF,
    0x2A,0x2A,0x0A,0xFF,0x8C,0x94,0x25,0xFF,0x00,0x00,0x00,0x00,0x00,0x00,0x00,0x00,
    0x00,0x00,0x00,0x00,0x00,0x00,0x00,0x00,0x00,0x00,0x00,0x00,0x8C,0x94,0x25,0xFF,
    0x2A,0x2A,0x0A,0xFF,0x2A,0x2A,0x0A,0xFF,0x2A,0x2A,0x0A,0xFF,0x2A,0x2A,0x0A,0xFF,
    0x2A,0x2A,0x0A,0xFF,0x2A,0x2A,0x0A,0xFF,0x2A,0x2A,0x0A,0xFF,0x2A,0x2A,0x0A,0xFF,
    0x2A,0x2A,0x0A,0xFF,0x2A,0x2A,0x0A,0xFF,0x2A,0x2A,0x0A,0xFF,0x2A,0x2A,0x0A,0xFF,
    0x2A,0x2A,0x0A,0xFF,0x2A,0x2A,0x0A,0xFF,0x2A,0x2A,0x0A,0xFF,0x2A,0x2A,0x0A,0xFF,
    0x2A,0x2A,0x0A,0xFF,0x2A,0x2A,0x0A,0xFF,0x2A,0x2A,0x0A,0xFF,0x2A,0x2A,0x0A,0xFF,
    0x2A,0x2A,0x0A,0xFF,0x2A,0x2A,0x0A,0xFF,0x2A,0x2A,0x0A,0xFF,0x2A,0x2A,0x0A,0xFF,
    0x2A,0x2A,0x0A,0xFF,0x8C,0x94,0x25,0xFF,0x00,0x00,0x00,0x00,0x00,0x00,0x00,0x00,
    0x00,0x00,0x00,0x00,0x00,0x00,0x00,0x00,0x00,0x00,0x00,0x00,0x8C,0x94,0x25,0xFF,
    0x2A,0x2A,0x0A,0xFF,0x2A,0x2A,0x0A,0xFF,0x2A,0x2A,0x0A,0xFF,0x2A,0x2A,0x0A,0xFF,
    0x2A,0x2A,0x0A,0xFF,0x2A,0x2A,0x0A,0xFF,0x2A,0x2A,0x0A,0xFF,0x2A,0x2A,0x0A,0xFF,
    0x2A,0x2A,0x0A,0xFF,0x2A,0x2A,0x0A,0xFF,0x2A,0x2A,0x0A,0xFF,0x2A,0x2A,0x0A,0xFF,
    0x2A,0x2A,0x0A,0xFF,0x2A,0x2A,0x0A,0xFF,0x2A,0x2A,0x0A,0xFF,0x2A,0x2A,0x0A,0xFF,
    0x2A,0x2A,0x0A,0xFF,0x2A,0x2A,0x0A,0xFF,0x2A,0x2A,0x0A,0xFF,0x2A,0x2A,0x0A,0xFF,
    0x2A,0x2A,0x0A,0xFF,0x2A,0x2A,0x0A,0xFF,0x2A,0x2A,0x0A,0xFF,0x2A,0x2A,0x0A,0xFF,
    0x2A,0x2A,0x0A,0xFF,0x8C,0x94,0x25,0xFF,0x00,0x00,0x00,0x00,0x00,0x00,0x00,0x00,
    0x00,0x00,0x00,0x00,0x00,0x00,0x00,0x00,0x00,0x00,0x00,0x00,0x8C,0x94,0x25,0xFF,
    0x2A,0x2A,0x0A,0xFF,0x2A,0x2A,0x0A,0xFF,0x2A,0x2A,0x0A,0xFF,0x2A,0x2A,0x0A,0xFF,
    0x2A,0x2A,0x0A,0xFF,0x2A,0x2A,0x0A,0xFF,0x2A,0x2A,0x0A,0xFF,0x2A,0x2A,0x0A,0xFF,
    0x2A,0x2A,0x0A,0xFF,0x2A,0x2A,0x0A,0xFF,0x2A,0x2A,0x0A,0xFF,0x2A,0x2A,0x0A,0xFF,
    0x2A,0x2A,0x0A,0xFF,0x2A,0x2A,0x0A,0xFF,0x2A,0x2A,0x0A,0xFF,0x2A,0x2A,0x0A,0xFF,
    0x2A,0x2A,0x0A,0xFF,0x2A,0x2A,0x0A,0xFF,0x2A,0x2A,0x0A,0xFF,0x2A,0x2A,0x0A,0xFF,
    0x2A,0x2A,0x0A,0xFF,0x2A,0x2A,0x0A,0xFF,0x2A,0x2A,0x0A,0xFF,0x2A,0x2A,0x0A,0xFF,
    0x2A,0x2A,0x0A,0xFF,0x8C,0x94,0x25,0xFF,0x00,0x00,0x00,0x00,0x00,0x00,0x00,0x00,
    0x00,0x00,0x00,0x00,0x00,0x00,0x00,0x00,0x00,0x00,0x00,0x00,0x8C,0x94,0x25,0xFF,
    0x2A,0x2A,0x0A,0xFF,0x2A,0x2A,0x0A,0xFF,0x2A,0x2A,0x0A,0xFF,0x2A,0x2A,0x0A,0xFF,
    0x2A,0x2A,0x0A,0xFF,0x2A,0x2A,0x0A,0xFF,0x2A,0x2A,0x0A,0xFF,0x2A,0x2A,0x0A,0xFF,
    0x2A,0x2A,0x0A,0xFF,0x2A,0x2A,0x0A,0xFF,0x2A,0x2A,0x0A,0xFF,0x2A,0x2A,0x0A,0xFF,
    0x2A,0x2A,0x0A,0xFF,0x2A,0x2A,0x0A,0xFF,0x2A,0x2A,0x0A,0xFF,0x2A,0x2A,0x0A,0xFF,
    0x2A,0x2A,0x0A,0xFF,0x2A,0x2A,0x0A,0xFF,0x2A,0x2A,0x0A,0xFF,0x2A,0x2A,0x0A,0xFF,
    0x2A,0x2A,0x0A,0xFF,0x2A,0x2A,0x0A,0xFF,0x2A,0x2A,0x0A,0xFF,0x2A,0x2A,0x0A,0xFF,
    0x2A,0x2A,0x0A,0xFF,0x8C,0x94,0x25,0xFF,0x00,0x00,0x00,0x00,0x00,0x00,0x00,0x00,
    0x00,0x00,0x00,0x00,0x00,0x00,0x00,0x00,0x00,0x00,0x00,0x00,0x8C,0x94,0x25,0xFF,
    0x8C,0x94,0x25,0xFF,0x2A,0x2A,0x0A,0xFF,0x2A,0x2A,0x0A,0xFF,0x2A,0x2A,0x0A,0xFF,
    0x2A,0x2A,0x0A,0xFF,0x2A,0x2A,0x0A,0xFF,0x2A,0x2A,0x0A,0xFF,0x2A,0x2A,0x0A,0xFF,
    0x2A,0x2A,0x0A,0xFF,0x2A,0x2A,0x0A,0xFF,0x2A,0x2A,0x0A,0xFF,0x2A,0x2A,0x0A,0xFF,
    0x2A,0x2A,0x0A,0xFF,0x2A,0x2A,0x0A,0xFF,0x2A,0x2A,0x0A,0xFF,0x2A,0x2A,0x0A,0xFF,
    0x2A,0x2A,0x0A,0xFF,0x2A,0x2A,0x0A,0xFF,0x2A,0x2A,0x0A,0xFF,0x2A,0x2A,0x0A,0xFF,
    0x2A,0x2A,0x0A,0xFF,0x2A,0x2A,0x0A,0xFF,0x2A,0x2A,0x0A,0xFF,0x2A,0x2A,0x0A,0xFF,
    0x8C,0x94,0x25,0xFF,0x8C,0x94,0x25,0xFF,0x00,0x00,0x00,0x00,0x00,0x00,0x00,0x00,
    0x00,0x00,0x00,0x00,0x00,0x00,0x00,0x00,0x00,0x00,0x00,0x00,0x00,0x00,0x00,0x00,
    0x8C,0x94,0x25,0xFF,0x2A,0x2A,0x0A,0xFF,0x2A,0x2A,0x0A,0xFF,0x2A,0x2A,0x0A,0xFF,
    0x2A,0x2A,0x0A,0xFF,0x2A,0x2A,0x0A,0xFF,0x2A,0x2A,0x0A,0xFF,0x2A,0x2A,0x0A,0xFF,
    0x2A,0x2A,0x0A,0xFF,0x2A,0x2A,0x0A,0xFF,0x2A,0x2A,0x0A,0xFF,0x2A,0x2A,0x0A,0xFF,
    0x2A,0x2A,0x0A,0xFF,0x2A,0x2A,0x0A,0xFF,0x2A,0x2A,0x0A,0xFF,0x2A,0x2A,0x0A,0xFF,
    0x2A,0x2A,0x0A,0xFF,0x2A,0x2A,0x0A,0xFF,0x2A,0x2A,0x0A,0xFF,0x2A,0x2A,0x0A,0xFF,
    0x2A,0x2A,0x0A,0xFF,0x2A,0x2A,0x0A,0xFF,0x2A,0x2A,0x0A,0xFF,0x2A,0x2A,0x0A,0xFF,
    0x8C,0x94,0x25,0xFF,0x00,0x00,0x00,0x00,0x00,0x00,0x00,0x00,0x00,0x00,0x00,0x00,
    0x00,0x00,0x00,0x00,0x00,0x00,0x00,0x00,0x00,0x00,0x00,0x00,0x00,0x00,0x00,0x00,
    0x8C,0x94,0x25,0xFF,0x8C,0x94,0x25,0xFF,0x2A,0x2A,0x0A,0xFF,0x2A,0x2A,0x0A,0xFF,
    0x2A,0x2A,0x0A,0xFF,0x2A,0x2A,0x0A,0xFF,0x2A,0x2A,0x0A,0xFF,0x2A,0x2A,0x0A,0xFF,
    0x2A,0x2A,0x0A,0xFF,0x2A,0x2A,0x0A,0xFF,0x2A,0x2A,0x0A,0xFF,0x2A,0x2A,0x0A,0xFF,
    0x2A,0x2A,0x0A,0xFF,0x2A,0x2A,0x0A,0xFF,0x2A,0x2A,0x0A,0xFF,0x2A,0x2A,0x0A,0xFF,
    0x2A,0x2A,0x0A,0xFF,0x2A,0x2A,0x0A,0xFF,0x2A,0x2A,0x0A,0xFF,0x2A,0x2A,0x0A,0xFF,
    0x2A,0x2A,0x0A,0xFF,0x2A,0x2A,0x0A,0xFF,0x2A,0x2A,0x0A,0xFF,0x8C,0x94,0x25,0xFF,
    0x8C,0x94,0x25,0xFF,0x00,0x00,0x00,0x00,0x00,0x00,0x00,0x00,0x00,0x00,0x00,0x00,
    0x00,0x00,0x00,0x00,0x00,0x00,0x00,0x00,0x00,0x00,0x00,0x00,0x00,0x00,0x00,0x00,
    0x00,0x00,0x00,0x00,0x8C,0x94,0x25,0xFF,0x2A,0x2A,0x0A,0xFF,0x2A,0x2A,0x0A,0xFF,
    0x2A,0x2A,0x0A,0xFF,0x2A,0x2A,0x0A,0xFF,0x2A,0x2A,0x0A,0xFF,0x2A,0x2A,0x0A,0xFF,
    0x2A,0x2A,0x0A,0xFF,0x2A,0x2A,0x0A,0xFF,0x2A,0x2A,0x0A,0xFF,0x2A,0x2A,0x0A,0xFF,
    0x2A,0x2A,0x0A,0xFF,0x2A,0x2A,0x0A,0xFF,0x2A,0x2A,0x0A,0xFF,0x2A,0x2A,0x0A,0xFF,
    0x2A,0x2A,0x0A,0xFF,0x2A,0x2A,0x0A,0xFF,0x2A,0x2A,0x0A,0xFF,0x2A,0x2A,0x0A,0xFF,
    0x2A,0x2A,0x0A,0xFF,0x2A,0x2A,0x0A,0xFF,0x2A,0x2A,0x0A,0xFF,0x8C,0x94,0x25,0xFF,
    0x00,0x00,0x00,0x00,0x00,0x00,0x00,0x00,0x00,0x00,0x00,0x00,0x00,0x00,0x00,0x00,
    0x00,0x00,0x00,0x00,0x00,0x00,0x00,0x00,0x00,0x00,0x00,0x00,0x00,0x00,0x00,0x00,
    0x00,0x00,0x00,0x00,0x00,0x00,0x00,0x00,0x8C,0x94,0x25,0xFF,0x2A,0x2A,0x0A,0xFF,
    0x2A,0x2A,0x0A,0xFF,0x2A,0x2A,0x0A,0xFF,0x2A,0x2A,0x0A,0xFF,0x2A,0x2A,0x0A,0xFF,
    0x2A,0x2A,0x0A,0xFF,0x2A,0x2A,0x0A,0xFF,0x2A,0x2A,0x0A,0xFF,0x2A,0x2A,0x0A,0xFF,
    0x2A,0x2A,0x0A,0xFF,0x2A,0x2A,0x0A,0xFF,0x2A,0x2A,0x0A,0xFF,0x2A,0x2A,0x0A,0xFF,
    0x2A,0x2A,0x0A,0xFF,0x2A,0x2A,0x0A,0xFF,0x2A,0x2A,0x0A,0xFF,0x2A,0x2A,0x0A,0xFF,
    0x2A,0x2A,0x0A,0xFF,0x2A,0x2A,0x0A,0xFF,0x8C,0x94,0x25,0xFF,0x00,0x00,0x00,0x00,
    0x00,0x00,0x00,0x00,0x00,0x00,0x00,0x00,0x00,0x00,0x00,0x00,0x00,0x00,0x00,0x00,
    0x00,0x00,0x00,0x00,0x00,0x00,0x00,0x00,0x00,0x00,0x00,0x00,0x00,0x00,0x00,0x00,
    0x00,0x00,0x00,0x00,0x00,0x00,0x00,0x00,0x00,0x00,0x00,0x00,0x8C,0x94,0x25,0xFF,
    0x2A,0x2A,0x0A,0xFF,0x2A,0x2A,0x0A,0xFF,0x2A,0x2A,0x0A,0xFF,0x2A,0x2A,0x0A,0xFF,
    0x2A,0x2A,0x0A,0xFF,0x2A,0x2A,0x0A,0xFF,0x2A,0x2A,0x0A,0xFF,0x2A,0x2A,0x0A,0xFF,
    0x2A,0x2A,0x0A,0xFF,0x2A,0x2A,0x0A,0xFF,0x2A,0x2A,0x0A,0xFF,0x2A,0x2A,0x0A,0xFF,
    0x2A,0x2A,0x0A,0xFF,0x2A,0x2A,0x0A,0xFF,0x2A,0x2A,0x0A,0xFF,0x2A,0x2A,0x0A,0xFF,
    0x2A,0x2A,0x0A,0xFF,0x8C,0x94,0x25,0xFF,0x00,0x00,0x00,0x00,0x00,0x00,0x00,0x00,
    0x00,0x00,0x00,0x00,0x00,0x00,0x00,0x00,0x00,0x00,0x00,0x00,0x00,0x00,0x00,0x00,
    0x00,0x00,0x00,0x00,0x00,0x00,0x00,0x00,0x00,0x00,0x00,0x00,0x00,0x00,0x00,0x00,
    0x00,0x00,0x00,0x00,0x00,0x00,0x00,0x00,0x00,0x00,0x00,0x00,0x00,0x00,0x00,0x00,
    0x8C,0x94,0x25,0xFF,0x8C,0x94,0x25,0xFF,0x2A,0x2A,0x0A,0xFF,0x2A,0x2A,0x0A,0xFF,
    0x2A,0x2A,0x0A,0xFF,0x2A,0x2A,0x0A,0xFF,0x2A,0x2A,0x0A,0xFF,0x2A,0x2A,0x0A,0xFF,
    0x2A,0x2A,0x0A,0xFF,0x2A,0x2A,0x0A,0xFF,0x2A,0x2A,0x0A,0xFF,0x2A,0x2A,0x0A,0xFF,
    0x2A,0x2A,0x0A,0xFF,0x2A,0x2A,0x0A,0xFF,0x2A,0x2A,0x0A,0xFF,0x8C,0x94,0x25,0xFF,
    0x8C,0x94,0x25,0xFF,0x00,0x00,0x00,0x00,0x00,0x00,0x00,0x00,0x00,0x00,0x00,0x00,
    0x00,0x00,0x00,0x00,0x00,0x00,0x00,0x00,0x00,0x00,0x00,0x00,0x00,0x00,0x00,0x00,
    0x00,0x00,0x00,0x00,0x00,0x00,0x00,0x00,0x00,0x00,0x00,0x00,0x00,0x00,0x00,0x00,
    0x00,0x00,0x00,0x00,0x00,0x00,0x00,0x00,0x00,0x00,0x00,0x00,0x00,0x00,0x00,0x00,
    0x00,0x00,0x00,0x00,0x8C,0x94,0x25,0xFF,0x8C,0x94,0x25,0xFF,0x8C,0x94,0x25,0xFF,
    0x2A,0x2A,0x0A,0xFF,0x2A,0x2A,0x0A,0xFF,0x2A,0x2A,0x0A,0xFF,0x2A,0x2A,0x0A,0xFF,
    0x2A,0x2A,0x0A,0xFF,0x2A,0x2A,0x0A,0xFF,0x2A,0x2A,0x0A,0xFF,0x2A,0x2A,0x0A,0xFF,
    0x2A,0x2A,0x0A,0xFF,0x8C,0x94,0x25,0xFF,0x8C,0x94,0x25,0xFF,0x8C,0x94,0x25,0xFF,
    0x00,0x00,0x00,0x00,0x00,0x00,0x00,0x00,0x00,0x00,0x00,0x00,0x00,0x00,0x00,0x00,
    0x00,0x00,0x00,0x00,0x00,0x00,0x00,0x00,0x00,0x00,0x00,0x00,0x00,0x00,0x00,0x00,
    0x00,0x00,0x00,0x00,0x00,0x00,0x00,0x00,0x00,0x00,0x00,0x00,0x00,0x00,0x00,0x00,
    0x00,0x00,0x00,0x00,0x00,0x00,0x00,0x00,0x00,0x00,0x00,0x00,0x00,0x00,0x00,0x00,
    0x00,0x00,0x00,0x00,0x00,0x00,0x00,0x00,0x00,0x00,0x00,0x00,0x8C,0x94,0x25,0xFF,
    0x8C,0x94,0x25,0xFF,0x8C,0x94,0x25,0xFF,0x8C,0x94,0x25,0xFF,0x8C,0x94,0x25,0xFF,
    0x8C,0x94,0x25,0xFF,0x8C,0x94,0x25,0xFF,0x8C,0x94,0x25,0xFF,0x8C,0x94,0x25,0xFF,
    0x8C,0x94,0x25,0xFF,0x8C,0x94,0x25,0xFF,0x00,0x00,0x00,0x00,0x00,0x00,0x00,0x00,
    0x00,0x00,0x00,0x00,0x00,0x00,0x00,0x00,0x00,0x00,0x00,0x00,0x00,0x00,0x00,0x00,
    0x00,0x00,0x00,0x00,0x00,0x00,0x00,0x00,0x00,0x00,0x00,0x00,0x00,0x00,0x00,0x00,
    0x00,0x00,0x00,0x00,0x00,0x00,0x00,0x00,0x00,0x00,0x00,0x00,0x00,0x00,0x00,0x00,
    0x00,0x00,0x00,0x00,0x00,0x00,0x00,0x00,0x00,0x00,0x00,0x00,0x00,0x00,0x00,0x00,
    0x00,0x00,0x00,0x00,0x00,0x00,0x00,0x00,0x00,0x00,0x00,0x00,0x00,0x00,0x00,0x00,
    0x00,0x00,0x00,0x00,0x00,0x00,0x00,0x00,0x00,0x00,0x00,0x00,0x00,0x00,0x00,0x00,
    0x00,0x00,0x00,0x00,0x00,0x00,0x00,0x00,0x00,0x00,0x00,0x00,0x00,0x00,0x00,0x00,
    0x00,0x00,0x00,0x00,0x00,0x00,0x00,0x00,0x00,0x00,0x00,0x00,0x00,0x00,0x00,0x00,
    0x00,0x00,0x00,0x00,0x00,0x00,0x00,0x00,0x00,0x00,0x00,0x00,0x00,0x00,0x00,0x00,
    0x00,0x00,0x00,0x00,0x00,0x00,0x00,0x00,0x00,0x00,0x00,0x00,0x00,0x00,0x00,0x00,
    0x00,0x00,0x00,0x00,0x00,0x00,0x00,0x00,0x00,0x00,0x00,0x00,0x00,0x00,0x00,0x00,
    0x00,0x00,0x00,0x00,0x00,0x00,0x00,0x00,0x00,0x00,0x00,0x00,0x00,0x00,0x00,0x00,
    0x00,0x00,0x00,0x00,0x00,0x00,0x00,0x00,0x00,0x00,0x00,0x00,0x00,0x00,0x00,0x00,
    0x00,0x00,0x00,0x00,0x00,0x00,0x00,0x00,0x00,0x00,0x00,0x00,0x00,0x00,0x00,0x00,
    0x00,0x00,0x00,0x00,0x00,0x00,0x00,0x00,0x00,0x00,0x00,0x00,0x00,0x00,0x00,0x00,
    0x00,0x00,0x00,0x00,0x00,0x00,0x00,0x00,0x00,0x00,0x00,0x00,0x00,0x00,0x00,0x00,
    0x00,0x00,0x00,0x00,0x00,0x00,0x00,0x00,0x00,0x00,0x00,0x00,0x00,0x00,0x00,0x00,
    0x00,0x00,0x00,0x00,0x00,0x00,0x00,0x00,0x00,0x00,0x00,0x00,0x00,0x00,0x00,0x00,
};

static const uint8_t icon_data_media_player[] = {
    0x44,0x52,0x43,0x4F,0x20,0x00,0x20,0x00,0x20,0x00,0x00,0x00,0x00,0x00,0x00,0x00,
    0x00,0x00,0x00,0x00,0x00,0x00,0x00,0x00,0x00,0x00,0x00,0x00,0x00,0x00,0x00,0x00,
    0x00,0x00,0x00,0x00,0x00,0x00,0x00,0x00,0x00,0x00,0x00,0x00,0x00,0x00,0x00,0x00,
    0x00,0x00,0x00,0x00,0x00,0x00,0x00,0x00,0x00,0x00,0x00,0x00,0x00,0x00,0x00,0x00,
    0x00,0x00,0x00,0x00,0x00,0x00,0x00,0x00,0x00,0x00,0x00,0x00,0x00,0x00,0x00,0x00,
    0x00,0x00,0x00,0x00,0x00,0x00,0x00,0x00,0x00,0x00,0x00,0x00,0x00,0x00,0x00,0x00,
    0x00,0x00,0x00,0x00,0x00,0x00,0x00,0x00,0x00,0x00,0x00,0x00,0x00,0x00,0x00,0x00,
    0x00,0x00,0x00,0x00,0x00,0x00,0x00,0x00,0x00,0x00,0x00,0x00,0x00,0x00,0x00,0x00,
    0x00,0x00,0x00,0x00,0x00,0x00,0x00,0x00,0x00,0x00,0x00,0x00,0x00,0x00,0x00,0x00,
    0x00,0x00,0x00,0x00,0x00,0x00,0x00,0x00,0x00,0x00,0x00,0x00,0x00,0x00,0x00,0x00,
    0x00,0x00,0x00,0x00,0x00,0x00,0x00,0x00,0x00,0x00,0x00,0x00,0x00,0x00,0x00,0x00,
    0x00,0x00,0x00,0x00,0x00,0x00,0x00,0x00,0x00,0x00,0x00,0x00,0x00,0x00,0x00,0x00,
    0x00,0x00,0x00,0x00,0x00,0x00,0x00,0x00,0x00,0x00,0x00,0x00,0x00,0x00,0x00,0x00,
    0x00,0x00,0x00,0x00,0x00,0x00,0x00,0x00,0x00,0x00,0x00,0x00,0x00,0x00,0x00,0x00,
    0x00,0x00,0x00,0x00,0x00,0x00,0x00,0x00,0x00,0x00,0x00,0x00,0x00,0x00,0x00,0x00,
    0x00,0x00,0x00,0x00,0x00,0x00,0x00,0x00,0x00,0x00,0x00,0x00,0x00,0x00,0x00,0x00,
    0x00,0x00,0x00,0x00,0x00,0x00,0x00,0x00,0x00,0x00,0x00,0x00,0x00,0x00,0x00,0x00,
    0x00,0x00,0x00,0x00,0x00,0x00,0x00,0x00,0x00,0x00,0x00,0x00,0x00,0x00,0x00,0x00,
    0x00,0x00,0x00,0x00,0x00,0x00,0x00,0x00,0x00,0x00,0x00,0x00,0x00,0x00,0x00,0x00,
    0x00,0x00,0x00,0x00,0x00,0x00,0x00,0x00,0x00,0x00,0x00,0x00,0x00,0x00,0x00,0x00,
    0x00,0x00,0x00,0x00,0x00,0x00,0x00,0x00,0x00,0x00,0x00,0x00,0x00,0x00,0x00,0x00,
    0x00,0x00,0x00,0x00,0x00,0x00,0x00,0x00,0x00,0x00,0x00,0x00,0x00,0x00,0x00,0x00,
    0x00,0x00,0x00,0x00,0x00,0x00,0x00,0x00,0x00,0x00,0x00,0x00,0x00,0x00,0x00,0x00,
    0x00,0x00,0x00,0x00,0x00,0x00,0x00,0x00,0x00,0x00,0x00,0x00,0x00,0x00,0x00,0x00,
    0x00,0x00,0x00,0x00,0x00,0x00,0x00,0x00,0x00,0x00,0x00,0x00,0x00,0x00,0x00,0x00,
    0x00,0x00,0x00,0x00,0x00,0x00,0x00,0x00,0x00,0x00,0x00,0x00,0x00,0x00,0x00,0x00,
    0x00,0x00,0x00,0x00,0x00,0x00,0x00,0x00,0x00,0x00,0x00,0x00,0x00,0x00,0x00,0x00,
    0x00,0x00,0x00,0x00,0x00,0x00,0x00,0x00,0x00,0x00,0x00,0x00,0x25,0x8C,0x8C,0xFF,
    0x25,0x8C,0x8C,0xFF,0x25,0x8C,0x8C,0xFF,0x25,0x8C,0x8C,0xFF,0x25,0x8C,0x8C,0xFF,
    0x25,0x8C,0x8C,0xFF,0x25,0x8C,0x8C,0xFF,0x25,0x8C,0x8C,0xFF,0x25,0x8C,0x8C,0xFF,
    0x25,0x8C,0x8C,0xFF,0x25,0x8C,0x8C,0xFF,0x00,0x00,0x00,0x00,0x00,0x00,0x00,0x00,
    0x00,0x00,0x00,0x00,0x00,0x00,0x00,0x00,0x00,0x00,0x00,0x00,0x00,0x00,0x00,0x00,
    0x00,0x00,0x00,0x00,0x00,0x00,0x00,0x00,0x00,0x00,0x00,0x00,0x00,0x00,0x00,0x00,
    0x00,0x00,0x00,0x00,0x00,0x00,0x00,0x00,0x00,0x00,0x00,0x00,0x00,0x00,0x00,0x00,
    0x00,0x00,0x00,0x00,0x00,0x00,0x00,0x00,0x00,0x00,0x00,0x00,0x00,0x00,0x00,0x00,
    0x00,0x00,0x00,0x00,0x25,0x8C,0x8C,0xFF,0x25,0x8C,0x8C,0xFF,0x25,0x8C,0x8C,0xFF,
    0x0A,0x1A,0x1A,0xFF,0x0A,0x1A,0x1A,0xFF,0x0A,0x1A,0x1A,0xFF,0x0A,0x1A,0x1A,0xFF,
    0x0A,0x1A,0x1A,0xFF,0x0A,0x1A,0x1A,0xFF,0x0A,0x1A,0x1A,0xFF,0x0A,0x1A,0x1A,0xFF,
    0x0A,0x1A,0x1A,0xFF,0x25,0x8C,0x8C,0xFF,0x25,0x8C,0x8C,0xFF,0x25,0x8C,0x8C,0xFF,
    0x00,0x00,0x00,0x00,0x00,0x00,0x00,0x00,0x00,0x00,0x00,0x00,0x00,0x00,0x00,0x00,
    0x00,0x00,0x00,0x00,0x00,0x00,0x00,0x00,0x00,0x00,0x00,0x00,0x00,0x00,0x00,0x00,
    0x00,0x00,0x00,0x00,0x00,0x00,0x00,0x00,0x00,0x00,0x00,0x00,0x00,0x00,0x00,0x00,
    0x00,0x00,0x00,0x00,0x00,0x00,0x00,0x00,0x00,0x00,0x00,0x00,0x00,0x00,0x00,0x00,
    0x25,0x8C,0x8C,0xFF,0x25,0x8C,0x8C,0xFF,0x0A,0x1A,0x1A,0xFF,0x0A,0x1A,0x1A,0xFF,
    0x0A,0x1A,0x1A,0xFF,0x0A,0x1A,0x1A,0xFF,0x0A,0x1A,0x1A,0xFF,0x0A,0x1A,0x1A,0xFF,
    0x0A,0x1A,0x1A,0xFF,0x0A,0x1A,0x1A,0xFF,0x0A,0x1A,0x1A,0xFF,0x0A,0x1A,0x1A,0xFF,
    0x0A,0x1A,0x1A,0xFF,0x0A,0x1A,0x1A,0xFF,0x0A,0x1A,0x1A,0xFF,0x25,0x8C,0x8C,0xFF,
    0x25,0x8C,0x8C,0xFF,0x00,0x00,0x00,0x00,0x00,0x00,0x00,0x00,0x00,0x00,0x00,0x00,
    0x00,0x00,0x00,0x00,0x00,0x00,0x00,0x00,0x00,0x00,0x00,0x00,0x00,0x00,0x00,0x00,
    0x00,0x00,0x00,0x00,0x00,0x00,0x00,0x00,0x00,0x00,0x00,0x00,0x00,0x00,0x00,0x00,
    0x00,0x00,0x00,0x00,0x00,0x00,0x00,0x00,0x00,0x00,0x00,0x00,0x25,0x8C,0x8C,0xFF,
    0x0A,0x1A,0x1A,0xFF,0x0A,0x1A,0x1A,0xFF,0x0A,0x1A,0x1A,0xFF,0x0A,0x1A,0x1A,0xFF,
    0x0A,0x1A,0x1A,0xFF,0x0A,0x1A,0x1A,0xFF,0x0A,0x1A,0x1A,0xFF,0x0A,0x1A,0x1A,0xFF,
    0x0A,0x1A,0x1A,0xFF,0x0A,0x1A,0x1A,0xFF,0x0A,0x1A,0x1A,0xFF,0x0A,0x1A,0x1A,0xFF,
    0x0A,0x1A,0x1A,0xFF,0x0A,0x1A,0x1A,0xFF,0x0A,0x1A,0x1A,0xFF,0x0A,0x1A,0x1A,0xFF,
    0x0A,0x1A,0x1A,0xFF,0x25,0x8C,0x8C,0xFF,0x00,0x00,0x00,0x00,0x00,0x00,0x00,0x00,
    0x00,0x00,0x00,0x00,0x00,0x00,0x00,0x00,0x00,0x00,0x00,0x00,0x00,0x00,0x00,0x00,
    0x00,0x00,0x00,0x00,0x00,0x00,0x00,0x00,0x00,0x00,0x00,0x00,0x00,0x00,0x00,0x00,
    0x00,0x00,0x00,0x00,0x00,0x00,0x00,0x00,0x25,0x8C,0x8C,0xFF,0x0A,0x1A,0x1A,0xFF,
    0x0A,0x1A,0x1A,0xFF,0x0A,0x1A,0x1A,0xFF,0x0A,0x1A,0x1A,0xFF,0x0A,0x1A,0x1A,0xFF,
    0x0A,0x1A,0x1A,0xFF,0x0A,0x1A,0x1A,0xFF,0x0A,0x1A,0x1A,0xFF,0x0A,0x1A,0x1A,0xFF,
    0x0A,0x1A,0x1A,0xFF,0x0A,0x1A,0x1A,0xFF,0x0A,0x1A,0x1A,0xFF,0x0A,0x1A,0x1A,0xFF,
    0x0A,0x1A,0x1A,0xFF,0x0A,0x1A,0x1A,0xFF,0x0A,0x1A,0x1A,0xFF,0x0A,0x1A,0x1A,0xFF,
    0x0A,0x1A,0x1A,0xFF,0x0A,0x1A,0x1A,0xFF,0x25,0x8C,0x8C,0xFF,0x00,0x00,0x00,0x00,
    0x00,0x00,0x00,0x00,0x00,0x00,0x00,0x00,0x00,0x00,0x00,0x00,0x00,0x00,0x00,0x00,
    0x00,0x00,0x00,0x00,0x00,0x00,0x00,0x00,0x00,0x00,0x00,0x00,0x00,0x00,0x00,0x00,
    0x00,0x00,0x00,0x00,0x25,0x8C,0x8C,0xFF,0x0A,0x1A,0x1A,0xFF,0x0A,0x1A,0x1A,0xFF,
    0x0A,0x1A,0x1A,0xFF,0x0A,0x1A,0x1A,0xFF,0x0A,0x1A,0x1A,0xFF,0x0A,0x1A,0x1A,0xFF,
    0x0A,0x1A,0x1A,0xFF,0x0A,0x1A,0x1A,0xFF,0x0A,0x1A,0x1A,0xFF,0x0A,0x1A,0x1A,0xFF,
    0x0A,0x1A,0x1A,0xFF,0x0A,0x1A,0x1A,0xFF,0x0A,0x1A,0x1A,0xFF,0x0A,0x1A,0x1A,0xFF,
    0x0A,0x1A,0x1A,0xFF,0x0A,0x1A,0x1A,0xFF,0x0A,0x1A,0x1A,0xFF,0x0A,0x1A,0x1A,0xFF,
    0x0A,0x1A,0x1A,0xFF,0x0A,0x1A,0x1A,0xFF,0x0A,0x1A,0x1A,0xFF,0x25,0x8C,0x8C,0xFF,
    0x00,0x00,0x00,0x00,0x00,0x00,0x00,0x00,0x00,0x00,0x00,0x00,0x00,0x00,0x00,0x00,
    0x00,0x00,0x00,0x00,0x00,0x00,0x00,0x00,0x00,0x00,0x00,0x00,0x00,0x00,0x00,0x00,
    0x25,0x8C,0x8C,0xFF,0x25,0x8C,0x8C,0xFF,0x0A,0x1A,0x1A,0xFF,0x0A,0x1A,0x1A,0xFF,
    0x0A,0x1A,0x1A,0xFF,0x0A,0x1A,0x1A,0xFF,0x0A,0x1A,0x1A,0xFF,0x0A,0x1A,0x1A,0xFF,
    0x0A,0x1A,0x1A,0xFF,0x0A,0x1A,0x1A,0xFF,0x0A,0x1A,0x1A,0xFF,0x0A,0x1A,0x1A,0xFF,
    0x0A,0x1A,0x1A,0xFF,0x0A,0x1A,0x1A,0xFF,0x0A,0x1A,0x1A,0xFF,0x0A,0x1A,0x1A,0xFF,
    0x0A,0x1A,0x1A,0xFF,0x0A,0x1A,0x1A,0xFF,0x0A,0x1A,0x1A,0xFF,0x0A,0x1A,0x1A,0xFF,
    0x0A,0x1A,0x1A,0xFF,0x0A,0x1A,0x1A,0xFF,0x0A,0x1A,0x1A,0xFF,0x25,0x8C,0x8C,0xFF,
    0x25,0x8C,0x8C,0xFF,0x00,0x00,0x00,0x00,0x00,0x00,0x00,0x00,0x00,0x00,0x00,0x00,
    0x00,0x00,0x00,0x00,0x00,0x00,0x00,0x00,0x00,0x00,0x00,0x00,0x00,0x00,0x00,0x00,
    0x25,0x8C,0x8C,0xFF,0x0A,0x1A,0x1A,0xFF,0x0A,0x1A,0x1A,0xFF,0x0A,0x1A,0x1A,0xFF,
    0x0A,0x1A,0x1A,0xFF,0x0A,0x1A,0x1A,0xFF,0x0A,0x1A,0x1A,0xFF,0x0A,0x1A,0x1A,0xFF,
    0x0A,0x1A,0x1A,0xFF,0x0A,0x1A,0x1A,0xFF,0x0A,0x1A,0x1A,0xFF,0x0A,0x1A,0x1A,0xFF,
    0x0A,0x1A,0x1A,0xFF,0x0A,0x1A,0x1A,0xFF,0x0A,0x1A,0x1A,0xFF,0x0A,0x1A,0x1A,0xFF,
    0x0A,0x1A,0x1A,0xFF,0x0A,0x1A,0x1A,0xFF,0x0A,0x1A,0x1A,0xFF,0x0A,0x1A,0x1A,0xFF,
    0x0A,0x1A,0x1A,0xFF,0x0A,0x1A,0x1A,0xFF,0x0A,0x1A,0x1A,0xFF,0x0A,0x1A,0x1A,0xFF,
    0x25,0x8C,0x8C,0xFF,0x00,0x00,0x00,0x00,0x00,0x00,0x00,0x00,0x00,0x00,0x00,0x00,
    0x00,0x00,0x00,0x00,0x00,0x00,0x00,0x00,0x00,0x00,0x00,0x00,0x25,0x8C,0x8C,0xFF,
    0x25,0x8C,0x8C,0xFF,0x0A,0x1A,0x1A,0xFF,0x0A,0x1A,0x1A,0xFF,0x0A,0x1A,0x1A,0xFF,
    0x0A,0x1A,0x1A,0xFF,0x0A,0x1A,0x1A,0xFF,0x0A,0x1A,0x1A,0xFF,0x0A,0x1A,0x1A,0xFF,
    0x0A,0x1A,0x1A,0xFF,0x0A,0x1A,0x1A,0xFF,0x0A,0x1A,0x1A,0xFF,0x0A,0x1A,0x1A,0xFF,
    0x0A,0x1A,0x1A,0xFF,0x0A,0x1A,0x1A,0xFF,0x0A,0x1A,0x1A,0xFF,0x0A,0x1A,0x1A,0xFF,
    0x0A,0x1A,0x1A,0xFF,0x0A,0x1A,0x1A,0xFF,0x0A,0x1A,0x1A,0xFF,0x0A,0x1A,0x1A,0xFF,
    0x0A,0x1A,0x1A,0xFF,0x0A,0x1A,0x1A,0xFF,0x0A,0x1A,0x1A,0xFF,0x0A,0x1A,0x1A,0xFF,
    0x25,0x8C,0x8C,0xFF,0x25,0x8C,0x8C,0xFF,0x00,0x00,0x00,0x00,0x00,0x00,0x00,0x00,
    0x00,0x00,0x00,0x00,0x00,0x00,0x00,0x00,0x00,0x00,0x00,0x00,0x25,0x8C,0x8C,0xFF,
    0x0A,0x1A,0x1A,0xFF,0x0A,0x1A,0x1A,0xFF,0x0A,0x1A,0x1A,0xFF,0x0A,0x1A,0x1A,0xFF,
    0x0A,0x1A,0x1A,0xFF,0x0A,0x1A,0x1A,0xFF,0x0A,0x1A,0x1A,0xFF,0x0A,0x1A,0x1A,0xFF,
    0x0A,0x1A,0x1A,0xFF,0x0A,0x1A,0x1A,0xFF,0x0A,0x1A,0x1A,0xFF,0x0A,0x1A,0x1A,0xFF,
    0x0A,0x1A,0x1A,0xFF,0x0A,0x1A,0x1A,0xFF,0x0A,0x1A,0x1A,0xFF,0x0A,0x1A,0x1A,0xFF,
    0x0A,0x1A,0x1A,0xFF,0x0A,0x1A,0x1A,0xFF,0x0A,0x1A,0x1A,0xFF,0x0A,0x1A,0x1A,0xFF,
    0x0A,0x1A,0x1A,0xFF,0x0A,0x1A,0x1A,0xFF,0x0A,0x1A,0x1A,0xFF,0x0A,0x1A,0x1A,0xFF,
    0x0A,0x1A,0x1A,0xFF,0x25,0x8C,0x8C,0xFF,0x00,0x00,0x00,0x00,0x00,0x00,0x00,0x00,
    0x00,0x00,0x00,0x00,0x00,0x00,0x00,0x00,0x00,0x00,0x00,0x00,0x25,0x8C,0x8C,0xFF,
    0x0A,0x1A,0x1A,0xFF,0x0A,0x1A,0x1A,0xFF,0x0A,0x1A,0x1A,0xFF,0x0A,0x1A,0x1A,0xFF,
    0x0A,0x1A,0x1A,0xFF,0x0A,0x1A,0x1A,0xFF,0x0A,0x1A,0x1A,0xFF,0x0A,0x1A,0x1A,0xFF,
    0x0A,0x1A,0x1A,0xFF,0x0A,0x1A,0x1A,0xFF,0x0A,0x1A,0x1A,0xFF,0x0A,0x1A,0x1A,0xFF,
    0x0A,0x1A,0x1A,0xFF,0x0A,0x1A,0x1A,0xFF,0x0A,0x1A,0x1A,0xFF,0x0A,0x1A,0x1A,0xFF,
    0x0A,0x1A,0x1A,0xFF,0x0A,0x1A,0x1A,0xFF,0x0A,0x1A,0x1A,0xFF,0x0A,0x1A,0x1A,0xFF,
    0x0A,0x1A,0x1A,0xFF,0x0A,0x1A,0x1A,0xFF,0x0A,0x1A,0x1A,0xFF,0x0A,0x1A,0x1A,0xFF,
    0x0A,0x1A,0x1A,0xFF,0x25,0x8C,0x8C,0xFF,0x00,0x00,0x00,0x00,0x00,0x00,0x00,0x00,
    0x00,0x00,0x00,0x00,0x00,0x00,0x00,0x00,0x00,0x00,0x00,0x00,0x25,0x8C,0x8C,0xFF,
    0x0A,0x1A,0x1A,0xFF,0x0A,0x1A,0x1A,0xFF,0x0A,0x1A,0x1A,0xFF,0x0A,0x1A,0x1A,0xFF,
    0x0A,0x1A,0x1A,0xFF,0x0A,0x1A,0x1A,0xFF,0x0A,0x1A,0x1A,0xFF,0x0A,0x1A,0x1A,0xFF,
    0x0A,0x1A,0x1A,0xFF,0x0A,0x1A,0x1A,0xFF,0x0A,0x1A,0x1A,0xFF,0x0A,0x1A,0x1A,0xFF,
    0x0A,0x1A,0x1A,0xFF,0x0A,0x1A,0x1A,0xFF,0x0A,0x1A,0x1A,0xFF,0x0A,0x1A,0x1A,0xFF,
    0x0A,0x1A,0x1A,0xFF,0x0A,0x1A,0x1A,0xFF,0x0A,0x1A,0x1A,0xFF,0x0A,0x1A,0x1A,0xFF,
    0x0A,0x1A,0x1A,0xFF,0x0A,0x1A,0x1A,0xFF,0x0A,0x1A,0x1A,0xFF,0x0A,0x1A,0x1A,0xFF,
    0x0A,0x1A,0x1A,0xFF,0x25,0x8C,0x8C,0xFF,0x00,0x00,0x00,0x00,0x00,0x00,0x00,0x00,
    0x00,0x00,0x00,0x00,0x00,0x00,0x00,0x00,0x00,0x00,0x00,0x00,0x25,0x8C,0x8C,0xFF,
    0x0A,0x1A,0x1A,0xFF,0x0A,0x1A,0x1A,0xFF,0x0A,0x1A,0x1A,0xFF,0x0A,0x1A,0x1A,0xFF,
    0x0A,0x1A,0x1A,0xFF,0x0A,0x1A,0x1A,0xFF,0x0A,0x1A,0x1A,0xFF,0x0A,0x1A,0x1A,0xFF,
    0x0A,0x1A,0x1A,0xFF,0x0A,0x1A,0x1A,0xFF,0x0A,0x1A,0x1A,0xFF,0x0A,0x1A,0x1A,0xFF,
    0x0A,0x1A,0x1A,0xFF,0x0A,0x1A,0x1A,0xFF,0x0A,0x1A,0x1A,0xFF,0x0A,0x1A,0x1A,0xFF,
    0x0A,0x1A,0x1A,0xFF,0x0A,0x1A,0x1A,0xFF,0x0A,0x1A,0x1A,0xFF,0x0A,0x1A,0x1A,0xFF,
    0x0A,0x1A,0x1A,0xFF,0x0A,0x1A,0x1A,0xFF,0x0A,0x1A,0x1A,0xFF,0x0A,0x1A,0x1A,0xFF,
    0x0A,0x1A,0x1A,0xFF,0x25,0x8C,0x8C,0xFF,0x00,0x00,0x00,0x00,0x00,0x00,0x00,0x00,
    0x00,0x00,0x00,0x00,0x00,0x00,0x00,0x00,0x00,0x00,0x00,0x00,0x25,0x8C,0x8C,0xFF,
    0x0A,0x1A,0x1A,0xFF,0x0A,0x1A,0x1A,0xFF,0x0A,0x1A,0x1A,0xFF,0x0A,0x1A,0x1A,0xFF,
    0x0A,0x1A,0x1A,0xFF,0x0A,0x1A,0x1A,0xFF,0x0A,0x1A,0x1A,0xFF,0x0A,0x1A,0x1A,0xFF,
    0x0A,0x1A,0x1A,0xFF,0x0A,0x1A,0x1A,0xFF,0x0A,0x1A,0x1A,0xFF,0x0A,0x1A,0x1A,0xFF,
    0x0A,0x1A,0x1A,0xFF,0x0A,0x1A,0x1A,0xFF,0x0A,0x1A,0x1A,0xFF,0x0A,0x1A,0x1A,0xFF,
    0x0A,0x1A,0x1A,0xFF,0x0A,0x1A,0x1A,0xFF,0x0A,0x1A,0x1A,0xFF,0x0A,0x1A,0x1A,0xFF,
    0x0A,0x1A,0x1A,0xFF,0x0A,0x1A,0x1A,0xFF,0x0A,0x1A,0x1A,0xFF,0x0A,0x1A,0x1A,0xFF,
    0x0A,0x1A,0x1A,0xFF,0x25,0x8C,0x8C,0xFF,0x00,0x00,0x00,0x00,0x00,0x00,0x00,0x00,
    0x00,0x00,0x00,0x00,0x00,0x00,0x00,0x00,0x00,0x00,0x00,0x00,0x25,0x8C,0x8C,0xFF,
    0x0A,0x1A,0x1A,0xFF,0x0A,0x1A,0x1A,0xFF,0x0A,0x1A,0x1A,0xFF,0x0A,0x1A,0x1A,0xFF,
    0x0A,0x1A,0x1A,0xFF,0x0A,0x1A,0x1A,0xFF,0x0A,0x1A,0x1A,0xFF,0x0A,0x1A,0x1A,0xFF,
    0x0A,0x1A,0x1A,0xFF,0x0A,0x1A,0x1A,0xFF,0x0A,0x1A,0x1A,0xFF,0x0A,0x1A,0x1A,0xFF,
    0x0A,0x1A,0x1A,0xFF,0x0A,0x1A,0x1A,0xFF,0x0A,0x1A,0x1A,0xFF,0x0A,0x1A,0x1A,0xFF,
    0x0A,0x1A,0x1A,0xFF,0x0A,0x1A,0x1A,0xFF,0x0A,0x1A,0x1A,0xFF,0x0A,0x1A,0x1A,0xFF,
    0x0A,0x1A,0x1A,0xFF,0x0A,0x1A,0x1A,0xFF,0x0A,0x1A,0x1A,0xFF,0x0A,0x1A,0x1A,0xFF,
    0x0A,0x1A,0x1A,0xFF,0x25,0x8C,0x8C,0xFF,0x00,0x00,0x00,0x00,0x00,0x00,0x00,0x00,
    0x00,0x00,0x00,0x00,0x00,0x00,0x00,0x00,0x00,0x00,0x00,0x00,0x25,0x8C,0x8C,0xFF,
    0x0A,0x1A,0x1A,0xFF,0x0A,0x1A,0x1A,0xFF,0x0A,0x1A,0x1A,0xFF,0x0A,0x1A,0x1A,0xFF,
    0x0A,0x1A,0x1A,0xFF,0x0A,0x1A,0x1A,0xFF,0x0A,0x1A,0x1A,0xFF,0x0A,0x1A,0x1A,0xFF,
    0x0A,0x1A,0x1A,0xFF,0x0A,0x1A,0x1A,0xFF,0x0A,0x1A,0x1A,0xFF,0x0A,0x1A,0x1A,0xFF,
    0x0A,0x1A,0x1A,0xFF,0x0A,0x1A,0x1A,0xFF,0x0A,0x1A,0x1A,0xFF,0x0A,0x1A,0x1A,0xFF,
    0x0A,0x1A,0x1A,0xFF,0x0A,0x1A,0x1A,0xFF,0x0A,0x1A,0x1A,0xFF,0x0A,0x1A,0x1A,0xFF,
    0x0A,0x1A,0x1A,0xFF,0x0A,0x1A,0x1A,0xFF,0x0A,0x1A,0x1A,0xFF,0x0A,0x1A,0x1A,0xFF,
    0x0A,0x1A,0x1A,0xFF,0x25,0x8C,0x8C,0xFF,0x00,0x00,0x00,0x00,0x00,0x00,0x00,0x00,
    0x00,0x00,0x00,0x00,0x00,0x00,0x00,0x00,0x00,0x00,0x00,0x00,0x25,0x8C,0x8C,0xFF,
    0x0A,0x1A,0x1A,0xFF,0x0A,0x1A,0x1A,0xFF,0x0A,0x1A,0x1A,0xFF,0x0A,0x1A,0x1A,0xFF,
    0x0A,0x1A,0x1A,0xFF,0x0A,0x1A,0x1A,0xFF,0x0A,0x1A,0x1A,0xFF,0x0A,0x1A,0x1A,0xFF,
    0x0A,0x1A,0x1A,0xFF,0x0A,0x1A,0x1A,0xFF,0x0A,0x1A,0x1A,0xFF,0x0A,0x1A,0x1A,0xFF,
    0x0A,0x1A,0x1A,0xFF,0x0A,0x1A,0x1A,0xFF,0x0A,0x1A,0x1A,0xFF,0x0A,0x1A,0x1A,0xFF,
    0x0A,0x1A,0x1A,0xFF,0x0A,0x1A,0x1A,0xFF,0x0A,0x1A,0x1A,0xFF,0x0A,0x1A,0x1A,0xFF,
    0x0A,0x1A,0x1A,0xFF,0x0A,0x1A,0x1A,0xFF,0x0A,0x1A,0x1A,0xFF,0x0A,0x1A,0x1A,0xFF,
    0x0A,0x1A,0x1A,0xFF,0x25,0x8C,0x8C,0xFF,0x00,0x00,0x00,0x00,0x00,0x00,0x00,0x00,
    0x00,0x00,0x00,0x00,0x00,0x00,0x00,0x00,0x00,0x00,0x00,0x00,0x25,0x8C,0x8C,0xFF,
    0x0A,0x1A,0x1A,0xFF,0x0A,0x1A,0x1A,0xFF,0x0A,0x1A,0x1A,0xFF,0x0A,0x1A,0x1A,0xFF,
    0x0A,0x1A,0x1A,0xFF,0x0A,0x1A,0x1A,0xFF,0x0A,0x1A,0x1A,0xFF,0x0A,0x1A,0x1A,0xFF,
    0x0A,0x1A,0x1A,0xFF,0x0A,0x1A,0x1A,0xFF,0x0A,0x1A,0x1A,0xFF,0x0A,0x1A,0x1A,0xFF,
    0x0A,0x1A,0x1A,0xFF,0x0A,0x1A,0x1A,0xFF,0x0A,0x1A,0x1A,0xFF,0x0A,0x1A,0x1A,0xFF,
    0x0A,0x1A,0x1A,0xFF,0x0A,0x1A,0x1A,0xFF,0x0A,0x1A,0x1A,0xFF,0x0A,0x1A,0x1A,0xFF,
    0x0A,0x1A,0x1A,0xFF,0x0A,0x1A,0x1A,0xFF,0x0A,0x1A,0x1A,0xFF,0x0A,0x1A,0x1A,0xFF,
    0x0A,0x1A,0x1A,0xFF,0x25,0x8C,0x8C,0xFF,0x00,0x00,0x00,0x00,0x00,0x00,0x00,0x00,
    0x00,0x00,0x00,0x00,0x00,0x00,0x00,0x00,0x00,0x00,0x00,0x00,0x25,0x8C,0x8C,0xFF,
    0x25,0x8C,0x8C,0xFF,0x0A,0x1A,0x1A,0xFF,0x0A,0x1A,0x1A,0xFF,0x0A,0x1A,0x1A,0xFF,
    0x0A,0x1A,0x1A,0xFF,0x0A,0x1A,0x1A,0xFF,0x0A,0x1A,0x1A,0xFF,0x0A,0x1A,0x1A,0xFF,
    0x0A,0x1A,0x1A,0xFF,0x0A,0x1A,0x1A,0xFF,0x0A,0x1A,0x1A,0xFF,0x0A,0x1A,0x1A,0xFF,
    0x0A,0x1A,0x1A,0xFF,0x0A,0x1A,0x1A,0xFF,0x0A,0x1A,0x1A,0xFF,0x0A,0x1A,0x1A,0xFF,
    0x0A,0x1A,0x1A,0xFF,0x0A,0x1A,0x1A,0xFF,0x0A,0x1A,0x1A,0xFF,0x0A,0x1A,0x1A,0xFF,
    0x0A,0x1A,0x1A,0xFF,0x0A,0x1A,0x1A,0xFF,0x0A,0x1A,0x1A,0xFF,0x0A,0x1A,0x1A,0xFF,
    0x25,0x8C,0x8C,0xFF,0x25,0x8C,0x8C,0xFF,0x00,0x00,0x00,0x00,0x00,0x00,0x00,0x00,
    0x00,0x00,0x00,0x00,0x00,0x00,0x00,0x00,0x00,0x00,0x00,0x00,0x00,0x00,0x00,0x00,
    0x25,0x8C,0x8C,0xFF,0x0A,0x1A,0x1A,0xFF,0x0A,0x1A,0x1A,0xFF,0x0A,0x1A,0x1A,0xFF,
    0x0A,0x1A,0x1A,0xFF,0x0A,0x1A,0x1A,0xFF,0x0A,0x1A,0x1A,0xFF,0x0A,0x1A,0x1A,0xFF,
    0x0A,0x1A,0x1A,0xFF,0x0A,0x1A,0x1A,0xFF,0x0A,0x1A,0x1A,0xFF,0x0A,0x1A,0x1A,0xFF,
    0x0A,0x1A,0x1A,0xFF,0x0A,0x1A,0x1A,0xFF,0x0A,0x1A,0x1A,0xFF,0x0A,0x1A,0x1A,0xFF,
    0x0A,0x1A,0x1A,0xFF,0x0A,0x1A,0x1A,0xFF,0x0A,0x1A,0x1A,0xFF,0x0A,0x1A,0x1A,0xFF,
    0x0A,0x1A,0x1A,0xFF,0x0A,0x1A,0x1A,0xFF,0x0A,0x1A,0x1A,0xFF,0x0A,0x1A,0x1A,0xFF,
    0x25,0x8C,0x8C,0xFF,0x00,0x00,0x00,0x00,0x00,0x00,0x00,0x00,0x00,0x00,0x00,0x00,
    0x00,0x00,0x00,0x00,0x00,0x00,0x00,0x00,0x00,0x00,0x00,0x00,0x00,0x00,0x00,0x00,
    0x25,0x8C,0x8C,0xFF,0x25,0x8C,0x8C,0xFF,0x0A,0x1A,0x1A,0xFF,0x0A,0x1A,0x1A,0xFF,
    0x0A,0x1A,0x1A,0xFF,0x0A,0x1A,0x1A,0xFF,0x0A,0x1A,0x1A,0xFF,0x0A,0x1A,0x1A,0xFF,
    0x0A,0x1A,0x1A,0xFF,0x0A,0x1A,0x1A,0xFF,0x0A,0x1A,0x1A,0xFF,0x0A,0x1A,0x1A,0xFF,
    0x0A,0x1A,0x1A,0xFF,0x0A,0x1A,0x1A,0xFF,0x0A,0x1A,0x1A,0xFF,0x0A,0x1A,0x1A,0xFF,
    0x0A,0x1A,0x1A,0xFF,0x0A,0x1A,0x1A,0xFF,0x0A,0x1A,0x1A,0xFF,0x0A,0x1A,0x1A,0xFF,
    0x0A,0x1A,0x1A,0xFF,0x0A,0x1A,0x1A,0xFF,0x0A,0x1A,0x1A,0xFF,0x25,0x8C,0x8C,0xFF,
    0x25,0x8C,0x8C,0xFF,0x00,0x00,0x00,0x00,0x00,0x00,0x00,0x00,0x00,0x00,0x00,0x00,
    0x00,0x00,0x00,0x00,0x00,0x00,0x00,0x00,0x00,0x00,0x00,0x00,0x00,0x00,0x00,0x00,
    0x00,0x00,0x00,0x00,0x25,0x8C,0x8C,0xFF,0x0A,0x1A,0x1A,0xFF,0x0A,0x1A,0x1A,0xFF,
    0x0A,0x1A,0x1A,0xFF,0x0A,0x1A,0x1A,0xFF,0x0A,0x1A,0x1A,0xFF,0x0A,0x1A,0x1A,0xFF,
    0x0A,0x1A,0x1A,0xFF,0x0A,0x1A,0x1A,0xFF,0x0A,0x1A,0x1A,0xFF,0x0A,0x1A,0x1A,0xFF,
    0x0A,0x1A,0x1A,0xFF,0x0A,0x1A,0x1A,0xFF,0x0A,0x1A,0x1A,0xFF,0x0A,0x1A,0x1A,0xFF,
    0x0A,0x1A,0x1A,0xFF,0x0A,0x1A,0x1A,0xFF,0x0A,0x1A,0x1A,0xFF,0x0A,0x1A,0x1A,0xFF,
    0x0A,0x1A,0x1A,0xFF,0x0A,0x1A,0x1A,0xFF,0x0A,0x1A,0x1A,0xFF,0x25,0x8C,0x8C,0xFF,
    0x00,0x00,0x00,0x00,0x00,0x00,0x00,0x00,0x00,0x00,0x00,0x00,0x00,0x00,0x00,0x00,
    0x00,0x00,0x00,0x00,0x00,0x00,0x00,0x00,0x00,0x00,0x00,0x00,0x00,0x00,0x00,0x00,
    0x00,0x00,0x00,0x00,0x00,0x00,0x00,0x00,0x25,0x8C,0x8C,0xFF,0x0A,0x1A,0x1A,0xFF,
    0x0A,0x1A,0x1A,0xFF,0x0A,0x1A,0x1A,0xFF,0x0A,0x1A,0x1A,0xFF,0x0A,0x1A,0x1A,0xFF,
    0x0A,0x1A,0x1A,0xFF,0x0A,0x1A,0x1A,0xFF,0x0A,0x1A,0x1A,0xFF,0x0A,0x1A,0x1A,0xFF,
    0x0A,0x1A,0x1A,0xFF,0x0A,0x1A,0x1A,0xFF,0x0A,0x1A,0x1A,0xFF,0x0A,0x1A,0x1A,0xFF,
    0x0A,0x1A,0x1A,0xFF,0x0A,0x1A,0x1A,0xFF,0x0A,0x1A,0x1A,0xFF,0x0A,0x1A,0x1A,0xFF,
    0x0A,0x1A,0x1A,0xFF,0x0A,0x1A,0x1A,0xFF,0x25,0x8C,0x8C,0xFF,0x00,0x00,0x00,0x00,
    0x00,0x00,0x00,0x00,0x00,0x00,0x00,0x00,0x00,0x00,0x00,0x00,0x00,0x00,0x00,0x00,
    0x00,0x00,0x00,0x00,0x00,0x00,0x00,0x00,0x00,0x00,0x00,0x00,0x00,0x00,0x00,0x00,
    0x00,0x00,0x00,0x00,0x00,0x00,0x00,0x00,0x00,0x00,0x00,0x00,0x25,0x8C,0x8C,0xFF,
    0x0A,0x1A,0x1A,0xFF,0x0A,0x1A,0x1A,0xFF,0x0A,0x1A,0x1A,0xFF,0x0A,0x1A,0x1A,0xFF,
    0x0A,0x1A,0x1A,0xFF,0x0A,0x1A,0x1A,0xFF,0x0A,0x1A,0x1A,0xFF,0x0A,0x1A,0x1A,0xFF,
    0x0A,0x1A,0x1A,0xFF,0x0A,0x1A,0x1A,0xFF,0x0A,0x1A,0x1A,0xFF,0x0A,0x1A,0x1A,0xFF,
    0x0A,0x1A,0x1A,0xFF,0x0A,0x1A,0x1A,0xFF,0x0A,0x1A,0x1A,0xFF,0x0A,0x1A,0x1A,0xFF,
    0x0A,0x1A,0x1A,0xFF,0x25,0x8C,0x8C,0xFF,0x00,0x00,0x00,0x00,0x00,0x00,0x00,0x00,
    0x00,0x00,0x00,0x00,0x00,0x00,0x00,0x00,0x00,0x00,0x00,0x00,0x00,0x00,0x00,0x00,
    0x00,0x00,0x00,0x00,0x00,0x00,0x00,0x00,0x00,0x00,0x00,0x00,0x00,0x00,0x00,0x00,
    0x00,0x00,0x00,0x00,0x00,0x00,0x00,0x00,0x00,0x00,0x00,0x00,0x00,0x00,0x00,0x00,
    0x25,0x8C,0x8C,0xFF,0x25,0x8C,0x8C,0xFF,0x0A,0x1A,0x1A,0xFF,0x0A,0x1A,0x1A,0xFF,
    0x0A,0x1A,0x1A,0xFF,0x0A,0x1A,0x1A,0xFF,0x0A,0x1A,0x1A,0xFF,0x0A,0x1A,0x1A,0xFF,
    0x0A,0x1A,0x1A,0xFF,0x0A,0x1A,0x1A,0xFF,0x0A,0x1A,0x1A,0xFF,0x0A,0x1A,0x1A,0xFF,
    0x0A,0x1A,0x1A,0xFF,0x0A,0x1A,0x1A,0xFF,0x0A,0x1A,0x1A,0xFF,0x25,0x8C,0x8C,0xFF,
    0x25,0x8C,0x8C,0xFF,0x00,0x00,0x00,0x00,0x00,0x00,0x00,0x00,0x00,0x00,0x00,0x00,
    0x00,0x00,0x00,0x00,0x00,0x00,0x00,0x00,0x00,0x00,0x00,0x00,0x00,0x00,0x00,0x00,
    0x00,0x00,0x00,0x00,0x00,0x00,0x00,0x00,0x00,0x00,0x00,0x00,0x00,0x00,0x00,0x00,
    0x00,0x00,0x00,0x00,0x00,0x00,0x00,0x00,0x00,0x00,0x00,0x00,0x00,0x00,0x00,0x00,
    0x00,0x00,0x00,0x00,0x25,0x8C,0x8C,0xFF,0x25,0x8C,0x8C,0xFF,0x25,0x8C,0x8C,0xFF,
    0x0A,0x1A,0x1A,0xFF,0x0A,0x1A,0x1A,0xFF,0x0A,0x1A,0x1A,0xFF,0x0A,0x1A,0x1A,0xFF,
    0x0A,0x1A,0x1A,0xFF,0x0A,0x1A,0x1A,0xFF,0x0A,0x1A,0x1A,0xFF,0x0A,0x1A,0x1A,0xFF,
    0x0A,0x1A,0x1A,0xFF,0x25,0x8C,0x8C,0xFF,0x25,0x8C,0x8C,0xFF,0x25,0x8C,0x8C,0xFF,
    0x00,0x00,0x00,0x00,0x00,0x00,0x00,0x00,0x00,0x00,0x00,0x00,0x00,0x00,0x00,0x00,
    0x00,0x00,0x00,0x00,0x00,0x00,0x00,0x00,0x00,0x00,0x00,0x00,0x00,0x00,0x00,0x00,
    0x00,0x00,0x00,0x00,0x00,0x00,0x00,0x00,0x00,0x00,0x00,0x00,0x00,0x00,0x00,0x00,
    0x00,0x00,0x00,0x00,0x00,0x00,0x00,0x00,0x00,0x00,0x00,0x00,0x00,0x00,0x00,0x00,
    0x00,0x00,0x00,0x00,0x00,0x00,0x00,0x00,0x00,0x00,0x00,0x00,0x25,0x8C,0x8C,0xFF,
    0x25,0x8C,0x8C,0xFF,0x25,0x8C,0x8C,0xFF,0x25,0x8C,0x8C,0xFF,0x25,0x8C,0x8C,0xFF,
    0x25,0x8C,0x8C,0xFF,0x25,0x8C,0x8C,0xFF,0x25,0x8C,0x8C,0xFF,0x25,0x8C,0x8C,0xFF,
    0x25,0x8C,0x8C,0xFF,0x25,0x8C,0x8C,0xFF,0x00,0x00,0x00,0x00,0x00,0x00,0x00,0x00,
    0x00,0x00,0x00,0x00,0x00,0x00,0x00,0x00,0x00,0x00,0x00,0x00,0x00,0x00,0x00,0x00,
    0x00,0x00,0x00,0x00,0x00,0x00,0x00,0x00,0x00,0x00,0x00,0x00,0x00,0x00,0x00,0x00,
    0x00,0x00,0x00,0x00,0x00,0x00,0x00,0x00,0x00,0x00,0x00,0x00,0x00,0x00,0x00,0x00,
    0x00,0x00,0x00,0x00,0x00,0x00,0x00,0x00,0x00,0x00,0x00,0x00,0x00,0x00,0x00,0x00,
    0x00,0x00,0x00,0x00,0x00,0x00,0x00,0x00,0x00,0x00,0x00,0x00,0x00,0x00,0x00,0x00,
    0x00,0x00,0x00,0x00,0x00,0x00,0x00,0x00,0x00,0x00,0x00,0x00,0x00,0x00,0x00,0x00,
    0x00,0x00,0x00,0x00,0x00,0x00,0x00,0x00,0x00,0x00,0x00,0x00,0x00,0x00,0x00,0x00,
    0x00,0x00,0x00,0x00,0x00,0x00,0x00,0x00,0x00,0x00,0x00,0x00,0x00,0x00,0x00,0x00,
    0x00,0x00,0x00,0x00,0x00,0x00,0x00,0x00,0x00,0x00,0x00,0x00,0x00,0x00,0x00,0x00,
    0x00,0x00,0x00,0x00,0x00,0x00,0x00,0x00,0x00,0x00,0x00,0x00,0x00,0x00,0x00,0x00,
    0x00,0x00,0x00,0x00,0x00,0x00,0x00,0x00,0x00,0x00,0x00,0x00,0x00,0x00,0x00,0x00,
    0x00,0x00,0x00,0x00,0x00,0x00,0x00,0x00,0x00,0x00,0x00,0x00,0x00,0x00,0x00,0x00,
    0x00,0x00,0x00,0x00,0x00,0x00,0x00,0x00,0x00,0x00,0x00,0x00,0x00,0x00,0x00,0x00,
    0x00,0x00,0x00,0x00,0x00,0x00,0x00,0x00,0x00,0x00,0x00,0x00,0x00,0x00,0x00,0x00,
    0x00,0x00,0x00,0x00,0x00,0x00,0x00,0x00,0x00,0x00,0x00,0x00,0x00,0x00,0x00,0x00,
    0x00,0x00,0x00,0x00,0x00,0x00,0x00,0x00,0x00,0x00,0x00,0x00,0x00,0x00,0x00,0x00,
    0x00,0x00,0x00,0x00,0x00,0x00,0x00,0x00,0x00,0x00,0x00,0x00,0x00,0x00,0x00,0x00,
    0x00,0x00,0x00,0x00,0x00,0x00,0x00,0x00,0x00,0x00,0x00,0x00,0x00,0x00,0x00,0x00,
};

static const uint8_t icon_data_disk_manager[] = {
    0x44,0x52,0x43,0x4F,0x20,0x00,0x20,0x00,0x20,0x00,0x00,0x00,0x00,0x00,0x00,0x00,
    0x00,0x00,0x00,0x00,0x00,0x00,0x00,0x00,0x00,0x00,0x00,0x00,0x00,0x00,0x00,0x00,
    0x00,0x00,0x00,0x00,0x00,0x00,0x00,0x00,0x00,0x00,0x00,0x00,0x00,0x00,0x00,0x00,
    0x00,0x00,0x00,0x00,0x00,0x00,0x00,0x00,0x00,0x00,0x00,0x00,0x00,0x00,0x00,0x00,
    0x00,0x00,0x00,0x00,0x00,0x00,0x00,0x00,0x00,0x00,0x00,0x00,0x00,0x00,0x00,0x00,
    0x00,0x00,0x00,0x00,0x00,0x00,0x00,0x00,0x00,0x00,0x00,0x00,0x00,0x00,0x00,0x00,
    0x00,0x00,0x00,0x00,0x00,0x00,0x00,0x00,0x00,0x00,0x00,0x00,0x00,0x00,0x00,0x00,
    0x00,0x00,0x00,0x00,0x00,0x00,0x00,0x00,0x00,0x00,0x00,0x00,0x00,0x00,0x00,0x00,
    0x00,0x00,0x00,0x00,0x00,0x00,0x00,0x00,0x00,0x00,0x00,0x00,0x00,0x00,0x00,0x00,
    0x00,0x00,0x00,0x00,0x00,0x00,0x00,0x00,0x00,0x00,0x00,0x00,0x00,0x00,0x00,0x00,
    0x00,0x00,0x00,0x00,0x00,0x00,0x00,0x00,0x00,0x00,0x00,0x00,0x00,0x00,0x00,0x00,
    0x00,0x00,0x00,0x00,0x00,0x00,0x00,0x00,0x00,0x00,0x00,0x00,0x00,0x00,0x00,0x00,
    0x00,0x00,0x00,0x00,0x00,0x00,0x00,0x00,0x00,0x00,0x00,0x00,0x00,0x00,0x00,0x00,
    0x00,0x00,0x00,0x00,0x00,0x00,0x00,0x00,0x00,0x00,0x00,0x00,0x00,0x00,0x00,0x00,
    0x00,0x00,0x00,0x00,0x00,0x00,0x00,0x00,0x00,0x00,0x00,0x00,0x00,0x00,0x00,0x00,
    0x00,0x00,0x00,0x00,0x00,0x00,0x00,0x00,0x00,0x00,0x00,0x00,0x00,0x00,0x00,0x00,
    0x00,0x00,0x00,0x00,0x00,0x00,0x00,0x00,0x00,0x00,0x00,0x00,0x00,0x00,0x00,0x00,
    0x00,0x00,0x00,0x00,0x00,0x00,0x00,0x00,0x00,0x00,0x00,0x00,0x00,0x00,0x00,0x00,
    0x00,0x00,0x00,0x00,0x00,0x00,0x00,0x00,0x00,0x00,0x00,0x00,0x00,0x00,0x00,0x00,
    0x00,0x00,0x00,0x00,0x00,0x00,0x00,0x00,0x00,0x00,0x00,0x00,0x00,0x00,0x00,0x00,
    0x00,0x00,0x00,0x00,0x00,0x00,0x00,0x00,0x00,0x00,0x00,0x00,0x00,0x00,0x00,0x00,
    0x00,0x00,0x00,0x00,0x00,0x00,0x00,0x00,0x00,0x00,0x00,0x00,0x00,0x00,0x00,0x00,
    0x00,0x00,0x00,0x00,0x00,0x00,0x00,0x00,0x00,0x00,0x00,0x00,0x00,0x00,0x00,0x00,
    0x00,0x00,0x00,0x00,0x00,0x00,0x00,0x00,0x00,0x00,0x00,0x00,0x00,0x00,0x00,0x00,
    0x00,0x00,0x00,0x00,0x00,0x00,0x00,0x00,0x00,0x00,0x00,0x00,0x00,0x00,0x00,0x00,
    0x00,0x00,0x00,0x00,0x00,0x00,0x00,0x00,0x00,0x00,0x00,0x00,0x00,0x00,0x00,0x00,
    0x00,0x00,0x00,0x00,0x00,0x00,0x00,0x00,0x00,0x00,0x00,0x00,0x00,0x00,0x00,0x00,
    0x00,0x00,0x00,0x00,0x00,0x00,0x00,0x00,0x00,0x00,0x00,0x00,0x6D,0x6D,0x6D,0xFF,
    0x6D,0x6D,0x6D,0xFF,0x6D,0x6D,0x6D,0xFF,0x6D,0x6D,0x6D,0xFF,0x6D,0x6D,0x6D,0xFF,
    0x6D,0x6D,0x6D,0xFF,0x6D,0x6D,0x6D,0xFF,0x6D,0x6D,0x6D,0xFF,0x6D,0x6D,0x6D,0xFF,
    0x6D,0x6D,0x6D,0xFF,0x6D,0x6D,0x6D,0xFF,0x00,0x00,0x00,0x00,0x00,0x00,0x00,0x00,
    0x00,0x00,0x00,0x00,0x00,0x00,0x00,0x00,0x00,0x00,0x00,0x00,0x00,0x00,0x00,0x00,
    0x00,0x00,0x00,0x00,0x00,0x00,0x00,0x00,0x00,0x00,0x00,0x00,0x00,0x00,0x00,0x00,
    0x00,0x00,0x00,0x00,0x00,0x00,0x00,0x00,0x00,0x00,0x00,0x00,0x00,0x00,0x00,0x00,
    0x00,0x00,0x00,0x00,0x00,0x00,0x00,0x00,0x00,0x00,0x00,0x00,0x00,0x00,0x00,0x00,
    0x00,0x00,0x00,0x00,0x6D,0x6D,0x6D,0xFF,0x6D,0x6D,0x6D,0xFF,0x6D,0x6D,0x6D,0xFF,
    0x1A,0x1A,0x1A,0xFF,0x1A,0x1A,0x1A,0xFF,0x1A,0x1A,0x1A,0xFF,0x1A,0x1A,0x1A,0xFF,
    0x1A,0x1A,0x1A,0xFF,0x1A,0x1A,0x1A,0xFF,0x1A,0x1A,0x1A,0xFF,0x1A,0x1A,0x1A,0xFF,
    0x1A,0x1A,0x1A,0xFF,0x6D,0x6D,0x6D,0xFF,0x6D,0x6D,0x6D,0xFF,0x6D,0x6D,0x6D,0xFF,
    0x00,0x00,0x00,0x00,0x00,0x00,0x00,0x00,0x00,0x00,0x00,0x00,0x00,0x00,0x00,0x00,
    0x00,0x00,0x00,0x00,0x00,0x00,0x00,0x00,0x00,0x00,0x00,0x00,0x00,0x00,0x00,0x00,
    0x00,0x00,0x00,0x00,0x00,0x00,0x00,0x00,0x00,0x00,0x00,0x00,0x00,0x00,0x00,0x00,
    0x00,0x00,0x00,0x00,0x00,0x00,0x00,0x00,0x00,0x00,0x00,0x00,0x00,0x00,0x00,0x00,
    0x6D,0x6D,0x6D,0xFF,0x6D,0x6D,0x6D,0xFF,0x1A,0x1A,0x1A,0xFF,0x1A,0x1A,0x1A,0xFF,
    0x1A,0x1A,0x1A,0xFF,0x1A,0x1A,0x1A,0xFF,0x1A,0x1A,0x1A,0xFF,0x1A,0x1A,0x1A,0xFF,
    0x1A,0x1A,0x1A,0xFF,0x1A,0x1A,0x1A,0xFF,0x1A,0x1A,0x1A,0xFF,0x1A,0x1A,0x1A,0xFF,
    0x1A,0x1A,0x1A,0xFF,0x1A,0x1A,0x1A,0xFF,0x1A,0x1A,0x1A,0xFF,0x6D,0x6D,0x6D,0xFF,
    0x6D,0x6D,0x6D,0xFF,0x00,0x00,0x00,0x00,0x00,0x00,0x00,0x00,0x00,0x00,0x00,0x00,
    0x00,0x00,0x00,0x00,0x00,0x00,0x00,0x00,0x00,0x00,0x00,0x00,0x00,0x00,0x00,0x00,
    0x00,0x00,0x00,0x00,0x00,0x00,0x00,0x00,0x00,0x00,0x00,0x00,0x00,0x00,0x00,0x00,
    0x00,0x00,0x00,0x00,0x00,0x00,0x00,0x00,0x00,0x00,0x00,0x00,0x6D,0x6D,0x6D,0xFF,
    0x1A,0x1A,0x1A,0xFF,0x1A,0x1A,0x1A,0xFF,0x1A,0x1A,0x1A,0xFF,0x1A,0x1A,0x1A,0xFF,
    0x1A,0x1A,0x1A,0xFF,0x1A,0x1A,0x1A,0xFF,0x1A,0x1A,0x1A,0xFF,0x1A,0x1A,0x1A,0xFF,
    0x1A,0x1A,0x1A,0xFF,0x1A,0x1A,0x1A,0xFF,0x1A,0x1A,0x1A,0xFF,0x1A,0x1A,0x1A,0xFF,
    0x1A,0x1A,0x1A,0xFF,0x1A,0x1A,0x1A,0xFF,0x1A,0x1A,0x1A,0xFF,0x1A,0x1A,0x1A,0xFF,
    0x1A,0x1A,0x1A,0xFF,0x6D,0x6D,0x6D,0xFF,0x00,0x00,0x00,0x00,0x00,0x00,0x00,0x00,
    0x00,0x00,0x00,0x00,0x00,0x00,0x00,0x00,0x00,0x00,0x00,0x00,0x00,0x00,0x00,0x00,
    0x00,0x00,0x00,0x00,0x00,0x00,0x00,0x00,0x00,0x00,0x00,0x00,0x00,0x00,0x00,0x00,
    0x00,0x00,0x00,0x00,0x00,0x00,0x00,0x00,0x6D,0x6D,0x6D,0xFF,0x1A,0x1A,0x1A,0xFF,
    0x1A,0x1A,0x1A,0xFF,0x1A,0x1A,0x1A,0xFF,0x1A,0x1A,0x1A,0xFF,0x1A,0x1A,0x1A,0xFF,
    0x1A,0x1A,0x1A,0xFF,0x1A,0x1A,0x1A,0xFF,0x1A,0x1A,0x1A,0xFF,0x1A,0x1A,0x1A,0xFF,
    0x1A,0x1A,0x1A,0xFF,0x1A,0x1A,0x1A,0xFF,0x1A,0x1A,0x1A,0xFF,0x1A,0x1A,0x1A,0xFF,
    0x1A,0x1A,0x1A,0xFF,0x1A,0x1A,0x1A,0xFF,0x1A,0x1A,0x1A,0xFF,0x1A,0x1A,0x1A,0xFF,
    0x1A,0x1A,0x1A,0xFF,0x1A,0x1A,0x1A,0xFF,0x6D,0x6D,0x6D,0xFF,0x00,0x00,0x00,0x00,
    0x00,0x00,0x00,0x00,0x00,0x00,0x00,0x00,0x00,0x00,0x00,0x00,0x00,0x00,0x00,0x00,
    0x00,0x00,0x00,0x00,0x00,0x00,0x00,0x00,0x00,0x00,0x00,0x00,0x00,0x00,0x00,0x00,
    0x00,0x00,0x00,0x00,0x6D,0x6D,0x6D,0xFF,0x1A,0x1A,0x1A,0xFF,0x1A,0x1A,0x1A,0xFF,
    0x1A,0x1A,0x1A,0xFF,0x1A,0x1A,0x1A,0xFF,0x1A,0x1A,0x1A,0xFF,0x1A,0x1A,0x1A,0xFF,
    0x1A,0x1A,0x1A,0xFF,0x1A,0x1A,0x1A,0xFF,0x1A,0x1A,0x1A,0xFF,0x1A,0x1A,0x1A,0xFF,
    0x1A,0x1A,0x1A,0xFF,0x1A,0x1A,0x1A,0xFF,0x1A,0x1A,0x1A,0xFF,0x1A,0x1A,0x1A,0xFF,
    0x1A,0x1A,0x1A,0xFF,0x1A,0x1A,0x1A,0xFF,0x1A,0x1A,0x1A,0xFF,0x1A,0x1A,0x1A,0xFF,
    0x1A,0x1A,0x1A,0xFF,0x1A,0x1A,0x1A,0xFF,0x1A,0x1A,0x1A,0xFF,0x6D,0x6D,0x6D,0xFF,
    0x00,0x00,0x00,0x00,0x00,0x00,0x00,0x00,0x00,0x00,0x00,0x00,0x00,0x00,0x00,0x00,
    0x00,0x00,0x00,0x00,0x00,0x00,0x00,0x00,0x00,0x00,0x00,0x00,0x00,0x00,0x00,0x00,
    0x6D,0x6D,0x6D,0xFF,0x6D,0x6D,0x6D,0xFF,0x1A,0x1A,0x1A,0xFF,0x1A,0x1A,0x1A,0xFF,
    0x1A,0x1A,0x1A,0xFF,0x1A,0x1A,0x1A,0xFF,0x1A,0x1A,0x1A,0xFF,0x1A,0x1A,0x1A,0xFF,
    0x1A,0x1A,0x1A,0xFF,0x1A,0x1A,0x1A,0xFF,0x1A,0x1A,0x1A,0xFF,0x1A,0x1A,0x1A,0xFF,
    0x1A,0x1A,0x1A,0xFF,0x1A,0x1A,0x1A,0xFF,0x1A,0x1A,0x1A,0xFF,0x1A,0x1A,0x1A,0xFF,
    0x1A,0x1A,0x1A,0xFF,0x1A,0x1A,0x1A,0xFF,0x1A,0x1A,0x1A,0xFF,0x1A,0x1A,0x1A,0xFF,
    0x1A,0x1A,0x1A,0xFF,0x1A,0x1A,0x1A,0xFF,0x1A,0x1A,0x1A,0xFF,0x6D,0x6D,0x6D,0xFF,
    0x6D,0x6D,0x6D,0xFF,0x00,0x00,0x00,0x00,0x00,0x00,0x00,0x00,0x00,0x00,0x00,0x00,
    0x00,0x00,0x00,0x00,0x00,0x00,0x00,0x00,0x00,0x00,0x00,0x00,0x00,0x00,0x00,0x00,
    0x6D,0x6D,0x6D,0xFF,0x1A,0x1A,0x1A,0xFF,0x1A,0x1A,0x1A,0xFF,0x1A,0x1A,0x1A,0xFF,
    0x1A,0x1A,0x1A,0xFF,0x1A,0x1A,0x1A,0xFF,0x1A,0x1A,0x1A,0xFF,0x1A,0x1A,0x1A,0xFF,
    0x1A,0x1A,0x1A,0xFF,0x1A,0x1A,0x1A,0xFF,0x1A,0x1A,0x1A,0xFF,0x1A,0x1A,0x1A,0xFF,
    0x1A,0x1A,0x1A,0xFF,0x1A,0x1A,0x1A,0xFF,0x1A,0x1A,0x1A,0xFF,0x1A,0x1A,0x1A,0xFF,
    0x1A,0x1A,0x1A,0xFF,0x1A,0x1A,0x1A,0xFF,0x1A,0x1A,0x1A,0xFF,0x1A,0x1A,0x1A,0xFF,
    0x1A,0x1A,0x1A,0xFF,0x1A,0x1A,0x1A,0xFF,0x1A,0x1A,0x1A,0xFF,0x1A,0x1A,0x1A,0xFF,
    0x6D,0x6D,0x6D,0xFF,0x00,0x00,0x00,0x00,0x00,0x00,0x00,0x00,0x00,0x00,0x00,0x00,
    0x00,0x00,0x00,0x00,0x00,0x00,0x00,0x00,0x00,0x00,0x00,0x00,0x6D,0x6D,0x6D,0xFF,
    0x6D,0x6D,0x6D,0xFF,0x1A,0x1A,0x1A,0xFF,0x1A,0x1A,0x1A,0xFF,0x1A,0x1A,0x1A,0xFF,
    0x1A,0x1A,0x1A,0xFF,0x1A,0x1A,0x1A,0xFF,0x1A,0x1A,0x1A,0xFF,0x1A,0x1A,0x1A,0xFF,
    0x1A,0x1A,0x1A,0xFF,0x1A,0x1A,0x1A,0xFF,0x1A,0x1A,0x1A,0xFF,0x1A,0x1A,0x1A,0xFF,
    0x1A,0x1A,0x1A,0xFF,0x1A,0x1A,0x1A,0xFF,0x1A,0x1A,0x1A,0xFF,0x1A,0x1A,0x1A,0xFF,
    0x1A,0x1A,0x1A,0xFF,0x1A,0x1A,0x1A,0xFF,0x1A,0x1A,0x1A,0xFF,0x1A,0x1A,0x1A,0xFF,
    0x1A,0x1A,0x1A,0xFF,0x1A,0x1A,0x1A,0xFF,0x1A,0x1A,0x1A,0xFF,0x1A,0x1A,0x1A,0xFF,
    0x6D,0x6D,0x6D,0xFF,0x6D,0x6D,0x6D,0xFF,0x00,0x00,0x00,0x00,0x00,0x00,0x00,0x00,
    0x00,0x00,0x00,0x00,0x00,0x00,0x00,0x00,0x00,0x00,0x00,0x00,0x6D,0x6D,0x6D,0xFF,
    0x1A,0x1A,0x1A,0xFF,0x1A,0x1A,0x1A,0xFF,0x1A,0x1A,0x1A,0xFF,0x1A,0x1A,0x1A,0xFF,
    0x1A,0x1A,0x1A,0xFF,0x1A,0x1A,0x1A,0xFF,0x1A,0x1A,0x1A,0xFF,0x1A,0x1A,0x1A,0xFF,
    0x1A,0x1A,0x1A,0xFF,0x1A,0x1A,0x1A,0xFF,0x1A,0x1A,0x1A,0xFF,0x1A,0x1A,0x1A,0xFF,
    0x1A,0x1A,0x1A,0xFF,0x1A,0x1A,0x1A,0xFF,0x1A,0x1A,0x1A,0xFF,0x1A,0x1A,0x1A,0xFF,
    0x1A,0x1A,0x1A,0xFF,0x1A,0x1A,0x1A,0xFF,0x1A,0x1A,0x1A,0xFF,0x1A,0x1A,0x1A,0xFF,
    0x1A,0x1A,0x1A,0xFF,0x1A,0x1A,0x1A,0xFF,0x1A,0x1A,0x1A,0xFF,0x1A,0x1A,0x1A,0xFF,
    0x1A,0x1A,0x1A,0xFF,0x6D,0x6D,0x6D,0xFF,0x00,0x00,0x00,0x00,0x00,0x00,0x00,0x00,
    0x00,0x00,0x00,0x00,0x00,0x00,0x00,0x00,0x00,0x00,0x00,0x00,0x6D,0x6D,0x6D,0xFF,
    0x1A,0x1A,0x1A,0xFF,0x1A,0x1A,0x1A,0xFF,0x1A,0x1A,0x1A,0xFF,0x1A,0x1A,0x1A,0xFF,
    0x1A,0x1A,0x1A,0xFF,0x1A,0x1A,0x1A,0xFF,0x1A,0x1A,0x1A,0xFF,0x1A,0x1A,0x1A,0xFF,
    0x1A,0x1A,0x1A,0xFF,0x1A,0x1A,0x1A,0xFF,0x1A,0x1A,0x1A,0xFF,0x1A,0x1A,0x1A,0xFF,
    0x1A,0x1A,0x1A,0xFF,0x1A,0x1A,0x1A,0xFF,0x1A,0x1A,0x1A,0xFF,0x1A,0x1A,0x1A,0xFF,
    0x1A,0x1A,0x1A,0xFF,0x1A,0x1A,0x1A,0xFF,0x1A,0x1A,0x1A,0xFF,0x1A,0x1A,0x1A,0xFF,
    0x1A,0x1A,0x1A,0xFF,0x1A,0x1A,0x1A,0xFF,0x1A,0x1A,0x1A,0xFF,0x1A,0x1A,0x1A,0xFF,
    0x1A,0x1A,0x1A,0xFF,0x6D,0x6D,0x6D,0xFF,0x00,0x00,0x00,0x00,0x00,0x00,0x00,0x00,
    0x00,0x00,0x00,0x00,0x00,0x00,0x00,0x00,0x00,0x00,0x00,0x00,0x6D,0x6D,0x6D,0xFF,
    0x1A,0x1A,0x1A,0xFF,0x1A,0x1A,0x1A,0xFF,0x1A,0x1A,0x1A,0xFF,0x1A,0x1A,0x1A,0xFF,
    0x1A,0x1A,0x1A,0xFF,0x1A,0x1A,0x1A,0xFF,0x1A,0x1A,0x1A,0xFF,0x1A,0x1A,0x1A,0xFF,
    0x1A,0x1A,0x1A,0xFF,0x1A,0x1A,0x1A,0xFF,0x1A,0x1A,0x1A,0xFF,0x1A,0x1A,0x1A,0xFF,
    0x1A,0x1A,0x1A,0xFF,0x1A,0x1A,0x1A,0xFF,0x1A,0x1A,0x1A,0xFF,0x1A,0x1A,0x1A,0xFF,
    0x1A,0x1A,0x1A,0xFF,0x1A,0x1A,0x1A,0xFF,0x1A,0x1A,0x1A,0xFF,0x1A,0x1A,0x1A,0xFF,
    0x1A,0x1A,0x1A,0xFF,0x1A,0x1A,0x1A,0xFF,0x1A,0x1A,0x1A,0xFF,0x1A,0x1A,0x1A,0xFF,
    0x1A,0x1A,0x1A,0xFF,0x6D,0x6D,0x6D,0xFF,0x00,0x00,0x00,0x00,0x00,0x00,0x00,0x00,
    0x00,0x00,0x00,0x00,0x00,0x00,0x00,0x00,0x00,0x00,0x00,0x00,0x6D,0x6D,0x6D,0xFF,
    0x1A,0x1A,0x1A,0xFF,0x1A,0x1A,0x1A,0xFF,0x1A,0x1A,0x1A,0xFF,0x1A,0x1A,0x1A,0xFF,
    0x1A,0x1A,0x1A,0xFF,0x1A,0x1A,0x1A,0xFF,0x1A,0x1A,0x1A,0xFF,0x1A,0x1A,0x1A,0xFF,
    0x1A,0x1A,0x1A,0xFF,0x1A,0x1A,0x1A,0xFF,0x1A,0x1A,0x1A,0xFF,0x1A,0x1A,0x1A,0xFF,
    0x1A,0x1A,0x1A,0xFF,0x1A,0x1A,0x1A,0xFF,0x1A,0x1A,0x1A,0xFF,0x1A,0x1A,0x1A,0xFF,
    0x1A,0x1A,0x1A,0xFF,0x1A,0x1A,0x1A,0xFF,0x1A,0x1A,0x1A,0xFF,0x1A,0x1A,0x1A,0xFF,
    0x1A,0x1A,0x1A,0xFF,0x1A,0x1A,0x1A,0xFF,0x1A,0x1A,0x1A,0xFF,0x1A,0x1A,0x1A,0xFF,
    0x1A,0x1A,0x1A,0xFF,0x6D,0x6D,0x6D,0xFF,0x00,0x00,0x00,0x00,0x00,0x00,0x00,0x00,
    0x00,0x00,0x00,0x00,0x00,0x00,0x00,0x00,0x00,0x00,0x00,0x00,0x6D,0x6D,0x6D,0xFF,
    0x1A,0x1A,0x1A,0xFF,0x1A,0x1A,0x1A,0xFF,0x1A,0x1A,0x1A,0xFF,0x1A,0x1A,0x1A,0xFF,
    0x1A,0x1A,0x1A,0xFF,0x1A,0x1A,0x1A,0xFF,0x1A,0x1A,0x1A,0xFF,0x1A,0x1A,0x1A,0xFF,
    0x1A,0x1A,0x1A,0xFF,0x1A,0x1A,0x1A,0xFF,0x1A,0x1A,0x1A,0xFF,0x1A,0x1A,0x1A,0xFF,
    0x1A,0x1A,0x1A,0xFF,0x1A,0x1A,0x1A,0xFF,0x1A,0x1A,0x1A,0xFF,0x1A,0x1A,0x1A,0xFF,
    0x1A,0x1A,0x1A,0xFF,0x1A,0x1A,0x1A,0xFF,0x1A,0x1A,0x1A,0xFF,0x1A,0x1A,0x1A,0xFF,
    0x1A,0x1A,0x1A,0xFF,0x1A,0x1A,0x1A,0xFF,0x1A,0x1A,0x1A,0xFF,0x1A,0x1A,0x1A,0xFF,
    0x1A,0x1A,0x1A,0xFF,0x6D,0x6D,0x6D,0xFF,0x00,0x00,0x00,0x00,0x00,0x00,0x00,0x00,
    0x00,0x00,0x00,0x00,0x00,0x00,0x00,0x00,0x00,0x00,0x00,0x00,0x6D,0x6D,0x6D,0xFF,
    0x1A,0x1A,0x1A,0xFF,0x1A,0x1A,0x1A,0xFF,0x1A,0x1A,0x1A,0xFF,0x1A,0x1A,0x1A,0xFF,
    0x1A,0x1A,0x1A,0xFF,0x1A,0x1A,0x1A,0xFF,0x1A,0x1A,0x1A,0xFF,0x1A,0x1A,0x1A,0xFF,
    0x1A,0x1A,0x1A,0xFF,0x1A,0x1A,0x1A,0xFF,0x1A,0x1A,0x1A,0xFF,0x1A,0x1A,0x1A,0xFF,
    0x1A,0x1A,0x1A,0xFF,0x1A,0x1A,0x1A,0xFF,0x1A,0x1A,0x1A,0xFF,0x1A,0x1A,0x1A,0xFF,
    0x1A,0x1A,0x1A,0xFF,0x1A,0x1A,0x1A,0xFF,0x1A,0x1A,0x1A,0xFF,0x1A,0x1A,0x1A,0xFF,
    0x1A,0x1A,0x1A,0xFF,0x1A,0x1A,0x1A,0xFF,0x1A,0x1A,0x1A,0xFF,0x1A,0x1A,0x1A,0xFF,
    0x1A,0x1A,0x1A,0xFF,0x6D,0x6D,0x6D,0xFF,0x00,0x00,0x00,0x00,0x00,0x00,0x00,0x00,
    0x00,0x00,0x00,0x00,0x00,0x00,0x00,0x00,0x00,0x00,0x00,0x00,0x6D,0x6D,0x6D,0xFF,
    0x1A,0x1A,0x1A,0xFF,0x1A,0x1A,0x1A,0xFF,0x1A,0x1A,0x1A,0xFF,0x1A,0x1A,0x1A,0xFF,
    0x1A,0x1A,0x1A,0xFF,0x1A,0x1A,0x1A,0xFF,0x1A,0x1A,0x1A,0xFF,0x1A,0x1A,0x1A,0xFF,
    0x1A,0x1A,0x1A,0xFF,0x1A,0x1A,0x1A,0xFF,0x1A,0x1A,0x1A,0xFF,0x1A,0x1A,0x1A,0xFF,
    0x1A,0x1A,0x1A,0xFF,0x1A,0x1A,0x1A,0xFF,0x1A,0x1A,0x1A,0xFF,0x1A,0x1A,0x1A,0xFF,
    0x1A,0x1A,0x1A,0xFF,0x1A,0x1A,0x1A,0xFF,0x1A,0x1A,0x1A,0xFF,0x1A,0x1A,0x1A,0xFF,
    0x1A,0x1A,0x1A,0xFF,0x1A,0x1A,0x1A,0xFF,0x1A,0x1A,0x1A,0xFF,0x1A,0x1A,0x1A,0xFF,
    0x1A,0x1A,0x1A,0xFF,0x6D,0x6D,0x6D,0xFF,0x00,0x00,0x00,0x00,0x00,0x00,0x00,0x00,
    0x00,0x00,0x00,0x00,0x00,0x00,0x00,0x00,0x00,0x00,0x00,0x00,0x6D,0x6D,0x6D,0xFF,
    0x1A,0x1A,0x1A,0xFF,0x1A,0x1A,0x1A,0xFF,0x1A,0x1A,0x1A,0xFF,0x1A,0x1A,0x1A,0xFF,
    0x1A,0x1A,0x1A,0xFF,0x1A,0x1A,0x1A,0xFF,0x1A,0x1A,0x1A,0xFF,0x1A,0x1A,0x1A,0xFF,
    0x1A,0x1A,0x1A,0xFF,0x1A,0x1A,0x1A,0xFF,0x1A,0x1A,0x1A,0xFF,0x1A,0x1A,0x1A,0xFF,
    0x1A,0x1A,0x1A,0xFF,0x1A,0x1A,0x1A,0xFF,0x1A,0x1A,0x1A,0xFF,0x1A,0x1A,0x1A,0xFF,
    0x1A,0x1A,0x1A,0xFF,0x1A,0x1A,0x1A,0xFF,0x1A,0x1A,0x1A,0xFF,0x1A,0x1A,0x1A,0xFF,
    0x1A,0x1A,0x1A,0xFF,0x1A,0x1A,0x1A,0xFF,0x1A,0x1A,0x1A,0xFF,0x1A,0x1A,0x1A,0xFF,
    0x1A,0x1A,0x1A,0xFF,0x6D,0x6D,0x6D,0xFF,0x00,0x00,0x00,0x00,0x00,0x00,0x00,0x00,
    0x00,0x00,0x00,0x00,0x00,0x00,0x00,0x00,0x00,0x00,0x00,0x00,0x6D,0x6D,0x6D,0xFF,
    0x1A,0x1A,0x1A,0xFF,0x1A,0x1A,0x1A,0xFF,0x1A,0x1A,0x1A,0xFF,0x1A,0x1A,0x1A,0xFF,
    0x1A,0x1A,0x1A,0xFF,0x1A,0x1A,0x1A,0xFF,0x1A,0x1A,0x1A,0xFF,0x1A,0x1A,0x1A,0xFF,
    0x1A,0x1A,0x1A,0xFF,0x1A,0x1A,0x1A,0xFF,0x1A,0x1A,0x1A,0xFF,0x1A,0x1A,0x1A,0xFF,
    0x1A,0x1A,0x1A,0xFF,0x1A,0x1A,0x1A,0xFF,0x1A,0x1A,0x1A,0xFF,0x1A,0x1A,0x1A,0xFF,
    0x1A,0x1A,0x1A,0xFF,0x1A,0x1A,0x1A,0xFF,0x1A,0x1A,0x1A,0xFF,0x1A,0x1A,0x1A,0xFF,
    0x1A,0x1A,0x1A,0xFF,0x1A,0x1A,0x1A,0xFF,0x1A,0x1A,0x1A,0xFF,0x1A,0x1A,0x1A,0xFF,
    0x1A,0x1A,0x1A,0xFF,0x6D,0x6D,0x6D,0xFF,0x00,0x00,0x00,0x00,0x00,0x00,0x00,0x00,
    0x00,0x00,0x00,0x00,0x00,0x00,0x00,0x00,0x00,0x00,0x00,0x00,0x6D,0x6D,0x6D,0xFF,
    0x6D,0x6D,0x6D,0xFF,0x1A,0x1A,0x1A,0xFF,0x1A,0x1A,0x1A,0xFF,0x1A,0x1A,0x1A,0xFF,
    0x1A,0x1A,0x1A,0xFF,0x1A,0x1A,0x1A,0xFF,0x1A,0x1A,0x1A,0xFF,0x1A,0x1A,0x1A,0xFF,
    0x1A,0x1A,0x1A,0xFF,0x1A,0x1A,0x1A,0xFF,0x1A,0x1A,0x1A,0xFF,0x1A,0x1A,0x1A,0xFF,
    0x1A,0x1A,0x1A,0xFF,0x1A,0x1A,0x1A,0xFF,0x1A,0x1A,0x1A,0xFF,0x1A,0x1A,0x1A,0xFF,
    0x1A,0x1A,0x1A,0xFF,0x1A,0x1A,0x1A,0xFF,0x1A,0x1A,0x1A,0xFF,0x1A,0x1A,0x1A,0xFF,
    0x1A,0x1A,0x1A,0xFF,0x1A,0x1A,0x1A,0xFF,0x1A,0x1A,0x1A,0xFF,0x1A,0x1A,0x1A,0xFF,
    0x6D,0x6D,0x6D,0xFF,0x6D,0x6D,0x6D,0xFF,0x00,0x00,0x00,0x00,0x00,0x00,0x00,0x00,
    0x00,0x00,0x00,0x00,0x00,0x00,0x00,0x00,0x00,0x00,0x00,0x00,0x00,0x00,0x00,0x00,
    0x6D,0x6D,0x6D,0xFF,0x1A,0x1A,0x1A,0xFF,0x1A,0x1A,0x1A,0xFF,0x1A,0x1A,0x1A,0xFF,
    0x1A,0x1A,0x1A,0xFF,0x1A,0x1A,0x1A,0xFF,0x1A,0x1A,0x1A,0xFF,0x1A,0x1A,0x1A,0xFF,
    0x1A,0x1A,0x1A,0xFF,0x1A,0x1A,0x1A,0xFF,0x1A,0x1A,0x1A,0xFF,0x1A,0x1A,0x1A,0xFF,
    0x1A,0x1A,0x1A,0xFF,0x1A,0x1A,0x1A,0xFF,0x1A,0x1A,0x1A,0xFF,0x1A,0x1A,0x1A,0xFF,
    0x1A,0x1A,0x1A,0xFF,0x1A,0x1A,0x1A,0xFF,0x1A,0x1A,0x1A,0xFF,0x1A,0x1A,0x1A,0xFF,
    0x1A,0x1A,0x1A,0xFF,0x1A,0x1A,0x1A,0xFF,0x1A,0x1A,0x1A,0xFF,0x1A,0x1A,0x1A,0xFF,
    0x6D,0x6D,0x6D,0xFF,0x00,0x00,0x00,0x00,0x00,0x00,0x00,0x00,0x00,0x00,0x00,0x00,
    0x00,0x00,0x00,0x00,0x00,0x00,0x00,0x00,0x00,0x00,0x00,0x00,0x00,0x00,0x00,0x00,
    0x6D,0x6D,0x6D,0xFF,0x6D,0x6D,0x6D,0xFF,0x1A,0x1A,0x1A,0xFF,0x1A,0x1A,0x1A,0xFF,
    0x1A,0x1A,0x1A,0xFF,0x1A,0x1A,0x1A,0xFF,0x1A,0x1A,0x1A,0xFF,0x1A,0x1A,0x1A,0xFF,
    0x1A,0x1A,0x1A,0xFF,0x1A,0x1A,0x1A,0xFF,0x1A,0x1A,0x1A,0xFF,0x1A,0x1A,0x1A,0xFF,
    0x1A,0x1A,0x1A,0xFF,0x1A,0x1A,0x1A,0xFF,0x1A,0x1A,0x1A,0xFF,0x1A,0x1A,0x1A,0xFF,
    0x1A,0x1A,0x1A,0xFF,0x1A,0x1A,0x1A,0xFF,0x1A,0x1A,0x1A,0xFF,0x1A,0x1A,0x1A,0xFF,
    0x1A,0x1A,0x1A,0xFF,0x1A,0x1A,0x1A,0xFF,0x1A,0x1A,0x1A,0xFF,0x6D,0x6D,0x6D,0xFF,
    0x6D,0x6D,0x6D,0xFF,0x00,0x00,0x00,0x00,0x00,0x00,0x00,0x00,0x00,0x00,0x00,0x00,
    0x00,0x00,0x00,0x00,0x00,0x00,0x00,0x00,0x00,0x00,0x00,0x00,0x00,0x00,0x00,0x00,
    0x00,0x00,0x00,0x00,0x6D,0x6D,0x6D,0xFF,0x1A,0x1A,0x1A,0xFF,0x1A,0x1A,0x1A,0xFF,
    0x1A,0x1A,0x1A,0xFF,0x1A,0x1A,0x1A,0xFF,0x1A,0x1A,0x1A,0xFF,0x1A,0x1A,0x1A,0xFF,
    0x1A,0x1A,0x1A,0xFF,0x1A,0x1A,0x1A,0xFF,0x1A,0x1A,0x1A,0xFF,0x1A,0x1A,0x1A,0xFF,
    0x1A,0x1A,0x1A,0xFF,0x1A,0x1A,0x1A,0xFF,0x1A,0x1A,0x1A,0xFF,0x1A,0x1A,0x1A,0xFF,
    0x1A,0x1A,0x1A,0xFF,0x1A,0x1A,0x1A,0xFF,0x1A,0x1A,0x1A,0xFF,0x1A,0x1A,0x1A,0xFF,
    0x1A,0x1A,0x1A,0xFF,0x1A,0x1A,0x1A,0xFF,0x1A,0x1A,0x1A,0xFF,0x6D,0x6D,0x6D,0xFF,
    0x00,0x00,0x00,0x00,0x00,0x00,0x00,0x00,0x00,0x00,0x00,0x00,0x00,0x00,0x00,0x00,
    0x00,0x00,0x00,0x00,0x00,0x00,0x00,0x00,0x00,0x00,0x00,0x00,0x00,0x00,0x00,0x00,
    0x00,0x00,0x00,0x00,0x00,0x00,0x00,0x00,0x6D,0x6D,0x6D,0xFF,0x1A,0x1A,0x1A,0xFF,
    0x1A,0x1A,0x1A,0xFF,0x1A,0x1A,0x1A,0xFF,0x1A,0x1A,0x1A,0xFF,0x1A,0x1A,0x1A,0xFF,
    0x1A,0x1A,0x1A,0xFF,0x1A,0x1A,0x1A,0xFF,0x1A,0x1A,0x1A,0xFF,0x1A,0x1A,0x1A,0xFF,
    0x1A,0x1A,0x1A,0xFF,0x1A,0x1A,0x1A,0xFF,0x1A,0x1A,0x1A,0xFF,0x1A,0x1A,0x1A,0xFF,
    0x1A,0x1A,0x1A,0xFF,0x1A,0x1A,0x1A,0xFF,0x1A,0x1A,0x1A,0xFF,0x1A,0x1A,0x1A,0xFF,
    0x1A,0x1A,0x1A,0xFF,0x1A,0x1A,0x1A,0xFF,0x6D,0x6D,0x6D,0xFF,0x00,0x00,0x00,0x00,
    0x00,0x00,0x00,0x00,0x00,0x00,0x00,0x00,0x00,0x00,0x00,0x00,0x00,0x00,0x00,0x00,
    0x00,0x00,0x00,0x00,0x00,0x00,0x00,0x00,0x00,0x00,0x00,0x00,0x00,0x00,0x00,0x00,
    0x00,0x00,0x00,0x00,0x00,0x00,0x00,0x00,0x00,0x00,0x00,0x00,0x6D,0x6D,0x6D,0xFF,
    0x1A,0x1A,0x1A,0xFF,0x1A,0x1A,0x1A,0xFF,0x1A,0x1A,0x1A,0xFF,0x1A,0x1A,0x1A,0xFF,
    0x1A,0x1A,0x1A,0xFF,0x1A,0x1A,0x1A,0xFF,0x1A,0x1A,0x1A,0xFF,0x1A,0x1A,0x1A,0xFF,
    0x1A,0x1A,0x1A,0xFF,0x1A,0x1A,0x1A,0xFF,0x1A,0x1A,0x1A,0xFF,0x1A,0x1A,0x1A,0xFF,
    0x1A,0x1A,0x1A,0xFF,0x1A,0x1A,0x1A,0xFF,0x1A,0x1A,0x1A,0xFF,0x1A,0x1A,0x1A,0xFF,
    0x1A,0x1A,0x1A,0xFF,0x6D,0x6D,0x6D,0xFF,0x00,0x00,0x00,0x00,0x00,0x00,0x00,0x00,
    0x00,0x00,0x00,0x00,0x00,0x00,0x00,0x00,0x00,0x00,0x00,0x00,0x00,0x00,0x00,0x00,
    0x00,0x00,0x00,0x00,0x00,0x00,0x00,0x00,0x00,0x00,0x00,0x00,0x00,0x00,0x00,0x00,
    0x00,0x00,0x00,0x00,0x00,0x00,0x00,0x00,0x00,0x00,0x00,0x00,0x00,0x00,0x00,0x00,
    0x6D,0x6D,0x6D,0xFF,0x6D,0x6D,0x6D,0xFF,0x1A,0x1A,0x1A,0xFF,0x1A,0x1A,0x1A,0xFF,
    0x1A,0x1A,0x1A,0xFF,0x1A,0x1A,0x1A,0xFF,0x1A,0x1A,0x1A,0xFF,0x1A,0x1A,0x1A,0xFF,
    0x1A,0x1A,0x1A,0xFF,0x1A,0x1A,0x1A,0xFF,0x1A,0x1A,0x1A,0xFF,0x1A,0x1A,0x1A,0xFF,
    0x1A,0x1A,0x1A,0xFF,0x1A,0x1A,0x1A,0xFF,0x1A,0x1A,0x1A,0xFF,0x6D,0x6D,0x6D,0xFF,
    0x6D,0x6D,0x6D,0xFF,0x00,0x00,0x00,0x00,0x00,0x00,0x00,0x00,0x00,0x00,0x00,0x00,
    0x00,0x00,0x00,0x00,0x00,0x00,0x00,0x00,0x00,0x00,0x00,0x00,0x00,0x00,0x00,0x00,
    0x00,0x00,0x00,0x00,0x00,0x00,0x00,0x00,0x00,0x00,0x00,0x00,0x00,0x00,0x00,0x00,
    0x00,0x00,0x00,0x00,0x00,0x00,0x00,0x00,0x00,0x00,0x00,0x00,0x00,0x00,0x00,0x00,
    0x00,0x00,0x00,0x00,0x6D,0x6D,0x6D,0xFF,0x6D,0x6D,0x6D,0xFF,0x6D,0x6D,0x6D,0xFF,
    0x1A,0x1A,0x1A,0xFF,0x1A,0x1A,0x1A,0xFF,0x1A,0x1A,0x1A,0xFF,0x1A,0x1A,0x1A,0xFF,
    0x1A,0x1A,0x1A,0xFF,0x1A,0x1A,0x1A,0xFF,0x1A,0x1A,0x1A,0xFF,0x1A,0x1A,0x1A,0xFF,
    0x1A,0x1A,0x1A,0xFF,0x6D,0x6D,0x6D,0xFF,0x6D,0x6D,0x6D,0xFF,0x6D,0x6D,0x6D,0xFF,
    0x00,0x00,0x00,0x00,0x00,0x00,0x00,0x00,0x00,0x00,0x00,0x00,0x00,0x00,0x00,0x00,
    0x00,0x00,0x00,0x00,0x00,0x00,0x00,0x00,0x00,0x00,0x00,0x00,0x00,0x00,0x00,0x00,
    0x00,0x00,0x00,0x00,0x00,0x00,0x00,0x00,0x00,0x00,0x00,0x00,0x00,0x00,0x00,0x00,
    0x00,0x00,0x00,0x00,0x00,0x00,0x00,0x00,0x00,0x00,0x00,0x00,0x00,0x00,0x00,0x00,
    0x00,0x00,0x00,0x00,0x00,0x00,0x00,0x00,0x00,0x00,0x00,0x00,0x6D,0x6D,0x6D,0xFF,
    0x6D,0x6D,0x6D,0xFF,0x6D,0x6D,0x6D,0xFF,0x6D,0x6D,0x6D,0xFF,0x6D,0x6D,0x6D,0xFF,
    0x6D,0x6D,0x6D,0xFF,0x6D,0x6D,0x6D,0xFF,0x6D,0x6D,0x6D,0xFF,0x6D,0x6D,0x6D,0xFF,
    0x6D,0x6D,0x6D,0xFF,0x6D,0x6D,0x6D,0xFF,0x00,0x00,0x00,0x00,0x00,0x00,0x00,0x00,
    0x00,0x00,0x00,0x00,0x00,0x00,0x00,0x00,0x00,0x00,0x00,0x00,0x00,0x00,0x00,0x00,
    0x00,0x00,0x00,0x00,0x00,0x00,0x00,0x00,0x00,0x00,0x00,0x00,0x00,0x00,0x00,0x00,
    0x00,0x00,0x00,0x00,0x00,0x00,0x00,0x00,0x00,0x00,0x00,0x00,0x00,0x00,0x00,0x00,
    0x00,0x00,0x00,0x00,0x00,0x00,0x00,0x00,0x00,0x00,0x00,0x00,0x00,0x00,0x00,0x00,
    0x00,0x00,0x00,0x00,0x00,0x00,0x00,0x00,0x00,0x00,0x00,0x00,0x00,0x00,0x00,0x00,
    0x00,0x00,0x00,0x00,0x00,0x00,0x00,0x00,0x00,0x00,0x00,0x00,0x00,0x00,0x00,0x00,
    0x00,0x00,0x00,0x00,0x00,0x00,0x00,0x00,0x00,0x00,0x00,0x00,0x00,0x00,0x00,0x00,
    0x00,0x00,0x00,0x00,0x00,0x00,0x00,0x00,0x00,0x00,0x00,0x00,0x00,0x00,0x00,0x00,
    0x00,0x00,0x00,0x00,0x00,0x00,0x00,0x00,0x00,0x00,0x00,0x00,0x00,0x00,0x00,0x00,
    0x00,0x00,0x00,0x00,0x00,0x00,0x00,0x00,0x00,0x00,0x00,0x00,0x00,0x00,0x00,0x00,
    0x00,0x00,0x00,0x00,0x00,0x00,0x00,0x00,0x00,0x00,0x00,0x00,0x00,0x00,0x00,0x00,
    0x00,0x00,0x00,0x00,0x00,0x00,0x00,0x00,0x00,0x00,0x00,0x00,0x00,0x00,0x00,0x00,
    0x00,0x00,0x00,0x00,0x00,0x00,0x00,0x00,0x00,0x00,0x00,0x00,0x00,0x00,0x00,0x00,
    0x00,0x00,0x00,0x00,0x00,0x00,0x00,0x00,0x00,0x00,0x00,0x00,0x00,0x00,0x00,0x00,
    0x00,0x00,0x00,0x00,0x00,0x00,0x00,0x00,0x00,0x00,0x00,0x00,0x00,0x00,0x00,0x00,
    0x00,0x00,0x00,0x00,0x00,0x00,0x00,0x00,0x00,0x00,0x00,0x00,0x00,0x00,0x00,0x00,
    0x00,0x00,0x00,0x00,0x00,0x00,0x00,0x00,0x00,0x00,0x00,0x00,0x00,0x00,0x00,0x00,
    0x00,0x00,0x00,0x00,0x00,0x00,0x00,0x00,0x00,0x00,0x00,0x00,0x00,0x00,0x00,0x00,
};

static const uint8_t icon_data_trash_manager[] = {
    0x44,0x52,0x43,0x4F,0x20,0x00,0x20,0x00,0x20,0x00,0x00,0x00,0x00,0x00,0x00,0x00,
    0x00,0x00,0x00,0x00,0x00,0x00,0x00,0x00,0x00,0x00,0x00,0x00,0x00,0x00,0x00,0x00,
    0x00,0x00,0x00,0x00,0x00,0x00,0x00,0x00,0x00,0x00,0x00,0x00,0x00,0x00,0x00,0x00,
    0x00,0x00,0x00,0x00,0x00,0x00,0x00,0x00,0x00,0x00,0x00,0x00,0x00,0x00,0x00,0x00,
    0x00,0x00,0x00,0x00,0x00,0x00,0x00,0x00,0x00,0x00,0x00,0x00,0x00,0x00,0x00,0x00,
    0x00,0x00,0x00,0x00,0x00,0x00,0x00,0x00,0x00,0x00,0x00,0x00,0x00,0x00,0x00,0x00,
    0x00,0x00,0x00,0x00,0x00,0x00,0x00,0x00,0x00,0x00,0x00,0x00,0x00,0x00,0x00,0x00,
    0x00,0x00,0x00,0x00,0x00,0x00,0x00,0x00,0x00,0x00,0x00,0x00,0x00,0x00,0x00,0x00,
    0x00,0x00,0x00,0x00,0x00,0x00,0x00,0x00,0x00,0x00,0x00,0x00,0x00,0x00,0x00,0x00,
    0x00,0x00,0x00,0x00,0x00,0x00,0x00,0x00,0x00,0x00,0x00,0x00,0x00,0x00,0x00,0x00,
    0x00,0x00,0x00,0x00,0x00,0x00,0x00,0x00,0x00,0x00,0x00,0x00,0x00,0x00,0x00,0x00,
    0x00,0x00,0x00,0x00,0x00,0x00,0x00,0x00,0x00,0x00,0x00,0x00,0x00,0x00,0x00,0x00,
    0x00,0x00,0x00,0x00,0x00,0x00,0x00,0x00,0x00,0x00,0x00,0x00,0x00,0x00,0x00,0x00,
    0x00,0x00,0x00,0x00,0x00,0x00,0x00,0x00,0x00,0x00,0x00,0x00,0x00,0x00,0x00,0x00,
    0x00,0x00,0x00,0x00,0x00,0x00,0x00,0x00,0x00,0x00,0x00,0x00,0x00,0x00,0x00,0x00,
    0x00,0x00,0x00,0x00,0x00,0x00,0x00,0x00,0x00,0x00,0x00,0x00,0x00,0x00,0x00,0x00,
    0x00,0x00,0x00,0x00,0x00,0x00,0x00,0x00,0x00,0x00,0x00,0x00,0x00,0x00,0x00,0x00,
    0x00,0x00,0x00,0x00,0x00,0x00,0x00,0x00,0x00,0x00,0x00,0x00,0x00,0x00,0x00,0x00,
    0x00,0x00,0x00,0x00,0x00,0x00,0x00,0x00,0x00,0x00,0x00,0x00,0x00,0x00,0x00,0x00,
    0x00,0x00,0x00,0x00,0x00,0x00,0x00,0x00,0x00,0x00,0x00,0x00,0x00,0x00,0x00,0x00,
    0x00,0x00,0x00,0x00,0x00,0x00,0x00,0x00,0x00,0x00,0x00,0x00,0x00,0x00,0x00,0x00,
    0x00,0x00,0x00,0x00,0x00,0x00,0x00,0x00,0x00,0x00,0x00,0x00,0x00,0x00,0x00,0x00,
    0x00,0x00,0x00,0x00,0x00,0x00,0x00,0x00,0x00,0x00,0x00,0x00,0x00,0x00,0x00,0x00,
    0x00,0x00,0x00,0x00,0x00,0x00,0x00,0x00,0x00,0x00,0x00,0x00,0x00,0x00,0x00,0x00,
    0x00,0x00,0x00,0x00,0x00,0x00,0x00,0x00,0x00,0x00,0x00,0x00,0x00,0x00,0x00,0x00,
    0x00,0x00,0x00,0x00,0x00,0x00,0x00,0x00,0x00,0x00,0x00,0x00,0x00,0x00,0x00,0x00,
    0x00,0x00,0x00,0x00,0x00,0x00,0x00,0x00,0x00,0x00,0x00,0x00,0x00,0x00,0x00,0x00,
    0x00,0x00,0x00,0x00,0x00,0x00,0x00,0x00,0x00,0x00,0x00,0x00,0x3D,0x4D,0x94,0xFF,
    0x3D,0x4D,0x94,0xFF,0x3D,0x4D,0x94,0xFF,0x3D,0x4D,0x94,0xFF,0x3D,0x4D,0x94,0xFF,
    0x3D,0x4D,0x94,0xFF,0x3D,0x4D,0x94,0xFF,0x3D,0x4D,0x94,0xFF,0x3D,0x4D,0x94,0xFF,
    0x3D,0x4D,0x94,0xFF,0x3D,0x4D,0x94,0xFF,0x00,0x00,0x00,0x00,0x00,0x00,0x00,0x00,
    0x00,0x00,0x00,0x00,0x00,0x00,0x00,0x00,0x00,0x00,0x00,0x00,0x00,0x00,0x00,0x00,
    0x00,0x00,0x00,0x00,0x00,0x00,0x00,0x00,0x00,0x00,0x00,0x00,0x00,0x00,0x00,0x00,
    0x00,0x00,0x00,0x00,0x00,0x00,0x00,0x00,0x00,0x00,0x00,0x00,0x00,0x00,0x00,0x00,
    0x00,0x00,0x00,0x00,0x00,0x00,0x00,0x00,0x00,0x00,0x00,0x00,0x00,0x00,0x00,0x00,
    0x00,0x00,0x00,0x00,0x3D,0x4D,0x94,0xFF,0x3D,0x4D,0x94,0xFF,0x3D,0x4D,0x94,0xFF,
    0x1A,0x1A,0x2A,0xFF,0x1A,0x1A,0x2A,0xFF,0x1A,0x1A,0x2A,0xFF,0x1A,0x1A,0x2A,0xFF,
    0x1A,0x1A,0x2A,0xFF,0x1A,0x1A,0x2A,0xFF,0x1A,0x1A,0x2A,0xFF,0x1A,0x1A,0x2A,0xFF,
    0x1A,0x1A,0x2A,0xFF,0x3D,0x4D,0x94,0xFF,0x3D,0x4D,0x94,0xFF,0x3D,0x4D,0x94,0xFF,
    0x00,0x00,0x00,0x00,0x00,0x00,0x00,0x00,0x00,0x00,0x00,0x00,0x00,0x00,0x00,0x00,
    0x00,0x00,0x00,0x00,0x00,0x00,0x00,0x00,0x00,0x00,0x00,0x00,0x00,0x00,0x00,0x00,
    0x00,0x00,0x00,0x00,0x00,0x00,0x00,0x00,0x00,0x00,0x00,0x00,0x00,0x00,0x00,0x00,
    0x00,0x00,0x00,0x00,0x00,0x00,0x00,0x00,0x00,0x00,0x00,0x00,0x00,0x00,0x00,0x00,
    0x3D,0x4D,0x94,0xFF,0x3D,0x4D,0x94,0xFF,0x1A,0x1A,0x2A,0xFF,0x1A,0x1A,0x2A,0xFF,
    0x1A,0x1A,0x2A,0xFF,0x1A,0x1A,0x2A,0xFF,0x1A,0x1A,0x2A,0xFF,0x1A,0x1A,0x2A,0xFF,
    0x1A,0x1A,0x2A,0xFF,0x1A,0x1A,0x2A,0xFF,0x1A,0x1A,0x2A,0xFF,0x1A,0x1A,0x2A,0xFF,
    0x1A,0x1A,0x2A,0xFF,0x1A,0x1A,0x2A,0xFF,0x1A,0x1A,0x2A,0xFF,0x3D,0x4D,0x94,0xFF,
    0x3D,0x4D,0x94,0xFF,0x00,0x00,0x00,0x00,0x00,0x00,0x00,0x00,0x00,0x00,0x00,0x00,
    0x00,0x00,0x00,0x00,0x00,0x00,0x00,0x00,0x00,0x00,0x00,0x00,0x00,0x00,0x00,0x00,
    0x00,0x00,0x00,0x00,0x00,0x00,0x00,0x00,0x00,0x00,0x00,0x00,0x00,0x00,0x00,0x00,
    0x00,0x00,0x00,0x00,0x00,0x00,0x00,0x00,0x00,0x00,0x00,0x00,0x3D,0x4D,0x94,0xFF,
    0x1A,0x1A,0x2A,0xFF,0x1A,0x1A,0x2A,0xFF,0x1A,0x1A,0x2A,0xFF,0x1A,0x1A,0x2A,0xFF,
    0x1A,0x1A,0x2A,0xFF,0x1A,0x1A,0x2A,0xFF,0x1A,0x1A,0x2A,0xFF,0x1A,0x1A,0x2A,0xFF,
    0x1A,0x1A,0x2A,0xFF,0x1A,0x1A,0x2A,0xFF,0x1A,0x1A,0x2A,0xFF,0x1A,0x1A,0x2A,0xFF,
    0x1A,0x1A,0x2A,0xFF,0x1A,0x1A,0x2A,0xFF,0x1A,0x1A,0x2A,0xFF,0x1A,0x1A,0x2A,0xFF,
    0x1A,0x1A,0x2A,0xFF,0x3D,0x4D,0x94,0xFF,0x00,0x00,0x00,0x00,0x00,0x00,0x00,0x00,
    0x00,0x00,0x00,0x00,0x00,0x00,0x00,0x00,0x00,0x00,0x00,0x00,0x00,0x00,0x00,0x00,
    0x00,0x00,0x00,0x00,0x00,0x00,0x00,0x00,0x00,0x00,0x00,0x00,0x00,0x00,0x00,0x00,
    0x00,0x00,0x00,0x00,0x00,0x00,0x00,0x00,0x3D,0x4D,0x94,0xFF,0x1A,0x1A,0x2A,0xFF,
    0x1A,0x1A,0x2A,0xFF,0x1A,0x1A,0x2A,0xFF,0x1A,0x1A,0x2A,0xFF,0x1A,0x1A,0x2A,0xFF,
    0x1A,0x1A,0x2A,0xFF,0x1A,0x1A,0x2A,0xFF,0x1A,0x1A,0x2A,0xFF,0x1A,0x1A,0x2A,0xFF,
    0x1A,0x1A,0x2A,0xFF,0x1A,0x1A,0x2A,0xFF,0x1A,0x1A,0x2A,0xFF,0x1A,0x1A,0x2A,0xFF,
    0x1A,0x1A,0x2A,0xFF,0x1A,0x1A,0x2A,0xFF,0x1A,0x1A,0x2A,0xFF,0x1A,0x1A,0x2A,0xFF,
    0x1A,0x1A,0x2A,0xFF,0x1A,0x1A,0x2A,0xFF,0x3D,0x4D,0x94,0xFF,0x00,0x00,0x00,0x00,
    0x00,0x00,0x00,0x00,0x00,0x00,0x00,0x00,0x00,0x00,0x00,0x00,0x00,0x00,0x00,0x00,
    0x00,0x00,0x00,0x00,0x00,0x00,0x00,0x00,0x00,0x00,0x00,0x00,0x00,0x00,0x00,0x00,
    0x00,0x00,0x00,0x00,0x3D,0x4D,0x94,0xFF,0x1A,0x1A,0x2A,0xFF,0x1A,0x1A,0x2A,0xFF,
    0x1A,0x1A,0x2A,0xFF,0x1A,0x1A,0x2A,0xFF,0x1A,0x1A,0x2A,0xFF,0x1A,0x1A,0x2A,0xFF,
    0x1A,0x1A,0x2A,0xFF,0x1A,0x1A,0x2A,0xFF,0x1A,0x1A,0x2A,0xFF,0x1A,0x1A,0x2A,0xFF,
    0x1A,0x1A,0x2A,0xFF,0x1A,0x1A,0x2A,0xFF,0x1A,0x1A,0x2A,0xFF,0x1A,0x1A,0x2A,0xFF,
    0x1A,0x1A,0x2A,0xFF,0x1A,0x1A,0x2A,0xFF,0x1A,0x1A,0x2A,0xFF,0x1A,0x1A,0x2A,0xFF,
    0x1A,0x1A,0x2A,0xFF,0x1A,0x1A,0x2A,0xFF,0x1A,0x1A,0x2A,0xFF,0x3D,0x4D,0x94,0xFF,
    0x00,0x00,0x00,0x00,0x00,0x00,0x00,0x00,0x00,0x00,0x00,0x00,0x00,0x00,0x00,0x00,
    0x00,0x00,0x00,0x00,0x00,0x00,0x00,0x00,0x00,0x00,0x00,0x00,0x00,0x00,0x00,0x00,
    0x3D,0x4D,0x94,0xFF,0x3D,0x4D,0x94,0xFF,0x1A,0x1A,0x2A,0xFF,0x1A,0x1A,0x2A,0xFF,
    0x1A,0x1A,0x2A,0xFF,0x1A,0x1A,0x2A,0xFF,0x1A,0x1A,0x2A,0xFF,0x1A,0x1A,0x2A,0xFF,
    0x1A,0x1A,0x2A,0xFF,0x1A,0x1A,0x2A,0xFF,0x1A,0x1A,0x2A,0xFF,0x1A,0x1A,0x2A,0xFF,
    0x1A,0x1A,0x2A,0xFF,0x1A,0x1A,0x2A,0xFF,0x1A,0x1A,0x2A,0xFF,0x1A,0x1A,0x2A,0xFF,
    0x1A,0x1A,0x2A,0xFF,0x1A,0x1A,0x2A,0xFF,0x1A,0x1A,0x2A,0xFF,0x1A,0x1A,0x2A,0xFF,
    0x1A,0x1A,0x2A,0xFF,0x1A,0x1A,0x2A,0xFF,0x1A,0x1A,0x2A,0xFF,0x3D,0x4D,0x94,0xFF,
    0x3D,0x4D,0x94,0xFF,0x00,0x00,0x00,0x00,0x00,0x00,0x00,0x00,0x00,0x00,0x00,0x00,
    0x00,0x00,0x00,0x00,0x00,0x00,0x00,0x00,0x00,0x00,0x00,0x00,0x00,0x00,0x00,0x00,
    0x3D,0x4D,0x94,0xFF,0x1A,0x1A,0x2A,0xFF,0x1A,0x1A,0x2A,0xFF,0x1A,0x1A,0x2A,0xFF,
    0x1A,0x1A,0x2A,0xFF,0x1A,0x1A,0x2A,0xFF,0x1A,0x1A,0x2A,0xFF,0x1A,0x1A,0x2A,0xFF,
    0x1A,0x1A,0x2A,0xFF,0x1A,0x1A,0x2A,0xFF,0x1A,0x1A,0x2A,0xFF,0x1A,0x1A,0x2A,0xFF,
    0x1A,0x1A,0x2A,0xFF,0x1A,0x1A,0x2A,0xFF,0x1A,0x1A,0x2A,0xFF,0x1A,0x1A,0x2A,0xFF,
    0x1A,0x1A,0x2A,0xFF,0x1A,0x1A,0x2A,0xFF,0x1A,0x1A,0x2A,0xFF,0x1A,0x1A,0x2A,0xFF,
    0x1A,0x1A,0x2A,0xFF,0x1A,0x1A,0x2A,0xFF,0x1A,0x1A,0x2A,0xFF,0x1A,0x1A,0x2A,0xFF,
    0x3D,0x4D,0x94,0xFF,0x00,0x00,0x00,0x00,0x00,0x00,0x00,0x00,0x00,0x00,0x00,0x00,
    0x00,0x00,0x00,0x00,0x00,0x00,0x00,0x00,0x00,0x00,0x00,0x00,0x3D,0x4D,0x94,0xFF,
    0x3D,0x4D,0x94,0xFF,0x1A,0x1A,0x2A,0xFF,0x1A,0x1A,0x2A,0xFF,0x1A,0x1A,0x2A,0xFF,
    0x1A,0x1A,0x2A,0xFF,0x1A,0x1A,0x2A,0xFF,0x1A,0x1A,0x2A,0xFF,0x1A,0x1A,0x2A,0xFF,
    0x1A,0x1A,0x2A,0xFF,0x1A,0x1A,0x2A,0xFF,0x1A,0x1A,0x2A,0xFF,0x1A,0x1A,0x2A,0xFF,
    0x1A,0x1A,0x2A,0xFF,0x1A,0x1A,0x2A,0xFF,0x1A,0x1A,0x2A,0xFF,0x1A,0x1A,0x2A,0xFF,
    0x1A,0x1A,0x2A,0xFF,0x1A,0x1A,0x2A,0xFF,0x1A,0x1A,0x2A,0xFF,0x1A,0x1A,0x2A,0xFF,
    0x1A,0x1A,0x2A,0xFF,0x1A,0x1A,0x2A,0xFF,0x1A,0x1A,0x2A,0xFF,0x1A,0x1A,0x2A,0xFF,
    0x3D,0x4D,0x94,0xFF,0x3D,0x4D,0x94,0xFF,0x00,0x00,0x00,0x00,0x00,0x00,0x00,0x00,
    0x00,0x00,0x00,0x00,0x00,0x00,0x00,0x00,0x00,0x00,0x00,0x00,0x3D,0x4D,0x94,0xFF,
    0x1A,0x1A,0x2A,0xFF,0x1A,0x1A,0x2A,0xFF,0x1A,0x1A,0x2A,0xFF,0x1A,0x1A,0x2A,0xFF,
    0x1A,0x1A,0x2A,0xFF,0x1A,0x1A,0x2A,0xFF,0x1A,0x1A,0x2A,0xFF,0x1A,0x1A,0x2A,0xFF,
    0x1A,0x1A,0x2A,0xFF,0x1A,0x1A,0x2A,0xFF,0x1A,0x1A,0x2A,0xFF,0x1A,0x1A,0x2A,0xFF,
    0x1A,0x1A,0x2A,0xFF,0x1A,0x1A,0x2A,0xFF,0x1A,0x1A,0x2A,0xFF,0x1A,0x1A,0x2A,0xFF,
    0x1A,0x1A,0x2A,0xFF,0x1A,0x1A,0x2A,0xFF,0x1A,0x1A,0x2A,0xFF,0x1A,0x1A,0x2A,0xFF,
    0x1A,0x1A,0x2A,0xFF,0x1A,0x1A,0x2A,0xFF,0x1A,0x1A,0x2A,0xFF,0x1A,0x1A,0x2A,0xFF,
    0x1A,0x1A,0x2A,0xFF,0x3D,0x4D,0x94,0xFF,0x00,0x00,0x00,0x00,0x00,0x00,0x00,0x00,
    0x00,0x00,0x00,0x00,0x00,0x00,0x00,0x00,0x00,0x00,0x00,0x00,0x3D,0x4D,0x94,0xFF,
    0x1A,0x1A,0x2A,0xFF,0x1A,0x1A,0x2A,0xFF,0x1A,0x1A,0x2A,0xFF,0x1A,0x1A,0x2A,0xFF,
    0x1A,0x1A,0x2A,0xFF,0x1A,0x1A,0x2A,0xFF,0x1A,0x1A,0x2A,0xFF,0x1A,0x1A,0x2A,0xFF,
    0x1A,0x1A,0x2A,0xFF,0x1A,0x1A,0x2A,0xFF,0x1A,0x1A,0x2A,0xFF,0x1A,0x1A,0x2A,0xFF,
    0x1A,0x1A,0x2A,0xFF,0x1A,0x1A,0x2A,0xFF,0x1A,0x1A,0x2A,0xFF,0x1A,0x1A,0x2A,0xFF,
    0x1A,0x1A,0x2A,0xFF,0x1A,0x1A,0x2A,0xFF,0x1A,0x1A,0x2A,0xFF,0x1A,0x1A,0x2A,0xFF,
    0x1A,0x1A,0x2A,0xFF,0x1A,0x1A,0x2A,0xFF,0x1A,0x1A,0x2A,0xFF,0x1A,0x1A,0x2A,0xFF,
    0x1A,0x1A,0x2A,0xFF,0x3D,0x4D,0x94,0xFF,0x00,0x00,0x00,0x00,0x00,0x00,0x00,0x00,
    0x00,0x00,0x00,0x00,0x00,0x00,0x00,0x00,0x00,0x00,0x00,0x00,0x3D,0x4D,0x94,0xFF,
    0x1A,0x1A,0x2A,0xFF,0x1A,0x1A,0x2A,0xFF,0x1A,0x1A,0x2A,0xFF,0x1A,0x1A,0x2A,0xFF,
    0x1A,0x1A,0x2A,0xFF,0x1A,0x1A,0x2A,0xFF,0x1A,0x1A,0x2A,0xFF,0x1A,0x1A,0x2A,0xFF,
    0x1A,0x1A,0x2A,0xFF,0x1A,0x1A,0x2A,0xFF,0x1A,0x1A,0x2A,0xFF,0x1A,0x1A,0x2A,0xFF,
    0x1A,0x1A,0x2A,0xFF,0x1A,0x1A,0x2A,0xFF,0x1A,0x1A,0x2A,0xFF,0x1A,0x1A,0x2A,0xFF,
    0x1A,0x1A,0x2A,0xFF,0x1A,0x1A,0x2A,0xFF,0x1A,0x1A,0x2A,0xFF,0x1A,0x1A,0x2A,0xFF,
    0x1A,0x1A,0x2A,0xFF,0x1A,0x1A,0x2A,0xFF,0x1A,0x1A,0x2A,0xFF,0x1A,0x1A,0x2A,0xFF,
    0x1A,0x1A,0x2A,0xFF,0x3D,0x4D,0x94,0xFF,0x00,0x00,0x00,0x00,0x00,0x00,0x00,0x00,
    0x00,0x00,0x00,0x00,0x00,0x00,0x00,0x00,0x00,0x00,0x00,0x00,0x3D,0x4D,0x94,0xFF,
    0x1A,0x1A,0x2A,0xFF,0x1A,0x1A,0x2A,0xFF,0x1A,0x1A,0x2A,0xFF,0x1A,0x1A,0x2A,0xFF,
    0x1A,0x1A,0x2A,0xFF,0x1A,0x1A,0x2A,0xFF,0x1A,0x1A,0x2A,0xFF,0x1A,0x1A,0x2A,0xFF,
    0x1A,0x1A,0x2A,0xFF,0x1A,0x1A,0x2A,0xFF,0x1A,0x1A,0x2A,0xFF,0x1A,0x1A,0x2A,0xFF,
    0x1A,0x1A,0x2A,0xFF,0x1A,0x1A,0x2A,0xFF,0x1A,0x1A,0x2A,0xFF,0x1A,0x1A,0x2A,0xFF,
    0x1A,0x1A,0x2A,0xFF,0x1A,0x1A,0x2A,0xFF,0x1A,0x1A,0x2A,0xFF,0x1A,0x1A,0x2A,0xFF,
    0x1A,0x1A,0x2A,0xFF,0x1A,0x1A,0x2A,0xFF,0x1A,0x1A,0x2A,0xFF,0x1A,0x1A,0x2A,0xFF,
    0x1A,0x1A,0x2A,0xFF,0x3D,0x4D,0x94,0xFF,0x00,0x00,0x00,0x00,0x00,0x00,0x00,0x00,
    0x00,0x00,0x00,0x00,0x00,0x00,0x00,0x00,0x00,0x00,0x00,0x00,0x3D,0x4D,0x94,0xFF,
    0x1A,0x1A,0x2A,0xFF,0x1A,0x1A,0x2A,0xFF,0x1A,0x1A,0x2A,0xFF,0x1A,0x1A,0x2A,0xFF,
    0x1A,0x1A,0x2A,0xFF,0x1A,0x1A,0x2A,0xFF,0x1A,0x1A,0x2A,0xFF,0x1A,0x1A,0x2A,0xFF,
    0x1A,0x1A,0x2A,0xFF,0x1A,0x1A,0x2A,0xFF,0x1A,0x1A,0x2A,0xFF,0x1A,0x1A,0x2A,0xFF,
    0x1A,0x1A,0x2A,0xFF,0x1A,0x1A,0x2A,0xFF,0x1A,0x1A,0x2A,0xFF,0x1A,0x1A,0x2A,0xFF,
    0x1A,0x1A,0x2A,0xFF,0x1A,0x1A,0x2A,0xFF,0x1A,0x1A,0x2A,0xFF,0x1A,0x1A,0x2A,0xFF,
    0x1A,0x1A,0x2A,0xFF,0x1A,0x1A,0x2A,0xFF,0x1A,0x1A,0x2A,0xFF,0x1A,0x1A,0x2A,0xFF,
    0x1A,0x1A,0x2A,0xFF,0x3D,0x4D,0x94,0xFF,0x00,0x00,0x00,0x00,0x00,0x00,0x00,0x00,
    0x00,0x00,0x00,0x00,0x00,0x00,0x00,0x00,0x00,0x00,0x00,0x00,0x3D,0x4D,0x94,0xFF,
    0x1A,0x1A,0x2A,0xFF,0x1A,0x1A,0x2A,0xFF,0x1A,0x1A,0x2A,0xFF,0x1A,0x1A,0x2A,0xFF,
    0x1A,0x1A,0x2A,0xFF,0x1A,0x1A,0x2A,0xFF,0x1A,0x1A,0x2A,0xFF,0x1A,0x1A,0x2A,0xFF,
    0x1A,0x1A,0x2A,0xFF,0x1A,0x1A,0x2A,0xFF,0x1A,0x1A,0x2A,0xFF,0x1A,0x1A,0x2A,0xFF,
    0x1A,0x1A,0x2A,0xFF,0x1A,0x1A,0x2A,0xFF,0x1A,0x1A,0x2A,0xFF,0x1A,0x1A,0x2A,0xFF,
    0x1A,0x1A,0x2A,0xFF,0x1A,0x1A,0x2A,0xFF,0x1A,0x1A,0x2A,0xFF,0x1A,0x1A,0x2A,0xFF,
    0x1A,0x1A,0x2A,0xFF,0x1A,0x1A,0x2A,0xFF,0x1A,0x1A,0x2A,0xFF,0x1A,0x1A,0x2A,0xFF,
    0x1A,0x1A,0x2A,0xFF,0x3D,0x4D,0x94,0xFF,0x00,0x00,0x00,0x00,0x00,0x00,0x00,0x00,
    0x00,0x00,0x00,0x00,0x00,0x00,0x00,0x00,0x00,0x00,0x00,0x00,0x3D,0x4D,0x94,0xFF,
    0x1A,0x1A,0x2A,0xFF,0x1A,0x1A,0x2A,0xFF,0x1A,0x1A,0x2A,0xFF,0x1A,0x1A,0x2A,0xFF,
    0x1A,0x1A,0x2A,0xFF,0x1A,0x1A,0x2A,0xFF,0x1A,0x1A,0x2A,0xFF,0x1A,0x1A,0x2A,0xFF,
    0x1A,0x1A,0x2A,0xFF,0x1A,0x1A,0x2A,0xFF,0x1A,0x1A,0x2A,0xFF,0x1A,0x1A,0x2A,0xFF,
    0x1A,0x1A,0x2A,0xFF,0x1A,0x1A,0x2A,0xFF,0x1A,0x1A,0x2A,0xFF,0x1A,0x1A,0x2A,0xFF,
    0x1A,0x1A,0x2A,0xFF,0x1A,0x1A,0x2A,0xFF,0x1A,0x1A,0x2A,0xFF,0x1A,0x1A,0x2A,0xFF,
    0x1A,0x1A,0x2A,0xFF,0x1A,0x1A,0x2A,0xFF,0x1A,0x1A,0x2A,0xFF,0x1A,0x1A,0x2A,0xFF,
    0x1A,0x1A,0x2A,0xFF,0x3D,0x4D,0x94,0xFF,0x00,0x00,0x00,0x00,0x00,0x00,0x00,0x00,
    0x00,0x00,0x00,0x00,0x00,0x00,0x00,0x00,0x00,0x00,0x00,0x00,0x3D,0x4D,0x94,0xFF,
    0x1A,0x1A,0x2A,0xFF,0x1A,0x1A,0x2A,0xFF,0x1A,0x1A,0x2A,0xFF,0x1A,0x1A,0x2A,0xFF,
    0x1A,0x1A,0x2A,0xFF,0x1A,0x1A,0x2A,0xFF,0x1A,0x1A,0x2A,0xFF,0x1A,0x1A,0x2A,0xFF,
    0x1A,0x1A,0x2A,0xFF,0x1A,0x1A,0x2A,0xFF,0x1A,0x1A,0x2A,0xFF,0x1A,0x1A,0x2A,0xFF,
    0x1A,0x1A,0x2A,0xFF,0x1A,0x1A,0x2A,0xFF,0x1A,0x1A,0x2A,0xFF,0x1A,0x1A,0x2A,0xFF,
    0x1A,0x1A,0x2A,0xFF,0x1A,0x1A,0x2A,0xFF,0x1A,0x1A,0x2A,0xFF,0x1A,0x1A,0x2A,0xFF,
    0x1A,0x1A,0x2A,0xFF,0x1A,0x1A,0x2A,0xFF,0x1A,0x1A,0x2A,0xFF,0x1A,0x1A,0x2A,0xFF,
    0x1A,0x1A,0x2A,0xFF,0x3D,0x4D,0x94,0xFF,0x00,0x00,0x00,0x00,0x00,0x00,0x00,0x00,
    0x00,0x00,0x00,0x00,0x00,0x00,0x00,0x00,0x00,0x00,0x00,0x00,0x3D,0x4D,0x94,0xFF,
    0x1A,0x1A,0x2A,0xFF,0x1A,0x1A,0x2A,0xFF,0x1A,0x1A,0x2A,0xFF,0x1A,0x1A,0x2A,0xFF,
    0x1A,0x1A,0x2A,0xFF,0x1A,0x1A,0x2A,0xFF,0x1A,0x1A,0x2A,0xFF,0x1A,0x1A,0x2A,0xFF,
    0x1A,0x1A,0x2A,0xFF,0x1A,0x1A,0x2A,0xFF,0x1A,0x1A,0x2A,0xFF,0x1A,0x1A,0x2A,0xFF,
    0x1A,0x1A,0x2A,0xFF,0x1A,0x1A,0x2A,0xFF,0x1A,0x1A,0x2A,0xFF,0x1A,0x1A,0x2A,0xFF,
    0x1A,0x1A,0x2A,0xFF,0x1A,0x1A,0x2A,0xFF,0x1A,0x1A,0x2A,0xFF,0x1A,0x1A,0x2A,0xFF,
    0x1A,0x1A,0x2A,0xFF,0x1A,0x1A,0x2A,0xFF,0x1A,0x1A,0x2A,0xFF,0x1A,0x1A,0x2A,0xFF,
    0x1A,0x1A,0x2A,0xFF,0x3D,0x4D,0x94,0xFF,0x00,0x00,0x00,0x00,0x00,0x00,0x00,0x00,
    0x00,0x00,0x00,0x00,0x00,0x00,0x00,0x00,0x00,0x00,0x00,0x00,0x3D,0x4D,0x94,0xFF,
    0x3D,0x4D,0x94,0xFF,0x1A,0x1A,0x2A,0xFF,0x1A,0x1A,0x2A,0xFF,0x1A,0x1A,0x2A,0xFF,
    0x1A,0x1A,0x2A,0xFF,0x1A,0x1A,0x2A,0xFF,0x1A,0x1A,0x2A,0xFF,0x1A,0x1A,0x2A,0xFF,
    0x1A,0x1A,0x2A,0xFF,0x1A,0x1A,0x2A,0xFF,0x1A,0x1A,0x2A,0xFF,0x1A,0x1A,0x2A,0xFF,
    0x1A,0x1A,0x2A,0xFF,0x1A,0x1A,0x2A,0xFF,0x1A,0x1A,0x2A,0xFF,0x1A,0x1A,0x2A,0xFF,
    0x1A,0x1A,0x2A,0xFF,0x1A,0x1A,0x2A,0xFF,0x1A,0x1A,0x2A,0xFF,0x1A,0x1A,0x2A,0xFF,
    0x1A,0x1A,0x2A,0xFF,0x1A,0x1A,0x2A,0xFF,0x1A,0x1A,0x2A,0xFF,0x1A,0x1A,0x2A,0xFF,
    0x3D,0x4D,0x94,0xFF,0x3D,0x4D,0x94,0xFF,0x00,0x00,0x00,0x00,0x00,0x00,0x00,0x00,
    0x00,0x00,0x00,0x00,0x00,0x00,0x00,0x00,0x00,0x00,0x00,0x00,0x00,0x00,0x00,0x00,
    0x3D,0x4D,0x94,0xFF,0x1A,0x1A,0x2A,0xFF,0x1A,0x1A,0x2A,0xFF,0x1A,0x1A,0x2A,0xFF,
    0x1A,0x1A,0x2A,0xFF,0x1A,0x1A,0x2A,0xFF,0x1A,0x1A,0x2A,0xFF,0x1A,0x1A,0x2A,0xFF,
    0x1A,0x1A,0x2A,0xFF,0x1A,0x1A,0x2A,0xFF,0x1A,0x1A,0x2A,0xFF,0x1A,0x1A,0x2A,0xFF,
    0x1A,0x1A,0x2A,0xFF,0x1A,0x1A,0x2A,0xFF,0x1A,0x1A,0x2A,0xFF,0x1A,0x1A,0x2A,0xFF,
    0x1A,0x1A,0x2A,0xFF,0x1A,0x1A,0x2A,0xFF,0x1A,0x1A,0x2A,0xFF,0x1A,0x1A,0x2A,0xFF,
    0x1A,0x1A,0x2A,0xFF,0x1A,0x1A,0x2A,0xFF,0x1A,0x1A,0x2A,0xFF,0x1A,0x1A,0x2A,0xFF,
    0x3D,0x4D,0x94,0xFF,0x00,0x00,0x00,0x00,0x00,0x00,0x00,0x00,0x00,0x00,0x00,0x00,
    0x00,0x00,0x00,0x00,0x00,0x00,0x00,0x00,0x00,0x00,0x00,0x00,0x00,0x00,0x00,0x00,
    0x3D,0x4D,0x94,0xFF,0x3D,0x4D,0x94,0xFF,0x1A,0x1A,0x2A,0xFF,0x1A,0x1A,0x2A,0xFF,
    0x1A,0x1A,0x2A,0xFF,0x1A,0x1A,0x2A,0xFF,0x1A,0x1A,0x2A,0xFF,0x1A,0x1A,0x2A,0xFF,
    0x1A,0x1A,0x2A,0xFF,0x1A,0x1A,0x2A,0xFF,0x1A,0x1A,0x2A,0xFF,0x1A,0x1A,0x2A,0xFF,
    0x1A,0x1A,0x2A,0xFF,0x1A,0x1A,0x2A,0xFF,0x1A,0x1A,0x2A,0xFF,0x1A,0x1A,0x2A,0xFF,
    0x1A,0x1A,0x2A,0xFF,0x1A,0x1A,0x2A,0xFF,0x1A,0x1A,0x2A,0xFF,0x1A,0x1A,0x2A,0xFF,
    0x1A,0x1A,0x2A,0xFF,0x1A,0x1A,0x2A,0xFF,0x1A,0x1A,0x2A,0xFF,0x3D,0x4D,0x94,0xFF,
    0x3D,0x4D,0x94,0xFF,0x00,0x00,0x00,0x00,0x00,0x00,0x00,0x00,0x00,0x00,0x00,0x00,
    0x00,0x00,0x00,0x00,0x00,0x00,0x00,0x00,0x00,0x00,0x00,0x00,0x00,0x00,0x00,0x00,
    0x00,0x00,0x00,0x00,0x3D,0x4D,0x94,0xFF,0x1A,0x1A,0x2A,0xFF,0x1A,0x1A,0x2A,0xFF,
    0x1A,0x1A,0x2A,0xFF,0x1A,0x1A,0x2A,0xFF,0x1A,0x1A,0x2A,0xFF,0x1A,0x1A,0x2A,0xFF,
    0x1A,0x1A,0x2A,0xFF,0x1A,0x1A,0x2A,0xFF,0x1A,0x1A,0x2A,0xFF,0x1A,0x1A,0x2A,0xFF,
    0x1A,0x1A,0x2A,0xFF,0x1A,0x1A,0x2A,0xFF,0x1A,0x1A,0x2A,0xFF,0x1A,0x1A,0x2A,0xFF,
    0x1A,0x1A,0x2A,0xFF,0x1A,0x1A,0x2A,0xFF,0x1A,0x1A,0x2A,0xFF,0x1A,0x1A,0x2A,0xFF,
    0x1A,0x1A,0x2A,0xFF,0x1A,0x1A,0x2A,0xFF,0x1A,0x1A,0x2A,0xFF,0x3D,0x4D,0x94,0xFF,
    0x00,0x00,0x00,0x00,0x00,0x00,0x00,0x00,0x00,0x00,0x00,0x00,0x00,0x00,0x00,0x00,
    0x00,0x00,0x00,0x00,0x00,0x00,0x00,0x00,0x00,0x00,0x00,0x00,0x00,0x00,0x00,0x00,
    0x00,0x00,0x00,0x00,0x00,0x00,0x00,0x00,0x3D,0x4D,0x94,0xFF,0x1A,0x1A,0x2A,0xFF,
    0x1A,0x1A,0x2A,0xFF,0x1A,0x1A,0x2A,0xFF,0x1A,0x1A,0x2A,0xFF,0x1A,0x1A,0x2A,0xFF,
    0x1A,0x1A,0x2A,0xFF,0x1A,0x1A,0x2A,0xFF,0x1A,0x1A,0x2A,0xFF,0x1A,0x1A,0x2A,0xFF,
    0x1A,0x1A,0x2A,0xFF,0x1A,0x1A,0x2A,0xFF,0x1A,0x1A,0x2A,0xFF,0x1A,0x1A,0x2A,0xFF,
    0x1A,0x1A,0x2A,0xFF,0x1A,0x1A,0x2A,0xFF,0x1A,0x1A,0x2A,0xFF,0x1A,0x1A,0x2A,0xFF,
    0x1A,0x1A,0x2A,0xFF,0x1A,0x1A,0x2A,0xFF,0x3D,0x4D,0x94,0xFF,0x00,0x00,0x00,0x00,
    0x00,0x00,0x00,0x00,0x00,0x00,0x00,0x00,0x00,0x00,0x00,0x00,0x00,0x00,0x00,0x00,
    0x00,0x00,0x00,0x00,0x00,0x00,0x00,0x00,0x00,0x00,0x00,0x00,0x00,0x00,0x00,0x00,
    0x00,0x00,0x00,0x00,0x00,0x00,0x00,0x00,0x00,0x00,0x00,0x00,0x3D,0x4D,0x94,0xFF,
    0x1A,0x1A,0x2A,0xFF,0x1A,0x1A,0x2A,0xFF,0x1A,0x1A,0x2A,0xFF,0x1A,0x1A,0x2A,0xFF,
    0x1A,0x1A,0x2A,0xFF,0x1A,0x1A,0x2A,0xFF,0x1A,0x1A,0x2A,0xFF,0x1A,0x1A,0x2A,0xFF,
    0x1A,0x1A,0x2A,0xFF,0x1A,0x1A,0x2A,0xFF,0x1A,0x1A,0x2A,0xFF,0x1A,0x1A,0x2A,0xFF,
    0x1A,0x1A,0x2A,0xFF,0x1A,0x1A,0x2A,0xFF,0x1A,0x1A,0x2A,0xFF,0x1A,0x1A,0x2A,0xFF,
    0x1A,0x1A,0x2A,0xFF,0x3D,0x4D,0x94,0xFF,0x00,0x00,0x00,0x00,0x00,0x00,0x00,0x00,
    0x00,0x00,0x00,0x00,0x00,0x00,0x00,0x00,0x00,0x00,0x00,0x00,0x00,0x00,0x00,0x00,
    0x00,0x00,0x00,0x00,0x00,0x00,0x00,0x00,0x00,0x00,0x00,0x00,0x00,0x00,0x00,0x00,
    0x00,0x00,0x00,0x00,0x00,0x00,0x00,0x00,0x00,0x00,0x00,0x00,0x00,0x00,0x00,0x00,
    0x3D,0x4D,0x94,0xFF,0x3D,0x4D,0x94,0xFF,0x1A,0x1A,0x2A,0xFF,0x1A,0x1A,0x2A,0xFF,
    0x1A,0x1A,0x2A,0xFF,0x1A,0x1A,0x2A,0xFF,0x1A,0x1A,0x2A,0xFF,0x1A,0x1A,0x2A,0xFF,
    0x1A,0x1A,0x2A,0xFF,0x1A,0x1A,0x2A,0xFF,0x1A,0x1A,0x2A,0xFF,0x1A,0x1A,0x2A,0xFF,
    0x1A,0x1A,0x2A,0xFF,0x1A,0x1A,0x2A,0xFF,0x1A,0x1A,0x2A,0xFF,0x3D,0x4D,0x94,0xFF,
    0x3D,0x4D,0x94,0xFF,0x00,0x00,0x00,0x00,0x00,0x00,0x00,0x00,0x00,0x00,0x00,0x00,
    0x00,0x00,0x00,0x00,0x00,0x00,0x00,0x00,0x00,0x00,0x00,0x00,0x00,0x00,0x00,0x00,
    0x00,0x00,0x00,0x00,0x00,0x00,0x00,0x00,0x00,0x00,0x00,0x00,0x00,0x00,0x00,0x00,
    0x00,0x00,0x00,0x00,0x00,0x00,0x00,0x00,0x00,0x00,0x00,0x00,0x00,0x00,0x00,0x00,
    0x00,0x00,0x00,0x00,0x3D,0x4D,0x94,0xFF,0x3D,0x4D,0x94,0xFF,0x3D,0x4D,0x94,0xFF,
    0x1A,0x1A,0x2A,0xFF,0x1A,0x1A,0x2A,0xFF,0x1A,0x1A,0x2A,0xFF,0x1A,0x1A,0x2A,0xFF,
    0x1A,0x1A,0x2A,0xFF,0x1A,0x1A,0x2A,0xFF,0x1A,0x1A,0x2A,0xFF,0x1A,0x1A,0x2A,0xFF,
    0x1A,0x1A,0x2A,0xFF,0x3D,0x4D,0x94,0xFF,0x3D,0x4D,0x94,0xFF,0x3D,0x4D,0x94,0xFF,
    0x00,0x00,0x00,0x00,0x00,0x00,0x00,0x00,0x00,0x00,0x00,0x00,0x00,0x00,0x00,0x00,
    0x00,0x00,0x00,0x00,0x00,0x00,0x00,0x00,0x00,0x00,0x00,0x00,0x00,0x00,0x00,0x00,
    0x00,0x00,0x00,0x00,0x00,0x00,0x00,0x00,0x00,0x00,0x00,0x00,0x00,0x00,0x00,0x00,
    0x00,0x00,0x00,0x00,0x00,0x00,0x00,0x00,0x00,0x00,0x00,0x00,0x00,0x00,0x00,0x00,
    0x00,0x00,0x00,0x00,0x00,0x00,0x00,0x00,0x00,0x00,0x00,0x00,0x3D,0x4D,0x94,0xFF,
    0x3D,0x4D,0x94,0xFF,0x3D,0x4D,0x94,0xFF,0x3D,0x4D,0x94,0xFF,0x3D,0x4D,0x94,0xFF,
    0x3D,0x4D,0x94,0xFF,0x3D,0x4D,0x94,0xFF,0x3D,0x4D,0x94,0xFF,0x3D,0x4D,0x94,0xFF,
    0x3D,0x4D,0x94,0xFF,0x3D,0x4D,0x94,0xFF,0x00,0x00,0x00,0x00,0x00,0x00,0x00,0x00,
    0x00,0x00,0x00,0x00,0x00,0x00,0x00,0x00,0x00,0x00,0x00,0x00,0x00,0x00,0x00,0x00,
    0x00,0x00,0x00,0x00,0x00,0x00,0x00,0x00,0x00,0x00,0x00,0x00,0x00,0x00,0x00,0x00,
    0x00,0x00,0x00,0x00,0x00,0x00,0x00,0x00,0x00,0x00,0x00,0x00,0x00,0x00,0x00,0x00,
    0x00,0x00,0x00,0x00,0x00,0x00,0x00,0x00,0x00,0x00,0x00,0x00,0x00,0x00,0x00,0x00,
    0x00,0x00,0x00,0x00,0x00,0x00,0x00,0x00,0x00,0x00,0x00,0x00,0x00,0x00,0x00,0x00,
    0x00,0x00,0x00,0x00,0x00,0x00,0x00,0x00,0x00,0x00,0x00,0x00,0x00,0x00,0x00,0x00,
    0x00,0x00,0x00,0x00,0x00,0x00,0x00,0x00,0x00,0x00,0x00,0x00,0x00,0x00,0x00,0x00,
    0x00,0x00,0x00,0x00,0x00,0x00,0x00,0x00,0x00,0x00,0x00,0x00,0x00,0x00,0x00,0x00,
    0x00,0x00,0x00,0x00,0x00,0x00,0x00,0x00,0x00,0x00,0x00,0x00,0x00,0x00,0x00,0x00,
    0x00,0x00,0x00,0x00,0x00,0x00,0x00,0x00,0x00,0x00,0x00,0x00,0x00,0x00,0x00,0x00,
    0x00,0x00,0x00,0x00,0x00,0x00,0x00,0x00,0x00,0x00,0x00,0x00,0x00,0x00,0x00,0x00,
    0x00,0x00,0x00,0x00,0x00,0x00,0x00,0x00,0x00,0x00,0x00,0x00,0x00,0x00,0x00,0x00,
    0x00,0x00,0x00,0x00,0x00,0x00,0x00,0x00,0x00,0x00,0x00,0x00,0x00,0x00,0x00,0x00,
    0x00,0x00,0x00,0x00,0x00,0x00,0x00,0x00,0x00,0x00,0x00,0x00,0x00,0x00,0x00,0x00,
    0x00,0x00,0x00,0x00,0x00,0x00,0x00,0x00,0x00,0x00,0x00,0x00,0x00,0x00,0x00,0x00,
    0x00,0x00,0x00,0x00,0x00,0x00,0x00,0x00,0x00,0x00,0x00,0x00,0x00,0x00,0x00,0x00,
    0x00,0x00,0x00,0x00,0x00,0x00,0x00,0x00,0x00,0x00,0x00,0x00,0x00,0x00,0x00,0x00,
    0x00,0x00,0x00,0x00,0x00,0x00,0x00,0x00,0x00,0x00,0x00,0x00,0x00,0x00,0x00,0x00,
};

static const builtin_icon_t builtin_icons[] = {
    { "Terminal", "terminal.dxi", icon_data_terminal, 4112u },
    { "File Manager", "file-manager.dxi", icon_data_file_manager, 4112u },
    { "Text Editor", "text-editor.dxi", icon_data_text_editor, 4112u },
    { "Calculator", "calculator.dxi", icon_data_calculator, 4112u },
    { "Settings", "settings.dxi", icon_data_settings, 4112u },
    { "System Monitor", "system-monitor.dxi", icon_data_system_monitor, 4112u },
    { "Package Manager", "package-manager.dxi", icon_data_package_manager, 4112u },
    { "Draco Shield", "draco-shield.dxi", icon_data_draco_shield, 4112u },
    { "Draco Manager", "draco-manager.dxi", icon_data_draco_manager, 4112u },
    { "Login Manager", "login-manager.dxi", icon_data_login_manager, 4112u },
    { "Paint", "paint.dxi", icon_data_paint, 4112u },
    { "Image Viewer", "image-viewer.dxi", icon_data_image_viewer, 4112u },
    { "Media Player", "media-player.dxi", icon_data_media_player, 4112u },
    { "Disk Manager", "disk-manager.dxi", icon_data_disk_manager, 4112u },
    { "Trash Manager", "trash-manager.dxi", icon_data_trash_manager, 4112u },
};
#define BUILTIN_ICON_COUNT 15

#endif /* ICON_DATA_H */
